"color","director_name","num_critic_for_reviews","duration","director_facebook_likes","actor_3_facebook_likes","actor_2_name","actor_1_facebook_likes","gross","genres","actor_1_name","movie_title","num_voted_users","cast_total_facebook_likes","actor_3_name","facenumber_in_poster","plot_keywords","movie_imdb_link","num_user_for_reviews","language","country","content_rating","budget","title_year","actor_2_facebook_likes","imdb_score","aspect_ratio","movie_facebook_likes"
"Color","Terrence Malick",584,139,0,687,"Tye Sheridan",11000,13303319,"Drama|Fantasy","Brad Pitt","The Tree of Life ",136367,13021,"Fiona Shaw",0,"1950s|children|ice cube|texas|waco texas","http://www.imdb.com/title/tt0478304/?ref_=fn_tt_tt_1",975,"English","USA","PG-13",3.2e+07,2011,1000,6.7,1.85,39000
"Color","Richard Dutcher",12,119,13,25,"Frank Gerrish",957,798341,"Crime|Drama|Mystery","Wilford Brimley","Brigham City ",983,1107,"Rick Macy",0,"fbi agent|mormon|prayer|sheriff|utah","http://www.imdb.com/title/tt0268200/?ref_=fn_tt_tt_1",63,"English","USA","PG-13",1e+06,2001,81,7.2,1.85,100
"","Tung-Shing Yee",53,119,3,19,"Daniel Wu",556,NA,"Action|Crime|Drama|Thriller","Bingbing Fan","Shinjuku Incident ",9177,996,"Yasuaki Kurata",4,"chinese|gang|gratitude|immigrant|japan","http://www.imdb.com/title/tt1075419/?ref_=fn_tt_tt_1",53,"Mandarin","Hong Kong","R",1.5e+07,2009,353,7.1,2.35,821
"Color","Derek Cianfrance",417,140,310,619,"Ben Mendelsohn",33000,21383298,"Crime|Drama|Thriller","Ryan Gosling","The Place Beyond the Pines ",187170,34413,"Angelo Anthony Pizza",3,"bank|carnival|motorcycle|police|rookie cop","http://www.imdb.com/title/tt1817273/?ref_=fn_tt_tt_1",376,"English","USA","R",1.5e+07,2012,748,7.3,2.35,47000
"Color","Ethan Coen",535,104,1000,272,"Max Casella",3000,13214255,"Drama|Music","Justin Timberlake","Inside Llewyn Davis ",96233,4082,"Alex Karpovsky",1,"1960s|car hitting an animal|folk singer|friend|singer","http://www.imdb.com/title/tt2042568/?ref_=fn_tt_tt_1",313,"English","USA","R",1.1e+07,2013,275,7.4,1.85,26000
"Color","Peter Hewitt",63,83,12,690,"Rip Torn",2000,11631245,"Action|Adventure|Family|Sci-Fi","Kevin Zegers","Zoom ",15015,5022,"Thomas F. Wilson",5,"bruise|female hero|super strength|superhero|teenage superhero","http://www.imdb.com/title/tt0383060/?ref_=fn_tt_tt_1",113,"English","USA","PG",3.5e+07,2006,826,4.2,1.85,494
"Color","Christopher Morris",246,97,69,106,"Riz Ahmed",414,304137,"Comedy|Crime|Drama","Kayvan Novak","Four Lions ",55982,1269,"Alex Macqueen",0,"accidental shooting|bird|crow|exploding animal|muslim","http://www.imdb.com/title/tt1341167/?ref_=fn_tt_tt_1",148,"English","UK","R",NA,2010,365,7.3,1.85,17000
"Color","Peter Berg",234,110,532,461,"Frances Fisher",3000,47456450,"Action|Drama|Thriller","Jennifer Garner","The Kingdom ",101386,5187,"Tim McGraw",1,"al qaeda|bomb making|fbi|saudi arabia|stabbed in the crotch","http://www.imdb.com/title/tt0431197/?ref_=fn_tt_tt_1",289,"English","USA","R",7e+07,2007,638,7.1,2.35,0
"Color","Maggie Greenwald",39,109,9,280,"David Patrick Kelly",767,3050934,"Drama|Music","Aidan Quinn","Songcatcher ",2794,2187,"Jane Adams",1,"doctor|mountain|musician|song|university","http://www.imdb.com/title/tt0210299/?ref_=fn_tt_tt_1",78,"English","USA","PG-13",1800000,2000,380,7.3,1.85,0
"Color","Spike Lee",230,129,0,277,"James Ransone",18000,88504640,"Crime|Drama|Mystery|Thriller","Denzel Washington","Inside Man ",273108,19148,"Peter Gerety",2,"bank|detective|negotiation|police|robber","http://www.imdb.com/title/tt0454848/?ref_=fn_tt_tt_1",646,"English","USA","R",4.5e+07,2006,412,7.6,2.35,0
"Color","Mark Neveldine",170,93,83,501,"Edi Gathegi",26000,27829874,"Action|Crime|Thriller","Jason Statham","Crank ",196422,28767,"Jose Pablo Cantillo",1,"assassin|cult film|doctor|heart|poison","http://www.imdb.com/title/tt0479884/?ref_=fn_tt_tt_1",444,"English","USA","R",1.2e+07,2006,725,7,1.78,0
"Color","George Gallo",45,88,269,384,"Eddie Griffin",1000,20218,"Action|Comedy|Crime|Thriller","Daniel Roebuck","Double Take ",5431,2557,"Garcelle Beauvais",2,"cia|cia agent|fbi|mexico|train","http://www.imdb.com/title/tt0238948/?ref_=fn_tt_tt_1",50,"English","USA","PG-13",2.4e+07,2001,489,5.3,2.35,204
" Black and White","Shane Meadows",44,96,222,20,"Annette Badland",5000,NA,"Comedy|Drama|Romance|Sport","Bob Hoskins","24 7: Twenty Four Seven ",2081,5535,"Karl Collins",2,"fight|gang|hiking|wales|working class","http://www.imdb.com/title/tt0120391/?ref_=fn_tt_tt_1",21,"English","UK","R",NA,1997,497,7.1,1.85,224
"Color","Jonathan Liebesman",310,99,473,502,"Edgar Ramírez",14000,83640426,"Action|Adventure|Fantasy","Liam Neeson","Wrath of the Titans ",152826,16184,"Lily James",0,"ares|hades|titan|underworld|zeus","http://www.imdb.com/title/tt1646987/?ref_=fn_tt_tt_1",253,"English","USA","PG-13",1.5e+08,2012,897,5.8,1.85,19000
"Color","",10,NA,NA,502,"Tuppence Middleton",1000,NA,"Drama|History|Romance|War","Jim Broadbent","War & Peace             ",9277,4528,"Lily James",1,"male frontal nudity|male nudity|tv mini series","http://www.imdb.com/title/tt3910804/?ref_=fn_tt_tt_1",44,"English","UK","TV-14",NA,NA,888,8.2,16,11000
"Color","Martin Brest",131,121,102,43,"Lenny Venito",117,5660084,"Comedy|Crime|Romance","Todd Giebenhain","Gigli ",41620,286,"David Backus",0,"gangster|hospital|lesbian|mob|thug","http://www.imdb.com/title/tt0299930/?ref_=fn_tt_tt_1",418,"English","USA","R",5.4e+07,2003,62,2.4,2.35,2000
"Color","Vincente Minnelli",41,102,136,48,"Reginald Owen",89,2956000,"Adventure|Comedy|Musical|Romance","Gladys Cooper","The Pirate ",3258,282,"Ellen Ross",0,"hoop|horseback riding|love|pirate|singer","http://www.imdb.com/title/tt0040694/?ref_=fn_tt_tt_1",54,"English","USA","Approved",3700000,1948,78,7.1,1.37,359
"Color","Robert Lee King",51,85,0,209,"Kathleen Robertson",945,265107,"Comedy|Horror|Mystery","Lauren Ambrose","Psycho Beach Party ",4617,2282,"Beth Broderick",1,"cliche|exchange student|slasher|spoof|surfing","http://www.imdb.com/title/tt0206226/?ref_=fn_tt_tt_1",93,"English","Australia","Unrated",1500000,2000,774,6.3,1.85,614
"Color","Peter Chelsom",62,104,23,591,"Warren Beatty",752,6712451,"Comedy|Romance","Del Zamora","Town & Country ",4102,3133,"Garry Shandling",0,"anniversary|architect|cellist|friend|hardware store","http://www.imdb.com/title/tt0141907/?ref_=fn_tt_tt_1",89,"English","New Line","R",9e+07,2001,631,4.4,1.85,53
"Color","Gina Prince-Bythewood",68,124,107,865,"Sanaa Lathan",1000,27441122,"Drama|Romance|Sport","Alfre Woodard","Love & Basketball ",14322,5135,"Omar Epps",0,"basketball movie|female basketball player|high school|nba|title directed by female","http://www.imdb.com/title/tt0199725/?ref_=fn_tt_tt_1",116,"English","USA","PG-13",1.5e+07,2000,886,7.2,1.85,0
"Color","Álex de la Iglesia",71,104,275,102,"Leonor Watling",439,3607,"Crime|Mystery|Thriller","Jim Carter","The Oxford Murders ",22753,940,"Danny Sapani",4,"landlady|lecture|murder|oxford university|symbol","http://www.imdb.com/title/tt0488604/?ref_=fn_tt_tt_1",94,"English","Spain","R",1e+07,2008,161,6.1,2.35,0
"Color","John Woo",155,138,610,805,"CCH Pounder",12000,112225777,"Action|Crime|Sci-Fi|Thriller","Nicolas Cage","Face/Off ",283967,17087,"Joan Allen",0,"death of child|face|face transplant|prison|terrorist","http://www.imdb.com/title/tt0119094/?ref_=fn_tt_tt_1",535,"English","USA","R",8e+07,1997,1000,7.3,2.35,11000
"Color","Seth MacFarlane",280,125,3000,3000,"Morgan Freeman",14000,81257500,"Comedy","Liam Neeson","Ted 2 ",117739,30010,"Seth MacFarlane",0,"baby|f word|fight|lawyer|marriage","http://www.imdb.com/title/tt2637276/?ref_=fn_tt_tt_1",229,"English","USA","R",6.8e+07,2015,11000,6.4,2.35,30000
"Color","Brandon Cronenberg",188,108,43,463,"Douglas Smith",691,NA,"Horror|Sci-Fi|Thriller","Sarah Gadon","Antiviral ",9356,1962,"Caleb Landry Jones",0,"celebrity|injection|near future|scalpel|stabbed in the mouth","http://www.imdb.com/title/tt2099556/?ref_=fn_tt_tt_1",47,"English","Canada","Not Rated",3200000,2012,480,5.7,1.85,0
"Color","Malcolm D. Lee",81,86,92,466,"Eddie Griffin",744,38230435,"Action|Comedy","Dave Chappelle","Undercover Brother ",29661,3001,"Chi McBride",3,"african american|cadillac|disguise|secret agent|undercover","http://www.imdb.com/title/tt0279493/?ref_=fn_tt_tt_1",179,"English","USA","PG-13",2.5e+07,2002,489,5.8,1.85,0
"Color","Jason Reitman",387,96,655,973,"Jennifer Garner",24000,143492840,"Comedy|Drama|Romance","J.K. Simmons","Juno ",414345,28817,"Rainn Wilson",0,"adoption|baby|friend|pregnancy|school","http://www.imdb.com/title/tt0467406/?ref_=fn_tt_tt_1",881,"English","USA","PG-13",7500000,2007,3000,7.5,1.85,10000
"Color","Michael Polish",60,103,35,482,"Anthony Edwards",548,1420578,"Drama|Fantasy","Peter Coyote","Northfork ",4894,2389,"Jon Gries",0,"boy|caretaker|dam|evacuation|orphanage","http://www.imdb.com/title/tt0322659/?ref_=fn_tt_tt_1",122,"English","USA","PG-13",1900000,2003,495,6.4,2.35,298
"Color","Stephen Daldry",299,124,335,50,"David Kross",14000,34180954,"Drama|Romance","Kate Winslet","The Reader ",189812,14504,"Susanne Lothar",0,"love|reading|teaching oneself to read|trial|war crime","http://www.imdb.com/title/tt0976051/?ref_=fn_tt_tt_1",370,"English","USA","R",3.2e+07,2008,388,7.6,1.85,15000
"Color","Whit Stillman",71,98,89,3,"Taylor Nichols",88,2938208,"Comedy|Drama|Romance","Chris Eigeman","Metropolitan ",7143,173,"Ellia Thompson",1,"apartment|dancing|debutante|new york|upper class","http://www.imdb.com/title/tt0100142/?ref_=fn_tt_tt_1",52,"English","USA","PG-13",225000,1990,74,7.5,1.66,865
"Color","Robert Zemeckis",449,138,0,874,"Bruce Greenwood",18000,93749203,"Drama|Thriller","Denzel Washington","Flight ",264047,20952,"Nadine Velazquez",0,"airline|flight|flight attendant|lawyer|pilot","http://www.imdb.com/title/tt1907668/?ref_=fn_tt_tt_1",491,"English","USA","R",3.1e+07,2012,984,7.3,2.35,64000
"Color","David Soren",166,96,13,463,"Snoop Dogg",16000,83024900,"Adventure|Animation|Comedy|Family|Sport","Ryan Reynolds","Turbo ",62424,17416,"Ben Schwartz",0,"accident|freak accident|race|snail|underdog","http://www.imdb.com/title/tt1860353/?ref_=fn_tt_tt_1",90,"English","USA","PG",1.35e+08,2013,881,6.5,2.35,13000
"Color","Donald Petrie",49,94,80,230,"Ray Walston",1000,36830057,"Comedy|Family|Sci-Fi","Steven Anthony Lawrence","My Favorite Martian ",10883,2151,"Michael Lerner",2,"alien|hidden camera|martian|reporter|spaceship","http://www.imdb.com/title/tt0120764/?ref_=fn_tt_tt_1",73,"English","USA","PG",6.5e+07,1999,417,4.9,1.85,448
"Color","Tyler Perry",44,103,0,543,"Keshia Knight Pulliam",923,90485233,"Comedy|Crime|Drama","Vanessa Ferlito","Madea Goes to Jail ",9544,3699,"Derek Luke",0,"adaptation directed by original author|cross dressing|madea series|remake|sequel","http://www.imdb.com/title/tt1142800/?ref_=fn_tt_tt_1",45,"English","USA","PG-13",NA,2009,619,4.1,1.85,804
"Color","David Raynr",16,94,9,200,"Deon Richmond",927,9016377,"Comedy","Donald Faison","Trippin' ",1004,1936,"Countess Vaughn",3,"apostrophe in title|bare breasts|female nudity|nude black woman|prom","http://www.imdb.com/title/tt0160298/?ref_=fn_tt_tt_1",8,"English","USA","R",NA,1999,209,5.2,1.85,143
"Color","P.J. Hogan",84,105,29,692,"Christopher Masterson",8000,126805112,"Comedy|Romance","Julia Roberts","My Best Friend's Wedding ",98199,12344,"Rupert Everett",1,"best friend|chick flick|male female friendship|promise|wedding","http://www.imdb.com/title/tt0119738/?ref_=fn_tt_tt_1",169,"English","USA","PG-13",4.6e+07,1997,1000,6.3,2.35,0
"Color","Don Scardino",260,100,35,7000,"Olivia Wilde",12000,22525921,"Comedy","Steve Buscemi","The Incredible Burt Wonderstone ",60596,32094,"Steve Carell",4,"magic|magic kit|magician|stage magician|vegas","http://www.imdb.com/title/tt0790628/?ref_=fn_tt_tt_1",158,"English","USA","PG-13",3e+07,2013,10000,5.9,2.35,13000
"Color","Ritesh Batra",195,104,25,73,"Nimrat Kaur",638,4231500,"Drama|Romance","Nawazuddin Siddiqui","The Lunchbox ",30479,822,"Lillete Dubey",2,"delivery|delivery to wrong address|lunchbox|open ended|unconventional romance","http://www.imdb.com/title/tt2350496/?ref_=fn_tt_tt_1",162,"Hindi","India","PG",1e+06,2013,85,7.8,2.35,16000
"Color","Tim Burton",230,119,13000,567,"Estella Warren",1000,180011740,"Action|Adventure|Sci-Fi|Thriller","Cary-Hiroyuki Tagawa","Planet of the Apes ",177725,2776,"Erick Avari",0,"astronaut|cage|planet|wilhelm scream|year 2029","http://www.imdb.com/title/tt0133152/?ref_=fn_tt_tt_1",1368,"English","USA","PG-13",1e+08,2001,658,5.7,2.35,0
"Color","F. Gary Gray",216,118,473,963,"Leslie Bibb",18000,73343413,"Crime|Drama|Thriller","Gerard Butler","Law Abiding Citizen ",217480,22517,"Michael Kelly",0,"attorney|deal|district attorney|investigation|justice","http://www.imdb.com/title/tt1197624/?ref_=fn_tt_tt_1",429,"English","USA","R",5e+07,2009,1000,7.4,2.35,21000
"Color","Steve Taylor",38,108,14,274,"Marshall Allman",1000,594904,"Comedy|Drama","Jason Marsden","Blue Like Jazz ",2582,1805,"Eric Lange",0,"church|college|color in title|philosophy|texas","http://www.imdb.com/title/tt1758575/?ref_=fn_tt_tt_1",89,"English","USA","PG-13",1200000,2012,330,6,1.85,0
"Color","Michael Winterbottom",71,115,187,887,"Sarah Polley",14000,403932,"Drama|Romance|Western","Milla Jovovich","The Claim ",5254,17104,"Shirley Henderson",4,"gold|gold mine|miner|railroad|surveyor","http://www.imdb.com/title/tt0218378/?ref_=fn_tt_tt_1",92,"English","UK","R",2e+07,2000,900,6.5,2.35,141
"Color","Anthony Bell",84,90,0,518,"Larry Miller",681,25077977,"Adventure|Animation|Comedy|Family|Romance","Kevin Sussman","Alpha and Omega ",10986,2486,"Christine Lakin",0,"arranged marriage|geese|idaho|national park|park","http://www.imdb.com/title/tt1213012/?ref_=fn_tt_tt_1",84,"English","USA","PG",2e+07,2010,611,5.3,1.85,0
"Color","Patrick Lussier",62,99,71,126,"Craig Fairbrass",298,NA,"Drama|Fantasy|Horror|Thriller","Teryl Rothery","White Noise 2: The Light ",11285,934,"Adrian Holmes",0,"angry spirit|aura|electronic voice phenomena|electronics|near death experience","http://www.imdb.com/title/tt0496436/?ref_=fn_tt_tt_1",82,"English","USA","PG-13",1e+07,2007,258,5.7,2.35,509
" Black and White","Martin Scorsese",151,121,17000,356,"Cathy Moriarty",22000,45250,"Biography|Drama|Sport","Robert De Niro","Raging Bull ",235133,23008,"Frank Vincent",1,"boxing|domestic violence|hot temper|jealousy|rage","http://www.imdb.com/title/tt0081398/?ref_=fn_tt_tt_1",494,"English","USA","R",1.8e+07,1980,394,8.3,1.85,0
"Color","Michael Mann",261,133,0,301,"Archie Kao",26000,7097125,"Action|Crime|Drama|Mystery|Thriller","Chris Hemsworth","Blackhat ",38983,28129,"Brandon Molale",1,"chinese|computer|cybercrime|hacker|one word title","http://www.imdb.com/title/tt2717822/?ref_=fn_tt_tt_1",207,"English","USA","R",7e+07,2015,326,5.4,2.35,11000
"Color","Gerard Johnstone",166,107,3,28,"Bruce Hopkins",61,NA,"Comedy|Horror|Mystery","Morgana O'Reilly","Housebound ",23323,165,"Cameron Rhodes",3,"bloody violence|exploding head|haunted house|plot twist|slapstick","http://www.imdb.com/title/tt3504048/?ref_=fn_tt_tt_1",83,"English","New Zealand","Not Rated",350000,2014,46,6.8,2.35,10000
"Color","Steven Soderbergh",58,100,0,65,"Laura San Giacomo",828,24741700,"Drama","Peter Gallagher","Sex, Lies, and Videotape ",37785,1431,"Steven Brill",2,"affair|interview|marriage|sex|videotape","http://www.imdb.com/title/tt0098724/?ref_=fn_tt_tt_1",95,"English","USA","R",1200000,1989,531,7.2,1.85,2000
"Color","Philip Zlotorynski",14,80,0,19,"Darren Keefe Reiher",231,NA,"Comedy","Neil Hopkins","My Big Fat Independent Movie ",1257,313,"David Douglas",1,"independent film|spoof","http://www.imdb.com/title/tt0385890/?ref_=fn_tt_tt_1",24,"English","USA","R",3e+06,2005,27,3.3,1.78,48
"Color","Jake Kasdan",81,116,52,102,"Ryan O'Neal",624,1980338,"Comedy|Crime|Drama|Mystery|Thriller","Kim Dickens","Zero Effect ",12366,1209,"Angela Featherstone",2,"blackmail|client|private detective|private investigator|tycoon","http://www.imdb.com/title/tt0120906/?ref_=fn_tt_tt_1",151,"English","USA","R",5e+06,1998,385,7,1.85,507
"Color","Robert Butler",44,100,0,745,"Lauren Holly",995,11466088,"Action|Thriller","Hector Elizondo","Turbulence ",8983,3952,"Jeffrey DeMunn",0,"airplane|christmas|marshal|pilot|u.s. marshal","http://www.imdb.com/title/tt0120390/?ref_=fn_tt_tt_1",84,"English","USA","R",7.1e+07,1997,879,4.7,2.35,316
"Color","Lana Wachowski",284,135,0,87,"Kick Gurry",690,43929341,"Action|Family|Sport","Scott Porter","Speed Racer ",57873,902,"Nicholas Elia",0,"based on anime|based on cartoon|gadget car|racer|speed","http://www.imdb.com/title/tt0811080/?ref_=fn_tt_tt_1",414,"English","USA","PG",1.2e+08,2008,107,6.1,2.35,0
"Color","Rob Cohen",60,103,357,40,"Brian Thompson",2000,51317350,"Action|Adventure|Fantasy","Dennis Quaid","DragonHeart ",78343,2710,"Terry O'Neill",0,"dragon|england|human dragon relationship|king|knight","http://www.imdb.com/title/tt0116136/?ref_=fn_tt_tt_1",139,"English","USA","PG-13",5.7e+07,1996,663,6.4,2.35,0
"Color","Tom Shadyac",117,104,293,256,"Susanna Thompson",780,30063805,"Drama|Fantasy|Mystery|Romance|Thriller","Joe Morton","Dragonfly ",31788,2109,"Matt Craven",0,"death|doctor|grave|patient|venezuela","http://www.imdb.com/title/tt0259288/?ref_=fn_tt_tt_1",243,"English","USA","PG-13",6e+07,2002,265,6.1,2.35,0
"Color","Hsiao-Hsien Hou",205,105,141,56,"Chen Chang",1000,613556,"Action|Drama","Qi Shu","The Assassin ",9427,1172,"Satoshi Tsumabuki",1,"black magic|china|love|refusal to kill|wuxia","http://www.imdb.com/title/tt3508840/?ref_=fn_tt_tt_1",87,"Mandarin","Taiwan","Not Rated",1.5e+07,2015,103,6.4,1.37,0
"Color","Barry Levinson",132,123,272,193,"Brían F. O'Byrne",13000,41523271,"Comedy|Crime|Drama|Romance","Bruce Willis","Bandits ",57038,13934,"Azura Skye",2,"bank manager|hypochondriac|love triangle|prison|television","http://www.imdb.com/title/tt0219965/?ref_=fn_tt_tt_1",261,"English","USA","PG-13",8e+07,2001,450,6.6,2.35,0
"Color","Leonard Nimoy",110,105,12000,643,"Nichelle Nichols",12000,76400000,"Action|Adventure|Sci-Fi","Leonard Nimoy","Star Trek III: The Search for Spock ",58743,14762,"Walter Koenig",1,"dying planet|planet|regaining one's memory|sacrifice|stabbed to death","http://www.imdb.com/title/tt0088170/?ref_=fn_tt_tt_1",192,"English","USA","PG",1.7e+07,1984,664,6.6,2.35,0
"Color","Christine Jeffs",195,91,19,260,"Mary Lynn Rajskub",968,12055108,"Comedy|Drama","Clifton Collins Jr.","Sunshine Cleaning ",61151,2528,"Paul Dooley",0,"business|crime scene cleanup|private school|school|sister sister relationship","http://www.imdb.com/title/tt0862846/?ref_=fn_tt_tt_1",134,"English","USA","R",8e+06,2008,934,6.9,2.35,0
"Color","Lance McDaniel",NA,90,0,271,"Steven Michael Quezada",595,NA,"Action|Drama|Thriller","Russell Wong","Light from the Darkroom ",6,1754,"Lymari Nadal",0,"china|faith|panama|photography|suspense","http://www.imdb.com/title/tt3130704/?ref_=fn_tt_tt_1",1,"English","USA","PG-13",6e+05,2014,412,8,NA,9
"Color","Tim Burton",109,92,13000,217,"Jeffrey Jones",925,73326666,"Comedy|Fantasy","Catherine O'Hara","Beetlejuice ",189413,1953,"Glenn Shadix",3,"attic|ghost|surrealism|teenage girl|yuppie","http://www.imdb.com/title/tt0094721/?ref_=fn_tt_tt_1",306,"English","USA","PG",1.5e+07,1988,692,7.5,1.85,15000
"Color","Justin Lin",51,98,681,13,"Jason Tobin",94,3799339,"Crime|Drama|Romance","Parry Shen","Better Luck Tomorrow ",8000,139,"Collin Kahey",1,"asian american|high school|overachiever|pubic hair|vomiting","http://www.imdb.com/title/tt0280477/?ref_=fn_tt_tt_1",138,"English","USA","R",250000,2002,26,7.2,1.85,661
"Color","Salvador Carrasco",39,106,22,10,"Zaide Silvia Gutiérrez",174,886410,"Drama|History","Elpidia Carrillo","La otra conquista ",1024,222,"Damián Delgado",0,"1520s|aztec|indian|spanish colonization|spanish conquest","http://www.imdb.com/title/tt0175996/?ref_=fn_tt_tt_1",494,"Spanish","Mexico","R",3500000,1998,16,6.8,1.85,140
"Color","Tim Burton",186,126,13000,488,"Jack Palance",920,251188924,"Action|Adventure","Michael Gough","Batman ",269033,2725,"William Hootkins",0,"city|dc comics|gotham|pantyhose|police","http://www.imdb.com/title/tt0096895/?ref_=fn_tt_tt_1",817,"English","USA","PG-13",3.5e+07,1989,549,7.6,1.85,12000
"Color","Tim Hill",77,86,25,265,"Roger Rees",13000,28424210,"Animation|Comedy|Family|Fantasy","Bill Murray","Garfield 2 ",27517,14918,"Ben Falcone",0,"cat|england|lti txii|peugeot 206|rover 3 5 litre.coupe p5b","http://www.imdb.com/title/tt0455499/?ref_=fn_tt_tt_1",74,"English","UK","PG",NA,2006,1000,5,1.85,470
" Black and White","Penny Marshall",41,128,545,251,"Lori Petty",15000,107458785,"Comedy|Drama|Sport","Tom Hanks","A League of Their Own ",71754,16751,"Rosie O'Donnell",3,"baseball|friend|oregon|rivalry|softball","http://www.imdb.com/title/tt0104694/?ref_=fn_tt_tt_1",166,"English","USA","PG",4e+07,1992,923,7.2,2.35,0
"Color","Emilio Estevez",195,112,0,383,"Nick Cannon",12000,11204499,"Drama|History","Anthony Hopkins","Bobby ",38142,13528,"Brian Geraghty",0,"campaign|chess|friend|hotel|senator","http://www.imdb.com/title/tt0308055/?ref_=fn_tt_tt_1",270,"English","USA","R",1.4e+07,2006,593,7,2.35,0
"Color","Brad Bird",162,90,663,521,"Harry Connick Jr.",14000,23159305,"Action|Adventure|Animation|Comedy|Drama|Family|Sci-Fi","Vin Diesel","The Iron Giant ",128455,16358,"M. Emmet Walsh",1,"boy|friend|government agent|maine|robot","http://www.imdb.com/title/tt0129167/?ref_=fn_tt_tt_1",514,"English","USA","PG",7e+07,1999,631,8,2.35,0
"Color","J.A. Bayona",300,105,171,143,"Belén Rueda",382,7159147,"Drama|Mystery|Thriller","Geraldine Chaplin","The Orphanage ",120189,954,"Fernando Cayo",0,"dead children|ghost|missing child|orphan|orphanage","http://www.imdb.com/title/tt0464141/?ref_=fn_tt_tt_1",308,"Spanish","Spain","R",3400000,2007,273,7.5,2.35,11000
"Color","John Frankenheimer",126,124,287,475,"James Frain",9000,23360779,"Action|Adventure|Crime|Drama|Family|Fantasy|Romance|Thriller","Charlize Theron","Reindeer Games ",31113,10838,"Clarence Williams III",0,"casino|christmas|christmas season|girlfriend|release from prison","http://www.imdb.com/title/tt0184858/?ref_=fn_tt_tt_1",212,"English","USA","R",3.4e+07,2000,1000,5.7,2.35,852
"Color","Sam Peckinpah",54,106,541,372,"Bob Dylan",773,NA,"Biography|Drama|Romance|Western","James Coburn","Pat Garrett & Billy the Kid ",13467,2409,"Jason Robards",0,"bare breasts|flogging|human branding|man slaps a woman|manhunt","http://www.imdb.com/title/tt0070518/?ref_=fn_tt_tt_1",106,"English","USA","R",4638783,1973,476,7.4,2.35,0
"Color","Bo Welch",109,82,34,434,"Kelly Preston",760,100446895,"Adventure|Comedy|Family|Fantasy","Sean Hayes","The Cat in the Hat ",36033,2762,"Spencer Breslin",1,"based on cult comic book|cat|home alone|imagination|talking cat","http://www.imdb.com/title/tt0312528/?ref_=fn_tt_tt_1",456,"English","USA","PG",1.09e+08,2003,743,3.8,1.85,946
"Color","Colin Minihan",116,92,6,103,"Sean Rogerson",253,NA,"Horror","Mackenzie Gray","Grave Encounters ",40380,762,"Ashleigh Gryzko",0,"ghost|ghost hunting|labyrinth|paranormal|reality show","http://www.imdb.com/title/tt1703199/?ref_=fn_tt_tt_1",235,"English","Canada","Not Rated",1e+05,2011,113,6.1,1.78,0
"Color","Bruce Paltrow",65,112,28,215,"Marian Seldes",555,4734235,"Comedy|Drama|Music","Lochlyn Munro","Duets ",8217,1227,"Huey Lewis",0,"convict|karaoke|middle america|salesman|singer","http://www.imdb.com/title/tt0134630/?ref_=fn_tt_tt_1",123,"English","USA","R",1.5e+07,2000,403,6,1.85,573
"Color","Ernie Barbarash",29,103,249,261,"Michael J. Morris",2000,8691,"Action|Adventure","Michael Jai White","Falcon Rising ",4952,3089,"Lateef Crowder",1,"","http://www.imdb.com/title/tt2295722/?ref_=fn_tt_tt_1",32,"English","USA","R",4500000,2014,298,5.8,NA,0
"Color","David R. Ellis",285,105,160,490,"Kenan Thompson",852,34014398,"Action|Adventure|Crime|Drama|Thriller","Lin Shaye","Snakes on a Plane ",115650,2603,"Rachel Blanchard",0,"baby rattle|famous line|murder|passenger|snake","http://www.imdb.com/title/tt0417148/?ref_=fn_tt_tt_1",1033,"English","Germany","R",3.3e+07,2006,521,5.6,2.35,4000
"Color","Chris D'Arienzo",34,95,7,463,"Cybill Shepherd",2000,NA,"Comedy|Drama|Romance","Judy Greer","Barry Munday ",3443,3648,"Shea Whigham",2,"doctor|letter|paternity|sex|testicles","http://www.imdb.com/title/tt0482461/?ref_=fn_tt_tt_1",20,"English","USA","R",NA,2010,536,5.9,1.85,480
"Color","Daniel Davila",5,95,0,167,"Melora Walters",940,NA,"Drama","Martin Landau","Harrison Montgomery ",59,1484,"Diane Baker",2,"abusive relationship|character name in title|magic|san francisco california|tenderloin san francisco","http://www.imdb.com/title/tt0870118/?ref_=fn_tt_tt_1",1,"English","USA","",850000,2008,188,7.4,1.78,18
"Color","Will Finn",51,88,6,854,"Oliver Platt",2000,8460990,"Adventure|Animation|Family|Fantasy|Musical","Lea Michele","Legends of Oz: Dorothy's Return ",5116,6946,"Jim Belushi",1,"jester|kansas|oz|princess|tornado","http://www.imdb.com/title/tt0884726/?ref_=fn_tt_tt_1",54,"English","USA","PG",7e+07,2013,1000,5.6,NA,5000
"Color","Richard Linklater",232,100,0,407,"Keanu Reeves",21000,5480996,"Animation|Drama|Mystery|Sci-Fi|Thriller","Robert Downey Jr.","A Scanner Darkly ",89383,39507,"Rory Cochrane",0,"detective|drugs|substance d|undercover|undercover cop","http://www.imdb.com/title/tt0405296/?ref_=fn_tt_tt_1",293,"English","USA","R",8700000,2006,18000,7.1,1.85,0
"Color","Joss Whedon",635,141,0,19000,"Robert Downey Jr.",26000,458991599,"Action|Adventure|Sci-Fi","Chris Hemsworth","Avengers: Age of Ultron ",462669,92000,"Scarlett Johansson",4,"artificial intelligence|based on comic book|captain america|marvel cinematic universe|superhero","http://www.imdb.com/title/tt2395427/?ref_=fn_tt_tt_1",1117,"English","USA","PG-13",2.5e+08,2015,21000,7.5,2.35,118000
"Color","Raja Gosnell",94,93,67,596,"Linda Cardellini",4000,84185387,"Adventure|Comedy|Family|Fantasy|Horror|Mystery","Sarah Michelle Gellar","Scooby-Doo 2: Monsters Unleashed ",33180,7800,"Tim Blake Nelson",0,"ghost|masked villain|monster|museum|tv","http://www.imdb.com/title/tt0331632/?ref_=fn_tt_tt_1",149,"English","USA","PG",8e+07,2004,2000,4.9,1.85,567
"Color","Steve Oedekerk",49,98,176,468,"Michael McKean",742,44455658,"Action|Adventure|Comedy|Crime","Kelly Preston","Nothing to Lose ",36253,2457,"Rebecca Gayheart",2,"boss|ghetto|money|robber|robbery","http://www.imdb.com/title/tt0119807/?ref_=fn_tt_tt_1",92,"English","USA","R",2.5e+07,1997,658,6.7,1.85,0
"Color","Michael Patrick King",221,146,127,722,"Liza Minnelli",962,95328937,"Comedy|Drama|Romance","Chris Noth","Sex and the City 2 ",59581,4555,"Kristin Davis",4,"abu dhabi|box office hit|muslim|nanny|united arab emirates","http://www.imdb.com/title/tt1261945/?ref_=fn_tt_tt_1",293,"English","USA","R",1e+08,2010,740,4.3,1.85,0
"Color","Martin Campbell",436,123,258,326,"Temuera Morrison",16000,116593191,"Action|Adventure|Sci-Fi","Ryan Reynolds","Green Lantern ",223393,17657,"Taika Waititi",2,"autopsy|lantern|planet|ring|test pilot","http://www.imdb.com/title/tt1133985/?ref_=fn_tt_tt_1",550,"English","USA","PG-13",2e+08,2011,368,5.6,2.35,24000
"Color","Stuart Gillard",60,96,8,199,"John Aylward",533,42660000,"Action|Adventure|Comedy|Family|Fantasy|Sci-Fi","Paige Turco","Teenage Mutant Ninja Turtles III ",25086,1254,"Matt Hill",0,"battle|japan|magic|samurai|turtle","http://www.imdb.com/title/tt0108308/?ref_=fn_tt_tt_1",87,"English","USA","PG",1.7e+07,1993,219,4.8,1.85,1000
"Color","Kirk De Micco",85,81,16,387,"Kenan Thompson",541,30105968,"Adventure|Animation|Comedy|Family|Sci-Fi","Cheryl Hines","Space Chimps ",8860,2268,"Omid Abtahi",0,"astronaut|attacked by a plant|planet|senator|space travel","http://www.imdb.com/title/tt0482603/?ref_=fn_tt_tt_1",45,"English","USA","G",3.7e+07,2008,521,4.5,2.35,279
"Color","",9,60,NA,904,"Dylan Minnette",1000,NA,"Drama|Fantasy","Holly Hunter","Saving Grace             ",3852,5203,"Bokeem Woodbine",1,"catholic|death row|inmate|oklahoma city|sexual promiscuity","http://www.imdb.com/title/tt0830900/?ref_=fn_tt_tt_1",47,"English","USA","TV-MA",NA,NA,1000,7.5,1.78,634
"Color","Martin Campbell",134,124,258,748,"Scott Glenn",867,68473360,"Action|Adventure|Drama|Thriller","Nicholas Lea","Vertical Limit ",49536,3424,"Ben Mendelsohn",0,"death|die hard scenario|k2|rescue|urination","http://www.imdb.com/title/tt0190865/?ref_=fn_tt_tt_1",379,"English","USA","PG-13",7.5e+07,2000,826,5.9,1.85,0
"Color","Shana Feste",63,96,19,71,"Zoë Kravitz",1000,115862,"Drama|Romance","Jennifer Ehle","The Greatest ",7394,2163,"Cara Seymour",2,"car crash|loss|self help group|teenage mother|title directed by female","http://www.imdb.com/title/tt1226232/?ref_=fn_tt_tt_1",50,"English","USA","R",6e+06,2009,943,6.7,2.35,0
"Color","",17,60,NA,84,"Steve Gonsalves",155,NA,"Documentary","Amy Bruni","Ghost Hunters             ",5563,552,"Jason Hawes",0,"ghost|paranormal|paranormal research|shaky cam","http://www.imdb.com/title/tt0426697/?ref_=fn_tt_tt_1",57,"English","USA","",NA,NA,130,6.6,NA,373
"Color","Akiva Schaffer",265,102,82,537,"Nicholas Braun",622,34350553,"Action|Comedy|Sci-Fi","Will Forte","The Watch ",104066,2488,"Rosemarie DeWitt",4,"alien|escape|manager|neighborhood watch|ohio","http://www.imdb.com/title/tt1298649/?ref_=fn_tt_tt_1",207,"English","USA","R",6.8e+07,2012,591,5.7,2.35,15000
"Color","Michael Winterbottom",71,115,187,887,"Sarah Polley",14000,403932,"Drama|Romance|Western","Milla Jovovich","The Claim ",5254,17104,"Shirley Henderson",4,"gold|gold mine|miner|railroad|surveyor","http://www.imdb.com/title/tt0218378/?ref_=fn_tt_tt_1",92,"English","UK","R",2e+07,2000,900,6.5,2.35,141
"Color","",10,173,NA,476,"Colm Feore",723,NA,"Horror|Sci-Fi|Thriller","Craig T. Nelson","Creature             ",2011,3149,"Megalyn Echikunwoke",3,"author cameo|family relationships|island|monster|two part tv movie","http://www.imdb.com/title/tt0156205/?ref_=fn_tt_tt_1",33,"English","USA","",NA,NA,539,5,1.78,518
"Color","Colin Strause",211,102,25,473,"Johnny Lewis",1000,41797066,"Action|Horror|Sci-Fi|Thriller","Sam Trammell","Aliens vs. Predator: Requiem ",92789,4324,"Ian Whyte",0,"alien|escape|hunting|hybrid|predator","http://www.imdb.com/title/tt0758730/?ref_=fn_tt_tt_1",998,"English","USA","R",4e+07,2007,741,4.7,2.35,0
"Color","",13,120,NA,NA,"Michael Douglas",416,NA,"Action|Crime|Drama|Mystery","Karl Malden","The Streets of San Francisco             ",3405,416,"",0,"city name in series title|homicide|older man younger man relationship|place in series title|police partner","http://www.imdb.com/title/tt0068135/?ref_=fn_tt_tt_1",13,"English","USA","",NA,NA,0,7.3,4,533
"Color","Alan Metter",17,83,3,421,"Michael Winslow",16000,126247,"Comedy|Crime","Christopher Lee","Police Academy: Mission to Moscow ",24958,17469,"G.W. Bailey",0,"captain|commandant|mafia|russian mafia|security system","http://www.imdb.com/title/tt0110857/?ref_=fn_tt_tt_1",103,"English","USA","PG",6200000,1994,542,3.3,1.85,321
"Color","Eric Lavaine",17,98,0,5,"Julie Engelbrecht",186,NA,"Comedy","Lambert Wilson","Barbecue ",1673,253,"Lionel Abelanski",1,"","http://www.imdb.com/title/tt3202120/?ref_=fn_tt_tt_1",1,"French","France","",NA,2014,41,6.1,2.35,348
"Color","Oleg Stepchenko",25,107,0,48,"Igor Jijikine",1000,NA,"Adventure|Fantasy|Mystery|Thriller","Jason Flemyng","Viy ",3170,1166,"Agnia Ditkovskite",1,"cartographer|creature|foreign language adaptation|sword and sorcery|village","http://www.imdb.com/title/tt1224378/?ref_=fn_tt_tt_1",18,"Russian","Russia","",2.6e+07,2014,65,5.4,1.85,0
"Color","Ted Post",78,95,57,158,"Gregory Sierra",220,NA,"Action|Adventure|Sci-Fi","Linda Harrison","Beneath the Planet of the Apes ",32378,1186,"Victor Buono",0,"ape|astronaut|mission|planet|rescue","http://www.imdb.com/title/tt0065462/?ref_=fn_tt_tt_1",150,"English","USA","G",3e+06,1970,162,6.1,2.35,0
"Color","Andrea Di Stefano",106,120,30,55,"Brady Corbet",14000,106869,"Crime|Drama|Romance|Thriller","Josh Hutcherson","Escobar: Paradise Lost ",13762,14492,"Carlos Bardem",1,"colombia|dream|love|surfer|village","http://www.imdb.com/title/tt2515030/?ref_=fn_tt_tt_1",39,"English","France","R",1.7e+07,2014,287,6.6,NA,0
"Color","Dan Fogelman",139,106,102,970,"Jennifer Garner",14000,5348317,"Comedy|Drama|Music","Al Pacino","Danny Collins ",20810,18712,"Melissa Benoist",0,"entertainer|inspiration|lost opportunity|pregnant mother|rock star","http://www.imdb.com/title/tt1772288/?ref_=fn_tt_tt_1",100,"English","USA","R",1e+07,2015,3000,7.1,NA,0
"Color","Jeb Stuart",38,118,11,12,"Claudia Stedelin",37,6482195,"Crime|Mystery|Thriller","Gregory Scott Cummins","Switchback ",9740,74,"Ted Markland",1,"deputy|fbi agent|knife held to throat|serial killer|sheriff","http://www.imdb.com/title/tt0119210/?ref_=fn_tt_tt_1",81,"English","USA","R",3.7e+07,1997,12,6.4,2.35,389
"Color","Louis C.K.",31,81,0,542,"J.B. Smoove",560,3293258,"Action|Adventure|Comedy|Musical","Wanda Sykes","Pootie Tang ",11399,2238,"Robert Vaughn",0,"based on sketch comedy|corporation|cult film|evil corporation|sex","http://www.imdb.com/title/tt0258038/?ref_=fn_tt_tt_1",131,"English","USA","PG-13",3e+06,2001,555,5.2,1.85,0
"Color","Clark Johnson",144,117,69,1000,"Josh Charles",10000,116643346,"Action|Adventure|Crime|Thriller","Jeremy Renner","S.W.A.T. ",119807,14486,"LL Cool J",1,"hostage|police|prison|swat team|training","http://www.imdb.com/title/tt0257076/?ref_=fn_tt_tt_1",340,"English","USA","PG-13",8e+07,2003,1000,6,2.35,0
" Black and White","Michael Bay",191,184,0,691,"Jaime King",3000,198539855,"Action|Drama|History|Romance|War","Jennifer Garner","Pearl Harbor ",254111,5401,"Mako",0,"air raid|black smoke|japanese military|japanese navy|sunday","http://www.imdb.com/title/tt0213149/?ref_=fn_tt_tt_1",1999,"English","USA","PG-13",1.4e+08,2001,961,6.1,2.35,0
"Color","Niki Caro",113,129,51,89,"Valente Rodriguez",427,44469602,"Biography|Drama|Sport","Morgan Saylor","McFarland, USA ",23480,952,"Diana Maria Riva",0,"coach|high school|place name in title|school|student","http://www.imdb.com/title/tt2097298/?ref_=fn_tt_tt_1",83,"English","USA","PG",1.7e+07,2015,234,7.4,2.35,21000
"Color","Jean-Pierre Jeunet",223,116,0,672,"Michael Wincott",1000,47748610,"Action|Horror|Sci-Fi","Gary Dourdan","Alien: Resurrection ",170179,3090,"Raymond Cruz",0,"alien|blood|breeding|clone|scientist","http://www.imdb.com/title/tt0118583/?ref_=fn_tt_tt_1",656,"English","USA","R",7.5e+07,1997,720,6.3,2.35,0
"Color","Jonathan Levine",452,98,129,7,"Vincent Leclerc",303,66359959,"Comedy|Horror|Romance","Cory Hardrict","Warm Bodies ",184641,337,"Daniel Rindress-Kay",0,"fight|memory|teenager|undead|zombie","http://www.imdb.com/title/tt1588173/?ref_=fn_tt_tt_1",326,"English","USA","PG-13",3.5e+07,2013,18,6.9,2.35,81000
"Color","Richard Kwietniowski",50,93,23,130,"Maury Chaykin",471,2542264,"Comedy|Drama","Jason Priestley","Love and Death on Long Island ",3407,938,"Danny Webb",1,"actor|love|obsession|obsessive love|star","http://www.imdb.com/title/tt0119574/?ref_=fn_tt_tt_1",48,"English","UK","PG-13",NA,1997,232,7.1,1.85,61
"Color","Ron Underwood",132,96,31,536,"Ariana Richards",651,16667084,"Comedy|Horror|Sci-Fi","Reba McEntire","Tremors ",90070,3119,"Michael Gross",0,"desert|giant worm|monster|pipe bomb|small town","http://www.imdb.com/title/tt0100814/?ref_=fn_tt_tt_1",248,"English","USA","PG-13",1.1e+07,1990,610,7.1,1.85,11000
"Color","Michael Apted",197,128,150,244,"Maria Grazia Cucinotta",766,126930660,"Action|Adventure|Thriller","Colin Salmon","The World Is Not Enough ",157519,2037,"Desmond Llewelyn",2,"british|oil|scientist|terrorist|tycoon","http://www.imdb.com/title/tt0143145/?ref_=fn_tt_tt_1",683,"English","UK","PG-13",1.35e+08,1999,536,6.4,2.35,2000
"Color","Jon Amiel",34,94,36,507,"Peter Gallagher",13000,13801755,"Action|Comedy|Crime|Thriller","Bill Murray","The Man Who Knew Too Little ",23928,15183,"Joanne Whalley",1,"assassin|bomb|dominatrix|mistaken identity|spy","http://www.imdb.com/title/tt0120483/?ref_=fn_tt_tt_1",100,"English","USA","PG",2e+07,1997,828,6.6,1.85,0
"Color","Brad Bird",283,115,663,55,"Craig T. Nelson",1000,261437578,"Action|Adventure|Animation|Family","Holly Hunter","The Incredibles ",479166,1901,"Lou Romano",0,"hero|island|lawsuit|secret|superhero","http://www.imdb.com/title/tt0317705/?ref_=fn_tt_tt_1",815,"English","USA","PG",9.2e+07,2004,723,8,2.35,0
"Color","Kevin Tancharoen",134,123,64,637,"Kay Panabaker",808,22452209,"Comedy|Drama|Musical|Romance","Kelsey Grammer","Fame ",14062,5734,"Megan Mullally",0,"new york|performing arts|school|student|teacher","http://www.imdb.com/title/tt1016075/?ref_=fn_tt_tt_1",82,"English","USA","PG",1.8e+07,2009,720,5,2.35,0
"Color","Nicole Holofcener",71,91,132,225,"Brenda Blethyn",400,4186931,"Comedy|Drama|Romance","Aunjanue Ellis","Lovely & Amazing ",6041,1330,"Raven Goodwin",3,"african american|dog|homecoming queen|insecurity|surgery","http://www.imdb.com/title/tt0258273/?ref_=fn_tt_tt_1",85,"English","USA","R",250000,2001,286,6.9,1.85,169
"Color","Akira Kurosawa",25,134,0,4,"Tetsu Watanabe",15,48856,"Drama","Tatsuo Matsumura","Madadayo ",3466,30,"Akira Terao",0,"air raid|beer|birthday|japan|professor","http://www.imdb.com/title/tt0107474/?ref_=fn_tt_tt_1",40,"Japanese","Japan","",11900000,1993,6,7.5,1.85,355
"Color","Jean-Jacques Annaud",76,136,218,400,"Mako",11000,37901509,"Adventure|Biography|Drama|History|War","Brad Pitt","Seven Years in Tibet ",96385,12226,"Victor Wong",1,"austria|dalai lama|himalaya|mountain|tibet","http://www.imdb.com/title/tt0120102/?ref_=fn_tt_tt_1",119,"English","USA","PG-13",7e+07,1997,691,7,2.35,0
"Color","John Waters",90,87,0,503,"Melanie Griffith",975,1276984,"Comedy|Crime|Thriller","Alicia Witt","Cecil B. DeMented ",11403,3059,"Kevin Nealon",2,"actress|drive in|female protagonist|movie star|woman shot in the forehead","http://www.imdb.com/title/tt0173716/?ref_=fn_tt_tt_1",150,"English","France","R",1e+07,2000,537,6.2,1.85,795
"Color","Rick Famuyiwa",37,109,44,458,"Sanaa Lathan",1000,27362712,"Comedy|Drama|Music|Romance","Boris Kodjoe","Brown Sugar ",5971,3199,"Wendell Pierce",1,"basketball|hip hop|rap music|record company|writer","http://www.imdb.com/title/tt0297037/?ref_=fn_tt_tt_1",60,"English","USA","PG-13",8e+06,2002,886,6.5,1.85,0
"Color","Ryan Murphy",213,140,708,745,"Julia Roberts",11000,80574010,"Drama|Romance","James Franco","Eat Pray Love ",63493,20440,"Billy Crudup",1,"divorce|emotional balance|female protagonist|indonesia|inner peace","http://www.imdb.com/title/tt0879870/?ref_=fn_tt_tt_1",302,"English","USA","PG-13",6e+07,2010,8000,5.7,1.85,26000
"Color","Paul McGuigan",98,114,118,40,"Christopher Cousins",489,12831121,"Drama|Mystery|Romance|Thriller","Jessica Paré","Wicker Park ",44979,679,"Mark Camacho",0,"flashback|flashback within a flashback|multiple perspectives|obsession|split screen","http://www.imdb.com/title/tt0324554/?ref_=fn_tt_tt_1",298,"English","USA","PG-13",3e+07,2004,93,7,2.35,0
"Color","Marcus Nispel",43,91,158,265,"Brittany Curran",630,NA,"Horror|Mystery|Thriller","Ashley Tramonte","Exeter ",3836,2679,"Lindsay MacDonald",0,"asylum|demon|party|secret|teenager","http://www.imdb.com/title/tt1945044/?ref_=fn_tt_tt_1",33,"English","USA","R",NA,2015,512,4.6,1.85,0
"Color","Peter M. Cohen",48,82,0,51,"Brian Van Holt",472,4142507,"Comedy|Romance","Callie Thorne","Whipped ",3665,858,"David Heyman",1,"dating|diner|masturbation|urination|washington square manhattan new york city","http://www.imdb.com/title/tt0174336/?ref_=fn_tt_tt_1",81,"English","USA","R",3e+06,2000,324,4.4,1.85,131
"Color","John Eng",45,80,0,362,"Cree Summer",971,39399750,"Adventure|Animation|Comedy|Family|Fantasy|Musical","Elizabeth Daily","Rugrats Go Wild ",5674,3017,"Nancy Cartwright",0,"kid|oxygen|rugrats|trapped underwater|underwater","http://www.imdb.com/title/tt0337711/?ref_=fn_tt_tt_1",35,"English","USA","PG",2.5e+07,2003,503,5.6,2.35,329
"Color","Alejandro G. Iñárritu",157,115,0,35,"Jorge Salinas",85,5383834,"Drama|Thriller","Adriana Barraza","Amores Perros ",173551,318,"Goya Toledo",0,"animal in title|dog fight|mexico city|multiple perspectives|nonlinear timeline","http://www.imdb.com/title/tt0245712/?ref_=fn_tt_tt_1",361,"Spanish","Mexico","R",2e+06,2000,79,8.1,1.85,11000
"Color","Steven Spielberg",538,150,14000,655,"Hal Holbrook",23000,182204440,"Biography|Drama|History|War","Joseph Gordon-Levitt","Lincoln ",197412,25517,"Bruce McGill",0,"cultural conflict|politics|president|slavery|u.s. president","http://www.imdb.com/title/tt0443272/?ref_=fn_tt_tt_1",720,"English","USA","PG-13",6.5e+07,2012,826,7.4,2.35,71000
"Color","Oren Peli",409,84,110,21,"Ashley Palmer",189,107917283,"Horror","Micah Sloat","Paranormal Activity ",184824,330,"Amber Armstrong",0,"dark force|entity|evil force|found footage|paranormal phenomenon","http://www.imdb.com/title/tt1179904/?ref_=fn_tt_tt_1",1189,"English","USA","R",15000,2007,109,6.3,1.85,12000
"Color","Lluís Quílez",40,92,0,2,"Pixie Davies",327,NA,"Horror|Thriller","Stephen Rea","Out of the Dark ",2621,380,"Alejandro Furth",3,"haunted house","http://www.imdb.com/title/tt2872724/?ref_=fn_tt_tt_1",18,"English","USA","R",NA,2014,51,4.7,2.35,844
"Color","Christopher Nolan",185,118,22000,319,"Maura Tierney",14000,67263182,"Drama|Mystery|Thriller","Al Pacino","Insomnia ",218771,15658,"Crystal Lowe",0,"detective|insomnia|murder|partner|police","http://www.imdb.com/title/tt0278504/?ref_=fn_tt_tt_1",651,"English","USA","R",4.6e+07,2002,509,7.2,2.35,0
"Color","Robert Wise",57,115,338,45,"Paula Kelly",116,NA,"Sci-Fi|Thriller","David Wayne","The Andromeda Strain ",25857,394,"Eric Christmas",0,"alien|baby|new mexico|satellite|scientist","http://www.imdb.com/title/tt0066769/?ref_=fn_tt_tt_1",171,"English","USA","G",6500000,1971,112,7.2,2.35,0
"Color","Alan Poul",148,104,16,584,"Noureen DeWulf",1000,37481242,"Comedy|Romance","Danneel Ackles","The Back-up Plan ",40654,3356,"Tom Bosley",0,"artificial insemination|baby|cheese|chick flick|pet shop","http://www.imdb.com/title/tt1212436/?ref_=fn_tt_tt_1",97,"English","USA","PG-13",3.5e+07,2010,700,5.3,2.35,0
"Color","John Schultz",82,86,13,553,"Carter Jenkins",1000,25200412,"Adventure|Comedy|Family|Fantasy|Sci-Fi","Malese Jow","Aliens in the Attic ",16580,3423,"Tim Meadows",3,"alien|attic|boyfriend|mind control|nintendo ds","http://www.imdb.com/title/tt0775552/?ref_=fn_tt_tt_1",55,"English","USA","PG",4.5e+07,2009,701,5.4,1.85,916
"Color","Paul Schrader",75,106,261,520,"Ayelet Zurer",30000,NA,"Drama|War","Veronica Ferres","Adam Resurrected ",3075,31325,"Derek Jacobi",2,"circus|dog|entertainer|holocaust|patient","http://www.imdb.com/title/tt0479341/?ref_=fn_tt_tt_1",31,"English","Germany","R",1e+07,2008,744,6.3,2.35,589
"Color","Ciarán Foy",189,97,11,220,"James Ransone",1000,27736779,"Horror|Mystery|Thriller","Laila Haley","Sinister 2 ",25210,2403,"Jaden Klein",0,"deputy|farmhouse|nightmare|private investigator|rural","http://www.imdb.com/title/tt2752772/?ref_=fn_tt_tt_1",126,"English","USA","R",1e+07,2015,412,5.2,2.35,13000
"Color","Gillian Armstrong",27,115,44,902,"Kirsten Dunst",23000,50003300,"Drama|Family|Romance","Christian Bale","Little Women ",36624,29370,"Eric Stoltz",4,"civil war|female protagonist|post civil war|reference to friedrich schiller|u.s. civil war","http://www.imdb.com/title/tt0110367/?ref_=fn_tt_tt_1",132,"English","USA","PG",1.5e+07,1994,4000,7.3,1.85,0
"Color","",7,42,NA,535,"Mary Elizabeth Mastrantonio",766,NA,"Crime|Drama|Sci-Fi|Thriller","Colin Salmon","Limitless             ",38177,2707,"Jake McDorman",2,"brain capacity|fbi|fictional drug|intelligence|taking a pill","http://www.imdb.com/title/tt4422836/?ref_=fn_tt_tt_1",131,"English","USA","TV-14",NA,NA,638,7.9,16,11000
"Color","Duke Johnson",328,90,26,0,"Tom Noonan",1000,3442820,"Animation|Comedy|Drama|Romance","Jennifer Jason Leigh","Anomalisa ",31489,1442,"David Thewlis",0,"full frontal male nudity|hotel room|multiple characters voiced by same person|one night stand|sex in hotel room","http://www.imdb.com/title/tt2401878/?ref_=fn_tt_tt_1",140,"English","USA","R",8e+06,2015,442,7.3,2.35,0
"Color","Alfonso Cuarón",372,109,0,18,"Danny Huston",16000,35286428,"Drama|Sci-Fi|Thriller","Charlie Hunnam","Children of Men ",361767,16479,"Rita Davies",0,"chaos|england|long take|survival|violence","http://www.imdb.com/title/tt0206634/?ref_=fn_tt_tt_1",1206,"English","USA","R",7.6e+07,2006,430,7.9,1.85,17000
"Color","Scott Derrickson",411,110,301,412,"Victoria Leigh",1000,48056940,"Horror|Mystery","Danielle Kotch","Sinister ",155153,2239,"James Ransone",0,"book|found footage|research|snuff film|writer","http://www.imdb.com/title/tt1922777/?ref_=fn_tt_tt_1",524,"English","USA","R",3e+06,2012,419,6.8,2.35,58000
"Color","Richard Kelly",287,115,219,258,"Gillian Jacobs",902,15045676,"Drama|Fantasy|Mystery|Thriller","Frank Langella","The Box ",76303,2466,"Celia Weston",1,"alien|library|moral dilemma|nosebleed|supernatural power","http://www.imdb.com/title/tt0362478/?ref_=fn_tt_tt_1",376,"English","USA","PG-13",1.6e+07,2009,837,5.6,2.35,0
"Color","Stacy Peralta",74,105,147,28,"Gabrielle Reece",52,2276368,"Documentary|History|Sport","Gerry Lopez","Riding Giants ",3849,179,"Laird John Hamilton",1,"beach|surfing|surfing contest|two word title|wave","http://www.imdb.com/title/tt0389326/?ref_=fn_tt_tt_1",37,"English","USA","PG-13",NA,2004,52,7.9,NA,0
"Color","Rob Bowman",138,101,38,11000,"Gerard Butler",23000,43060566,"Action|Adventure|Fantasy|Sci-Fi|Thriller","Christian Bale","Reign of Fire ",107859,53024,"Matthew McConaughey",0,"castle|dragon|fire breathing dragon|militia|survival","http://www.imdb.com/title/tt0253556/?ref_=fn_tt_tt_1",569,"English","USA","PG-13",6e+07,2002,18000,6.2,2.35,0
"Color","Sam Weisman",62,90,39,210,"Valerie Perri",607,28535768,"Comedy","Oliver Hudson","The Out-of-Towners ",10446,1335,"Carlease Burke",2,"job interview|manhattan new york city|new york city|remake|sausage","http://www.imdb.com/title/tt0129280/?ref_=fn_tt_tt_1",105,"English","USA","PG-13",4e+07,1999,322,5.3,1.85,279
"Color","David Dobkin",49,104,71,168,"Vince Vieluf",1000,1789892,"Comedy|Crime","Janeane Garofalo","Clay Pigeons ",9494,1795,"Kevin Rahm",1,"breasts|serial killer|small town|vomiting|widow","http://www.imdb.com/title/tt0118863/?ref_=fn_tt_tt_1",109,"English","Germany","R",8e+06,1998,261,6.6,1.85,515
"Color","David R. Ellis",175,90,160,392,"Michael Landes",748,46455802,"Horror|Thriller","Sarah Carter","Final Destination 2 ",120786,3172,"Keegan Connor Tracy",0,"car accident|death|freak accident|hospital|premonition","http://www.imdb.com/title/tt0309593/?ref_=fn_tt_tt_1",472,"English","USA","R",2.6e+07,2003,439,6.2,1.85,0
"Color","Ruggero Deodato",15,87,101,324,"Eva LaRue",721,800000,"Adventure|Fantasy","Michael Berryman","The Barbarians ",2308,1700,"Richard Lynch",0,"bare breasts|comic relief|dragon|gladiator|harem","http://www.imdb.com/title/tt0092615/?ref_=fn_tt_tt_1",35,"English","USA","R",4e+06,1987,576,4.8,1.85,550
"Color","Alan J. Pakula",66,111,79,2000,"Brad Pitt",11000,42877165,"Action|Crime|Drama|Thriller","Harrison Ford","The Devil's Own ",45602,26088,"Natascha McElhone",0,"friendship|murder|northern ireland|police officer|terrorist","http://www.imdb.com/title/tt0118972/?ref_=fn_tt_tt_1",114,"English","USA","R",8.6e+07,1997,11000,6.1,2.35,979
"Color","Lucky McKee",114,93,75,446,"Will Estes",701,145540,"Drama|Horror","James Duval","May ",26773,2489,"Nora Zehetner",1,"case|doll|dry humor|friend|love","http://www.imdb.com/title/tt0303361/?ref_=fn_tt_tt_1",277,"English","USA","R",5e+05,2002,461,6.7,1.85,0
"Color","Michael Mann",357,140,0,1000,"Christian Bale",40000,97030725,"Biography|Crime|Drama|History|Romance","Johnny Depp","Public Enemies ",230931,64599,"Stephen Graham",1,"1930s|bank|celebrity criminal|fbi|public enemy number one","http://www.imdb.com/title/tt1152836/?ref_=fn_tt_tt_1",585,"English","USA","R",1e+08,2009,23000,7,2.35,0
"Color","Oren Moverman",217,105,38,706,"Yaya DaCosta",12000,66637,"Drama|Romance|War","Steve Buscemi","The Messenger ",29608,14462,"Eamonn Walker",0,"captain|casualty notification|casualty notification team|sergeant|staff sergeant","http://www.imdb.com/title/tt0790712/?ref_=fn_tt_tt_1",92,"English","USA","R",6500000,2009,712,7.2,2.35,0
"Color","Harold Ramis",43,117,11000,451,"Brian Doyle-Murray",905,20101861,"Comedy|Romance|Sci-Fi","John de Lancie","Multiplicity ",24757,2348,"Obba Babatundé",0,"clone|cloning|construction|same actor playing two characters simultaneously on screen|year 1996","http://www.imdb.com/title/tt0117108/?ref_=fn_tt_tt_1",81,"English","USA","PG-13",4.5e+07,1996,484,6,2.35,0
"Color","Alan Parker",99,145,317,70,"Devon Murray",876,13038660,"Drama","Emily Watson","Angela's Ashes ",16995,1282,"Pauline McLynn",1,"drink|ira|irish|limerick|prejudice","http://www.imdb.com/title/tt0145653/?ref_=fn_tt_tt_1",163,"English","USA","R",2.5e+07,1999,219,7.3,1.85,0
"Color","Deepa Mehta",91,117,375,31,"Lisa Ray",1000,3222857,"Drama|Romance","John Abraham","Water ",12560,1394,"Seema Biswas",0,"ashram|india|love|tradition|widow","http://www.imdb.com/title/tt0240200/?ref_=fn_tt_tt_1",147,"Hindi","Canada","PG-13",NA,2005,329,7.8,2.35,0
"Color","Francis Ford Coppola",60,114,0,699,"William Smith",10000,25600000,"Crime|Drama","Tom Cruise","The Outsiders ",57363,12097,"Tom Waits",0,"dysfunctional family|gang|greaser|holding someone's head underwater|rivalry","http://www.imdb.com/title/tt0086066/?ref_=fn_tt_tt_1",308,"English","USA","PG-13",1e+07,1983,919,7.2,2.35,10000
"Color","Adam Jay Epstein",14,76,0,227,"Denise Boutte",387,NA,"Comedy","Rich Ceraulo","Extreme Movie ",9560,1190,"Vanessa Lee Chester",6,"box office flop|female frontal nudity|pink bra and panties|red bra and panties|sex","http://www.imdb.com/title/tt0806147/?ref_=fn_tt_tt_1",35,"English","USA","R",NA,2008,295,3.8,1.85,636
"Color","Nate Parker",21,120,664,400,"Nate Parker",990,NA,"Biography|Drama","Jason Stuart","The Birth of a Nation ",1197,3525,"Aunjanue Ellis",1,"","http://www.imdb.com/title/tt4196450/?ref_=fn_tt_tt_1",8,"English","USA","R",1e+07,2016,664,5.4,2.35,0
"Color","Justin Molotnikov",16,93,5,10,"Stephen McCole",49,NA,"Thriller","Jo Hartley","Crying with Laughter ",190,81,"Joe Cassidy",1,"cocaine|edinburgh scotland|stand up comedian","http://www.imdb.com/title/tt1349478/?ref_=fn_tt_tt_1",6,"English","UK","",NA,2009,11,6.9,NA,33
"Color","Herbert Ross",60,107,71,304,"Chris Penn",967,80000000,"Drama|Music|Romance","Dianne Wiest","Footloose ",51459,1962,"Lori Singer",0,"church|cowboy boots|dancing|high school dance|teenager","http://www.imdb.com/title/tt0087277/?ref_=fn_tt_tt_1",113,"English","USA","PG",8200000,1984,455,6.5,1.85,0
"Color","Hart Bochner",15,79,157,219,"Matt Ross",4000,4350774,"Comedy","Jon Favreau","PCU ",10476,4908,"Chris Young",3,"college|high school senior|meat|protest|university","http://www.imdb.com/title/tt0110759/?ref_=fn_tt_tt_1",52,"English","USA","PG-13",8e+06,1994,248,6.5,1.85,0
"Color","James Mangold",291,153,446,154,"Dallas Roberts",523,119518352,"Biography|Drama|Music|Romance","Sandra Ellis Lafferty","Walk the Line ",188637,1383,"Tyler Hilton",0,"1960s|accident|concert|guitar|prison","http://www.imdb.com/title/tt0358273/?ref_=fn_tt_tt_1",815,"English","USA","PG-13",2.8e+07,2005,405,7.9,2.39,11000
" Black and White","Bill Condon",127,105,386,248,"Lynn Redgrave",3000,6390032,"Biography|Drama","Brendan Fraser","Gods and Monsters ",24977,4238,"Kevin J. O'Connor",2,"friendship|gardener|gay interest|homosexual|memory","http://www.imdb.com/title/tt0120684/?ref_=fn_tt_tt_1",229,"English","USA","R",3500000,1998,258,7.5,2.35,0
" Black and White","Fritz Lang",260,145,756,18,"Gustav Fröhlich",136,26435,"Drama|Sci-Fi","Brigitte Helm","Metropolis ",111841,203,"Rudolf Klein-Rogge",1,"art deco|bible quote|dance|silent film|worker","http://www.imdb.com/title/tt0017136/?ref_=fn_tt_tt_1",413,"German","Germany","Not Rated",6e+06,1927,23,8.3,1.33,12000
"Color","Todd Field",251,137,143,280,"Noah Emmerich",14000,5459824,"Drama|Romance","Kate Winslet","Little Children ",92781,15337,"Jane Adams",0,"adulterous wife|bar|dysfunctional marriage|sex offender|suburb","http://www.imdb.com/title/tt0404203/?ref_=fn_tt_tt_1",320,"English","USA","R",2.6e+07,2006,617,7.6,2.35,5000
"Color","George Miller",18,102,18,75,"Jack Thompson",492,NA,"Adventure|Drama|Family|Romance|Western","Tony Bonner","The Man from Snowy River ",5894,854,"Tom Burlinson",0,"australia|brumby|ranch|stallion|twin","http://www.imdb.com/title/tt0084296/?ref_=fn_tt_tt_1",56,"English","Australia","PG",3500000,1982,155,7.3,2.35,0
"Color","Gus Van Sant",103,103,835,NA,"Casey Affleck",13000,236266,"Adventure|Drama|Mystery","Matt Damon","Gerry ",15104,13000,"",0,"desert|friend|friendship|minimal dialogue|water","http://www.imdb.com/title/tt0302674/?ref_=fn_tt_tt_1",290,"English","USA","R",3500000,2002,0,6.2,2.35,0
"Color","Steven Spielberg",459,142,14000,423,"Mark Rylance",15000,72306065,"Drama|History|Thriller","Tom Hanks","Bridge of Spies ",178118,16944,"Amy Ryan",0,"cia|cold war|lawyer|negotiation|spy","http://www.imdb.com/title/tt3682448/?ref_=fn_tt_tt_1",355,"English","USA","PG-13",4e+07,2015,535,7.6,2.35,55000
"Color","Bronwen Hughes",25,100,15,388,"Eartha Kitt",694,26539321,"Comedy|Drama|Family","Gregory Smith","Harriet the Spy ",7984,2486,"Charlotte Sullivan",1,"binoculars|child spy|notebook|secret|spy","http://www.imdb.com/title/tt0116493/?ref_=fn_tt_tt_1",42,"English","USA","PG",1.3e+07,1996,558,5.9,1.85,833
"Color","Nancy Meyers",145,128,278,343,"Jon Favreau",18000,124590960,"Comedy|Drama|Romance","Keanu Reeves","Something's Gotta Give ",91092,22679,"Paul Michael Glaser",1,"beach|dating|doctor|heart attack|weekend","http://www.imdb.com/title/tt0337741/?ref_=fn_tt_tt_1",402,"English","USA","PG-13",8e+07,2003,4000,6.7,1.85,0
"Color","Ray Lawrence",75,118,10,48,"Deborra-Lee Furness",172,399879,"Crime|Drama|Mystery|Thriller","John Howard","Jindabyne ",5772,378,"Max Cullen",2,"camp|fishing|fishing trip|river|town","http://www.imdb.com/title/tt0382765/?ref_=fn_tt_tt_1",115,"English","Australia","R",1.5e+07,2006,71,6.4,2.35,302
"Color","Charles S. Dutton",76,110,534,511,"Charles S. Dutton",865,5881504,"Biography|Drama|Romance|Sport","Omar Epps","Against the Ropes ",5917,2972,"Tim Daly",2,"boxer|boxing|boxing arena|boxing manager|directed by co star","http://www.imdb.com/title/tt0312329/?ref_=fn_tt_tt_1",50,"English","USA","PG-13",3.9e+07,2004,534,5.3,2.35,177
"Color","Nickolas Perry",8,105,5,73,"Patsy Kensit",590,NA,"Crime|Drama|Romance","Patrick Renna","Speedway Junky ",1434,1042,"Adrienne Frantz",2,"car racing|crush|hustler|scam|watching television","http://www.imdb.com/title/tt0155197/?ref_=fn_tt_tt_1",43,"English","USA","R",1e+06,1999,231,5.2,NA,27
"Color","Kasi Lemmons",31,109,148,426,"Lynn Whitfield",2000,14821531,"Drama","Jurnee Smollett-Bell","Eve's Bayou ",6915,3843,"Diahann Carroll",2,"doctor|louisiana|secret|title directed by female|witchcraft","http://www.imdb.com/title/tt0119080/?ref_=fn_tt_tt_1",209,"English","USA","R",6e+06,1997,434,7.3,1.85,599
"Color","Paul Gross",25,114,329,544,"Michael Greyeyes",1000,NA,"Drama|History|Romance|War","Landon Liboiron","Passchendaele ",6904,3493,"Caroline Dhavernas",0,"battle|canadian armed forces|canadian soldier|directed by star|veteran","http://www.imdb.com/title/tt1092082/?ref_=fn_tt_tt_1",102,"English","Canada","R",2e+07,2008,912,6.5,2.35,971
"Color","William Gazecki",15,115,3,0,"Colin Andrews",0,NA,"Documentary","Karen Alexander","Crop Circles: Quest for Truth ",204,0,"Francine Blake",0,"crop circle|intelligence|paranormal|phenomenon|universe","http://www.imdb.com/title/tt0331225/?ref_=fn_tt_tt_1",13,"English","USA","",750000,2002,0,7,NA,32
"Color","James Watkins",161,91,43,418,"Jack O'Connell",13000,5824,"Horror|Thriller","Michael Fassbender","Eden Lake ",57811,14561,"Lorraine Stanley",1,"camping|forest|lake|stabbed with glass|vomiting","http://www.imdb.com/title/tt1020530/?ref_=fn_tt_tt_1",357,"English","UK","R",NA,2008,698,6.8,2.35,0
"Color","Gregory Jacobs",222,115,13,642,"Channing Tatum",20000,66009973,"Comedy|Drama|Music","Matt Bomer","Magic Mike XXL ",38202,38963,"Kevin Nash",3,"male bonding|male friendship|male objectification|muscular|stripper","http://www.imdb.com/title/tt2268016/?ref_=fn_tt_tt_1",135,"English","USA","R",14800000,2015,17000,5.7,2.35,41000
"Color","Michael Dowse",58,90,31,137,"Neil Maskell",326,120620,"Biography|Comedy|Drama|Music","Paul Kaye","It's All Gone Pete Tong ",16828,865,"Kate Magowan",1,"deafness|disappearance|ears|ibiza|musician","http://www.imdb.com/title/tt0388139/?ref_=fn_tt_tt_1",67,"English","UK","R",NA,2004,246,7.4,2.35,0
"Color","Martyn Pick",19,76,4,151,"Steven Waddington",722,NA,"Action|Animation|Fantasy|Horror|Mystery|Sci-Fi|Thriller","Sean Pertwee","Ultramarines: A Warhammer 40,000 Movie ",4990,1254,"Donald Sumpter",0,"grimdark|mutilated corpse|space marine|ultramarines|warhammer 40k","http://www.imdb.com/title/tt1679332/?ref_=fn_tt_tt_1",64,"English","UK","R",NA,2010,212,5.7,1.85,0
" Black and White","Stephen Chow",246,85,0,51,"Karen Mok",478,488872,"Action|Comedy|Sport","Wei Zhao","Shaolin Soccer ",56923,700,"Kwok-Kwan Chan",2,"cult film|kung fu|martial arts|shaolin|soccer","http://www.imdb.com/title/tt0286112/?ref_=fn_tt_tt_1",243,"Cantonese","Hong Kong","PG",1e+07,2001,83,7.3,1.85,0
"Color","Sam Miller",31,93,12,15,"Alan Williams",578,64359,"Comedy|Romance","Rachel Griffiths","Among Giants ",811,643,"Rob Jarvis",1,"australian|female armpit hair|friend|sheffield|yorkshire","http://www.imdb.com/title/tt0122906/?ref_=fn_tt_tt_1",26,"English","UK","R",2500000,1998,29,5.9,NA,108
"Color","Oliver Stone",242,129,0,655,"Scott Glenn",2000,25517500,"Biography|Drama|History","Toby Jones","W. ",40941,4264,"Bruce McGill",1,"bible|cabinet meeting|dog|drinking|family relationships","http://www.imdb.com/title/tt1175491/?ref_=fn_tt_tt_1",320,"English","USA","PG-13",25100000,2008,826,6.4,2.35,0
"Color","Kunihiko Yuyama",39,93,8,49,"Eric Stuart",88,NA,"Action|Adventure|Animation|Family|Fantasy|Sci-Fi","Veronica Taylor","Pokémon 3: The Movie ",9066,373,"Lisa Ortiz",0,"ash|father|mother|pokemon|professor","http://www.imdb.com/title/tt0235679/?ref_=fn_tt_tt_1",55,"Japanese","Japan","G",1.6e+07,2000,82,5.6,1.85,38
"Color","Justin Kerrigan",47,99,8,78,"John Simm",798,104257,"Comedy|Music","Danny Dyer","Human Traffic ",19194,1430,"Shaun Parkes",2,"friday|friend|hip hop|techno rave|weekend","http://www.imdb.com/title/tt0188674/?ref_=fn_tt_tt_1",160,"English","UK","R",2200000,1999,472,7.1,1.85,0
"Color","Bibo Bergeron",143,90,10,11000,"Martin Scorsese",22000,160762022,"Adventure|Animation|Comedy|Family","Robert De Niro","Shark Tale ",132415,63165,"Angelina Jolie Pitt",0,"anchor|fish|mobster|shark|vegetarian","http://www.imdb.com/title/tt0307453/?ref_=fn_tt_tt_1",288,"English","USA","PG",7.5e+07,2004,17000,6,1.85,0
"Color","Stuart Gordon",79,82,216,885,"Dulé Hill",1000,131617,"Drama|Thriller","Joe Mantegna","Edmond ",9971,5761,"Jeffrey Combs",1,"bipolar disorder|sodomy|stabbing|street life|violence","http://www.imdb.com/title/tt0443496/?ref_=fn_tt_tt_1",119,"English","USA","R",1e+07,2005,922,6.3,1.85,661
"Color","Tony Scott",60,107,12000,695,"Robert Duvall",10000,82670733,"Action|Drama|Sport","Tom Cruise","Days of Thunder ",60476,14006,"Randy Quaid",0,"driver|hot shot|racing|stock car driver|team","http://www.imdb.com/title/tt0099371/?ref_=fn_tt_tt_1",97,"English","USA","PG-13",6e+07,1990,3000,5.9,2.35,0
"Color","Steven Shainberg",163,104,30,296,"Stephen McHattie",769,4046737,"Comedy|Drama|Romance","Jeremy Davies","Secretary ",67949,2251,"Lesley Ann Warren",1,"bdsm|employer employee relationship|hospital|mental hospital|secretary","http://www.imdb.com/title/tt0274812/?ref_=fn_tt_tt_1",390,"English","USA","R",4e+06,2002,413,7.1,1.85,15000
"Color","Lee Daniels",304,132,304,898,"David Oyelowo",15000,116631310,"Biography|Drama","Alex Pettyfer","Lee Daniels' The Butler ",87665,20035,"Vanessa Redgrave",0,"butler|civil rights|hotel|president|white house","http://www.imdb.com/title/tt1327773/?ref_=fn_tt_tt_1",323,"English","USA","PG-13",3e+07,2013,1000,7.2,1.85,41000
"Color","Bill Duke",45,99,1000,409,"Jenifer Lewis",849,10572742,"Drama|Romance","Eddie Cibrian","Not Easily Broken ",2326,2269,"Wood Harris",1,"african american protagonist|based on novel|title spoken by character","http://www.imdb.com/title/tt0795438/?ref_=fn_tt_tt_1",21,"English","USA","PG-13",8e+06,2009,578,6.1,1.85,738
"Color","Andrzej Bartkowiak",70,115,43,775,"Delroy Lindo",5000,55973336,"Action|Crime|Thriller","Jet Li","Romeo Must Die ",57040,9082,"Aaliyah",1,"death|hong kong|kung fu|prison|waterfront","http://www.imdb.com/title/tt0165929/?ref_=fn_tt_tt_1",365,"English","USA","R",2.5e+07,2000,848,6.1,2.35,0
"Color","Phillip Noyce",108,98,176,15,"Terry Pheto",543,4291965,"Biography|Drama|History","Derek Luke","Catch a Fire ",9334,678,"Bonnie Henna",3,"attack|coach|colonel|jail|oil refinery","http://www.imdb.com/title/tt0437232/?ref_=fn_tt_tt_1",59,"English","France","PG-13",1.4e+07,2006,113,6.7,2.35,447
"Color","Joe Nussbaum",72,108,18,433,"Matt Long",714,11702090,"Comedy|Romance","Danny Strong","Sydney White ",37700,2785,"Samm Levine",2,"college|college girl|female protagonist|sorority|sorority house","http://www.imdb.com/title/tt0815244/?ref_=fn_tt_tt_1",50,"English","USA","PG-13",16500000,2007,701,6.3,2.35,0
"Color","Rich Moore",377,101,66,833,"Sarah Silverman",975,189412677,"Adventure|Animation|Comedy|Family|Sci-Fi","Jack McBrayer","Wreck-It Ralph ",272534,4451,"Joe Lo Truglio",1,"arcade|candy|glitch|king|medal","http://www.imdb.com/title/tt1772341/?ref_=fn_tt_tt_1",345,"English","USA","PG",1.65e+08,2012,931,7.8,2.35,40000
"Color","Henry Joost",248,96,24,113,"Brendon Eggertsen",235,53884821,"Horror","Matt Shively","Paranormal Activity 4 ",51204,799,"Alisha Boe",0,"boy in a bathtub|demon|laptop computer|pulled underwater|walking in the dark","http://www.imdb.com/title/tt2109184/?ref_=fn_tt_tt_1",247,"English","USA","R",5e+06,2012,119,4.6,1.85,26000
"Color","Kate Barker-Froyland",43,86,4,444,"Shawn Parsons",11000,20200,"Drama|Music","Anne Hathaway","Song One ",6797,12772,"Li Jun Li",1,"musician|number in title|recording|sibling","http://www.imdb.com/title/tt2182972/?ref_=fn_tt_tt_1",21,"English","USA","PG-13",6e+06,2014,485,5.8,NA,0
"Color","George Miller",206,108,750,971,"Hugh Jackman",49000,197992827,"Animation|Comedy|Family|Music|Romance","Robin Williams","Happy Feet ",132501,70996,"Elizabeth Daily",0,"dance|emperor penguin|friend|penguin|song","http://www.imdb.com/title/tt0366548/?ref_=fn_tt_tt_1",548,"English","USA","PG",1e+08,2006,20000,6.5,2.35,0
"Color","John Carl Buechler",110,88,152,181,"Terry Kiser",935,19170001,"Horror","Kane Hodder","Friday the 13th Part VII: The New Blood ",21359,1855,"William Butler",0,"death|jason voorhees|massacre|slaughter|telekinesis","http://www.imdb.com/title/tt0095179/?ref_=fn_tt_tt_1",270,"English","USA","R",2800000,1988,448,5.3,1.85,0
"Color","Adam McKay",272,143,285,7000,"Will Ferrell",11000,2175312,"Comedy","Harrison Ford","Anchorman 2: The Legend Continues ",131227,28176,"Steve Carell",2,"fame|father son relationship|interracial kiss|interracial relationship|interracial sex","http://www.imdb.com/title/tt1229340/?ref_=fn_tt_tt_1",346,"English","USA","PG-13",5e+07,2013,8000,6.3,2.35,41000
"Color","Robert Moresco",26,107,53,463,"Brad Renfro",954,53481,"Crime|Drama|Thriller","Brian Dennehy","10th & Wolf ",5557,2512,"Dash Mihok",5,"desert storm|fbi|fbi agent|fragmentation grenade|woman kills attacker","http://www.imdb.com/title/tt0360323/?ref_=fn_tt_tt_1",34,"English","USA","R",8e+06,2006,551,6.4,2.35,294
"Color","Amal Al-Agroobi",NA,62,58,NA,"",NA,NA,"Documentary|Family","","The Brain That Sings ",18,0,"",1,"autism|middle east|music therapy|united arab emirates","http://www.imdb.com/title/tt2638024/?ref_=fn_tt_tt_1",NA,"Arabic","United Arab Emirates","",125000,2013,NA,8.2,NA,54
"Color","Renny Harlin",74,124,212,369,"Leon",13000,84049211,"Action|Adventure|Thriller","Sylvester Stallone","Cliffhanger ",96096,15229,"Janine Turner",1,"money|mountain|rocky mountains|snow|suitcase","http://www.imdb.com/title/tt0106582/?ref_=fn_tt_tt_1",172,"English","USA","R",7e+07,1993,730,6.4,2.35,0
"Color","Jonathan Teplitzky",186,116,6,212,"Colin Firth",25000,4435083,"Biography|Drama|Romance|War","Jeremy Irvine","The Railway Man ",27882,39463,"Sam Reid",2,"japanese soldier|physical torture|pow camp|prisoner of war|reference to adolf hitler","http://www.imdb.com/title/tt2058107/?ref_=fn_tt_tt_1",119,"English","Australia","R",1.8e+07,2013,14000,7.1,2.35,18000
"Color","Thomas Carter",101,112,49,237,"Terry Kinney",656,91038276,"Drama|Music|Romance","Sean Patrick Thomas","Save the Last Dance ",47876,1307,"Fredro Starr",0,"dance|dancing|ghetto|hip hop|imperative in title","http://www.imdb.com/title/tt0206275/?ref_=fn_tt_tt_1",320,"English","USA","PG-13",1.3e+07,2001,363,6.1,1.85,0
"Color","",21,60,NA,184,"Philip Michael Thomas",982,NA,"Action|Crime|Drama|Mystery|Thriller","Don Johnson","Miami Vice             ",16769,1687,"John Diehl",2,"cult tv|detective|drugs|police|undercover","http://www.imdb.com/title/tt0086759/?ref_=fn_tt_tt_1",74,"English","USA","TV-14",1500000,NA,321,7.5,1.33,0
"Color","Levan Gabriadze",270,83,6,142,"Renee Olstead",707,31537320,"Horror|Mystery|Thriller","Shelley Hennig","Unfriended ",44329,1565,"Heather Sossaman",0,"blender|computer screen|secret|skype|webcam","http://www.imdb.com/title/tt3713166/?ref_=fn_tt_tt_1",309,"English","USA","R",1e+06,2014,305,5.7,1.85,13000
"Color","Steve Pink",265,101,38,318,"Collette Wolfe",496,50213619,"Comedy|Sci-Fi","Charlie McDermott","Hot Tub Time Machine ",139184,1272,"Crystal Lowe",8,"cheating wife|drug reference|maintenance man|male vomiting|promiscuous woman","http://www.imdb.com/title/tt1231587/?ref_=fn_tt_tt_1",243,"English","USA","R",3.6e+07,2010,390,6.4,1.85,12000
"Color","Paul Crowder",40,97,10,5,"Marv Albert",102,144431,"Documentary|Sport","Pelé","Once in a Lifetime: The Extraordinary Story of the New York Cosmos ",1290,118,"Ahmet Ertegun",0,"new york|new york cosmos|professional sports|soccer|soccer team","http://www.imdb.com/title/tt0489247/?ref_=fn_tt_tt_1",13,"English","UK","PG-13",1e+06,2006,7,7.3,1.85,587
"Color","Oliver Parker",105,97,32,327,"Rupert Everett",893,18535191,"Comedy|Romance","Minnie Driver","An Ideal Husband ",12980,2640,"Jeremy Northam",3,"bachelor|blackmail|character says i love you|flirting|social satire","http://www.imdb.com/title/tt0122541/?ref_=fn_tt_tt_1",132,"English","UK","PG-13",1.4e+07,1999,692,6.9,1.85,646
"Color","Peter Jackson",645,182,0,773,"Adam Brown",5000,303001229,"Adventure|Fantasy","Aidan Turner","The Hobbit: An Unexpected Journey ",637246,9152,"James Nesbitt",NA,"dragon|dwarf|hobbit|orc|wizard","http://www.imdb.com/title/tt0903624/?ref_=fn_tt_tt_1",1367,"English","USA","PG-13",1.8e+08,2012,972,7.9,2.35,166000
"Color","Chris Columbus",232,174,0,9000,"Rupert Grint",11000,261970615,"Adventure|Family|Fantasy|Mystery","Daniel Radcliffe","Harry Potter and the Chamber of Secrets ",387616,35672,"Emma Watson",1,"bildungsroman|flying broom|invisibility cloak|monster|wizardry","http://www.imdb.com/title/tt0295297/?ref_=fn_tt_tt_1",858,"English","UK","PG",1e+08,2002,10000,7.4,2.35,0
"Color","Roland Emmerich",239,124,776,812,"Dennis Quaid",15000,186739919,"Action|Adventure|Sci-Fi|Thriller","Jake Gyllenhaal","The Day After Tomorrow ",333248,20553,"Sela Ward",0,"climate|end of the world|global warming|natural disaster|weather","http://www.imdb.com/title/tt0319262/?ref_=fn_tt_tt_1",1159,"English","USA","PG-13",1.25e+08,2004,2000,6.4,2.35,19000
"Color","Jonathan Demme",78,172,438,466,"Kimberly Elise",852,22843047,"Drama|History|Horror","Oprah Winfrey","Beloved ",6082,2397,"Hill Harper",1,"farm|freedom|ohio|slavery|spirit","http://www.imdb.com/title/tt0120603/?ref_=fn_tt_tt_1",207,"English","USA","R",5.5e+07,1998,637,5.9,1.85,853
"Color","Marc Webb",495,142,464,825,"Andrew Garfield",15000,202853933,"Action|Adventure|Fantasy|Sci-Fi","Emma Stone","The Amazing Spider-Man 2 ",321227,28631,"B.J. Novak",0,"costumed hero|death of girlfriend|masked vigilante|returning character killed off|teenager","http://www.imdb.com/title/tt1872181/?ref_=fn_tt_tt_1",1067,"English","USA","PG-13",2e+08,2014,10000,6.7,2.35,41000
"Color","Mike Newell",306,116,179,236,"Richard Coyle",15000,90755643,"Action|Adventure|Fantasy|Romance","Jake Gyllenhaal","Prince of Persia: The Sands of Time ",222403,16149,"Reece Ritchie",2,"alamut|dagger|king|persia|princess","http://www.imdb.com/title/tt0473075/?ref_=fn_tt_tt_1",453,"English","USA","PG-13",2e+08,2010,567,6.6,2.35,23000
" Black and White","",15,30,NA,94,"Art Carney",491,NA,"Comedy|Family","Jackie Gleason","The Honeymooners             ",3446,812,"Joyce Randolph",4,"1950s|bus driver|money scheme|poverty|sewer","http://www.imdb.com/title/tt0042114/?ref_=fn_tt_tt_1",31,"English","USA","",NA,NA,154,8.7,1.33,459
"Color","David Slade",293,124,171,10000,"Kristen Stewart",21000,300523113,"Adventure|Drama|Fantasy|Romance","Robert Pattinson","The Twilight Saga: Eclipse ",184637,52547,"Anna Kendrick",3,"friendship|graduation|revenge|vampire|werewolf","http://www.imdb.com/title/tt1325004/?ref_=fn_tt_tt_1",498,"English","USA","PG-13",6.8e+07,2010,17000,4.9,2.35,29000
"Color","George A. Romero",280,95,0,192,"Shawn Roberts",569,952620,"Horror","Megan Park","Diary of the Dead ",40800,1797,"Joe Dinicol",0,"barn|film student|hospital|mummy|video camera","http://www.imdb.com/title/tt0848557/?ref_=fn_tt_tt_1",332,"English","USA","R",2e+06,2007,529,5.7,1.85,0
"Color","Peter H. Hunt",34,168,0,69,"Ken Howard",713,NA,"Drama|Family|History|Musical","Blythe Danner","1776 ",6303,1541,"Howard Caine",0,"continental congress|debate|declaration of independence|massachusetts|pennsylvania","http://www.imdb.com/title/tt0068156/?ref_=fn_tt_tt_1",129,"English","USA","PG",4e+06,1972,649,7.6,2.35,0
"Color","",38,11,NA,0,"Seth Green",11,NA,"Animation|Comedy","Matthew Senreich","Robot Chicken             ",32923,11,"Breckin Meyer",0,"celebrity|robot|satire|sketch comedy|stop motion animation","http://www.imdb.com/title/tt0437745/?ref_=fn_tt_tt_1",75,"English","USA","TV-MA",NA,NA,0,7.8,1.33,1000
"Color","Rob Minkoff",122,88,50,441,"Rachael Harris",691,75817994,"Comedy|Family|Fantasy|Horror|Mystery","Marsha Thomason","The Haunted Mansion ",32049,2622,"Marc John Jefferies",0,"arachnophobia|crystal ball|ghost|haunted house|thunderstorm","http://www.imdb.com/title/tt0338094/?ref_=fn_tt_tt_1",179,"English","USA","PG",9e+07,2003,569,4.9,2.35,988
"Color","Russell Mulcahy",70,93,85,510,"Peter Boyle",924,32055248,"Action|Adventure|Crime|Fantasy|Mystery|Thriller","Jonathan Winters","The Shadow ",18723,2711,"John Kapelos",0,"1930s|bomb|city|invisibility|the shadow","http://www.imdb.com/title/tt0111143/?ref_=fn_tt_tt_1",146,"English","USA","PG-13",2.5e+07,1994,595,6,1.85,0
"Color","Christopher Leitch",29,95,4,152,"Robert Neary",641,7888703,"Comedy|Fantasy","John Astin","Teen Wolf Too ",8465,1389,"Kim Darby",1,"falling in love|glowing eyes|insult|teenager|three word title","http://www.imdb.com/title/tt0094118/?ref_=fn_tt_tt_1",65,"English","USA","PG",3e+06,1987,168,3.2,1.85,491
"Color","Thomas Carter",127,136,49,730,"Rick Gonzalez",17000,67253092,"Drama|Sport","Channing Tatum","Coach Carter ",92702,20299,"Robert Ri'chard",0,"basketball|basketball coach|coach|contract|high school","http://www.imdb.com/title/tt0393162/?ref_=fn_tt_tt_1",209,"English","USA","PG-13",3e+07,2005,807,7.2,2.35,0
"Color","",9,142,NA,427,"Jack O'Connell",27000,NA,"Drama|Romance","Tom Hardy","Wuthering Heights             ",6053,29196,"Kevin McNally",2,"abuse|love|moor the landscape|revenge|tv mini series","http://www.imdb.com/title/tt1238834/?ref_=fn_tt_tt_1",33,"English","UK","",NA,NA,698,7.7,NA,0
"Color","Blake Edwards",22,143,688,42,"Vernon Dobtcheff",638,5000000,"Comedy|Drama|Musical|Romance|War","Rock Hudson","Darling Lili ",1547,788,"Jeremy Kemp",2,"crepe suzette|french|mata hari spoof|song|spy","http://www.imdb.com/title/tt0065611/?ref_=fn_tt_tt_1",50,"English","USA","G",2.5e+07,1970,50,6.2,2.35,104
"Color","Gabriela Tagliavini",4,87,20,329,"Kate del Castillo",571,NA,"Comedy","Maria Conchita Alonso","Without Men ",1427,2006,"Camryn Manheim",6,"bare chested male|journalist|passion|pregnancy|woman in underwear","http://www.imdb.com/title/tt1547090/?ref_=fn_tt_tt_1",12,"English","USA","R",4700000,2011,345,3.2,NA,491
"Color","Richard Raymond",31,104,10,196,"Reece Ritchie",507,143653,"Biography|Drama","Tom Cullen","Desert Dancer ",1177,1281,"Marama Corlett",0,"dance|dancer|dancing|desert|iran","http://www.imdb.com/title/tt2403393/?ref_=fn_tt_tt_1",10,"English","UK","PG-13",4e+06,2014,236,6,2.35,0
"Color","John Singleton",123,109,309,482,"Tony Nappo",1000,74484168,"Action|Crime|Drama|Mystery|Thriller","Josh Charles","Four Brothers ",109894,2740,"Fionnula Flanagan",3,"bare butt|corrupt police|four brothers|funeral|murder","http://www.imdb.com/title/tt0430105/?ref_=fn_tt_tt_1",340,"English","USA","R",4.5e+07,2005,654,6.9,2.35,0
"Color","Steve James",23,106,23,200,"Laurel Holloman",1000,532190,"Biography|Drama|Romance|Sport","Kurtwood Smith","Prefontaine ",5673,1610,"Amy Locane",2,"long distance runner|olympics|oregon|runner|watching television","http://www.imdb.com/title/tt0119937/?ref_=fn_tt_tt_1",37,"English","USA","PG-13",8e+06,1997,273,6.8,1.66,0
"Color","George Ratliff",48,96,3,38,"Cree Kelly",472,27445,"Action|Comedy|Drama|Thriller","Jim Gaffigan","Salvation Boulevard ",3788,561,"Mike Eshaq",5,"cross|doused with gasoline|pastor|security guard|shower","http://www.imdb.com/title/tt1251743/?ref_=fn_tt_tt_1",31,"English","USA","R",9e+06,2011,39,5.3,1.85,1000
"Color","Ridley Scott",314,150,0,748,"María Valverde",23000,65007045,"Action|Adventure|Drama","Christian Bale","Exodus: Gods and Kings ",128682,26490,"Ben Mendelsohn",0,"egypt|exodus|moses|pharaoh|plague","http://www.imdb.com/title/tt1528100/?ref_=fn_tt_tt_1",657,"English","UK","PG-13",1.4e+08,2014,893,6.1,2.35,51000
"Color","Jeb Stuart",20,128,11,553,"Nate Parker",665,82739,"Drama","Ricky Schroder","Blood Done Sign My Name ",465,4579,"Lee Norris",0,"based on autobiography|based on novel|based on true story|murder|racism","http://www.imdb.com/title/tt1210039/?ref_=fn_tt_tt_1",3,"English","USA","PG-13",NA,2010,664,6.7,2.35,503
"Color","Mel Brooks",48,92,0,842,"Sid Caesar",1000,NA,"Comedy","Madeline Kahn","History of the World: Part I ",36559,3931,"Dom DeLuise",0,"french revolution|old testament|part of an unfinished series|reference to john wayne|roman emperor","http://www.imdb.com/title/tt0082517/?ref_=fn_tt_tt_1",131,"English","USA","R",1.1e+07,1981,898,6.9,2.35,0
"Color","Atom Egoyan",120,112,460,395,"Sarah Polley",990,4306697,"Drama","Bruce Greenwood","The Sweet Hereafter ",26720,2820,"Simon Baker",0,"anger|bus|child|lawyer|school","http://www.imdb.com/title/tt0120255/?ref_=fn_tt_tt_1",196,"English","Canada","R",5e+06,1997,900,7.7,2.35,920
"Color","Brandon Trost",66,82,32,128,"Sean Whalen",968,40557,"Comedy","Clifton Collins Jr.","The FP ",1389,2046,"James DeBello",0,"abbreviation in title|based on short film|competition dancing|dystopia|location in title","http://www.imdb.com/title/tt1296373/?ref_=fn_tt_tt_1",22,"English","USA","R",60000,2011,407,5.6,2.35,0
"Color","Guy Ritchie",71,89,0,119,"Jeanne Tripplehorn",990,598645,"Comedy|Romance","Bruce Greenwood","Swept Away ",13145,2006,"David Thornton",0,"island|sailor|storm|stranded|vacation","http://www.imdb.com/title/tt0291502/?ref_=fn_tt_tt_1",215,"English","UK","R",1e+07,2002,711,3.6,1.85,725
"Color","Drew Barrymore",230,111,0,727,"Jimmy Fallon",796,13034417,"Drama|Sport","Daniel Stern","Whip It ",55665,2633,"Alia Shawkat",1,"beauty pageant|friend|pageant|roller derby|texas","http://www.imdb.com/title/tt1172233/?ref_=fn_tt_tt_1",118,"English","USA","PG-13",1.5e+07,2009,787,6.9,2.35,10000
"Color","Curtis Hanson",173,107,161,549,"Rip Torn",21000,19389454,"Comedy|Drama","Robert Downey Jr.","Wonder Boys ",54643,22974,"Richard Thomas",5,"based on novel|college girl|midlife crisis|pittsburgh pennsylvania|professor","http://www.imdb.com/title/tt0185014/?ref_=fn_tt_tt_1",335,"English","USA","R",5.5e+07,2000,826,7.4,2.35,0
"Color","Robert Rodriguez",165,108,0,844,"Salma Hayek",16000,25753840,"Crime|Fantasy|Horror","Quentin Tarantino","From Dusk Till Dawn ",219091,23296,"Cheech Marin",2,"brother|human versus vampire|rapist|stripper|vampire","http://www.imdb.com/title/tt0116367/?ref_=fn_tt_tt_1",592,"English","USA","R",1.9e+07,1996,4000,7.3,1.85,12000
"Color","Gary Halvorson",44,73,11,142,"Kevin Clash",1000,11634458,"Adventure|Comedy|Family|Fantasy|Musical","Vanessa Williams","The Adventures of Elmo in Grouchland ",2045,2020,"Caroll Spinney",0,"based on tv series|blanket|box office flop|rescue|sesame street","http://www.imdb.com/title/tt0159421/?ref_=fn_tt_tt_1",37,"English","USA","G",1.7e+07,1999,436,5.8,1.85,339
" Black and White","George Clooney",351,93,0,566,"Tate Donovan",21000,31501218,"Biography|Drama|History","Robert Downey Jr.","Good Night, and Good Luck. ",84070,22745,"Alex Borstein",0,"cbs|expose|fear|paranoia|reporter","http://www.imdb.com/title/tt0433383/?ref_=fn_tt_tt_1",526,"English","USA","PG",7500000,2005,650,7.5,1.85,0
"Color","Steven Spielberg",148,118,14000,237,"Amrish Puri",11000,179870271,"Action|Adventure","Harrison Ford","Indiana Jones and the Temple of Doom ",329969,11898,"Kate Capshaw",2,"children|studio logo segues into film|temple|village|white dinner jacket","http://www.imdb.com/title/tt0087469/?ref_=fn_tt_tt_1",524,"English","USA","PG",2.8e+07,1984,429,7.6,2.35,0
"Color","Davis Guggenheim",372,96,49,NA,"Al Gore",861,23808111,"Documentary","Billy West","An Inconvenient Truth ",67654,929,"",0,"climate|earth|global warming|science|truth","http://www.imdb.com/title/tt0497116/?ref_=fn_tt_tt_1",504,"English","USA","PG",NA,2006,68,7.5,1.85,0
"Color","Kevin Macdonald",252,127,162,379,"Harry Lennix",18000,36965395,"Crime|Drama|Mystery|Thriller","Robin Wright","State of Play ",113295,19776,"Michael Weston",3,"congressman|conspiracy|newspaper|political conspiracy|subway","http://www.imdb.com/title/tt0473705/?ref_=fn_tt_tt_1",235,"English","USA","PG-13",NA,2009,748,7.1,2.35,0
"Color","Garry Marshall",93,119,0,434,"Felicity Huffman",627,37486138,"Comedy|Drama|Romance","Amber Valletta","Raising Helen ",30890,2052,"Spencer Breslin",1,"fashion show|female protagonist|love|pastor|queens new york city","http://www.imdb.com/title/tt0350028/?ref_=fn_tt_tt_1",106,"English","USA","PG-13",5e+07,2004,508,6,1.85,718
"Color","Geoff Murphy",47,92,14,488,"Brenda Bakke",789,50024083,"Action|Thriller","Peter Greene","Under Siege 2: Dark Territory ",35918,2318,"Patrick Kilpatrick",1,"colorado|niece|satellite|terrorist|train","http://www.imdb.com/title/tt0114781/?ref_=fn_tt_tt_1",126,"English","USA","R",6e+07,1995,520,5.4,1.85,1000
"Color","Brian Helgeland",143,90,241,416,"Deborah Kara Unger",1000,81517441,"Action|Crime|Drama|Thriller","Bill Duke","Payback ",111368,3148,"William Devane",1,"anti hero|criminal|greed|prostitute|tough guy","http://www.imdb.com/title/tt0120784/?ref_=fn_tt_tt_1",394,"English","USA","R",5e+07,1999,495,7.1,2.35,0
"Color","Dinesh D'Souza",30,87,67,67,"Zackary Steven Graham",871,33349949,"Documentary","Barack Obama","2016: Obama's America ",9010,1111,"Dinesh D'Souza",0,"critically bashed|partisan commentary|political propoganda|punctuation in title|reenactment","http://www.imdb.com/title/tt2247692/?ref_=fn_tt_tt_1",199,"English","USA","PG",2500000,2012,118,5.1,1.85,0
"","Brandon Landers",NA,143,8,8,"Alana Kaniewski",720,NA,"Drama|Horror|Thriller","Robbie Barnes","The Ridges ",125,770,"Brandon Landers",0,"avatar|college|death|tron|university","http://www.imdb.com/title/tt1781935/?ref_=fn_tt_tt_1",8,"English","USA","",17350,2011,19,3,NA,33
"Color","Mark L. Lester",45,79,73,112,"Tia Carrere",1000,2275557,"Action|Comedy|Crime|Thriller","Cary-Hiroyuki Tagawa","Showdown in Little Tokyo ",12561,2404,"Vernee Watson",2,"bare chested male|detective|electric torture|japanese american|yakuza","http://www.imdb.com/title/tt0102915/?ref_=fn_tt_tt_1",102,"English","USA","R",8e+06,1991,1000,6,1.85,0
"Color","Ben Stassen",56,88,4,602,"Jenny McCarthy",783,NA,"Adventure|Animation|Family","Ed Begley Jr.","A Turtle's Tale: Sammy's Adventures ",5385,3874,"Stacy Keach",2,"apostrophe in title|character name in title|punctuation in title|sea turtle","http://www.imdb.com/title/tt1230204/?ref_=fn_tt_tt_1",22,"English","France","PG",NA,2010,749,6.1,2.35,0
"Color","Michael Radford",117,131,53,548,"Mackenzie Crook",14000,3752725,"Drama|Romance","Al Pacino","The Merchant of Venice ",29715,16252,"Kris Marshall",3,"debt|jew|loan|merchant|pound of flesh","http://www.imdb.com/title/tt0379889/?ref_=fn_tt_tt_1",161,"English","USA","R",1.8e+07,2004,871,7.1,2.35,0
"","Charles Matthau",13,90,139,1000,"Michael Jai White",2000,NA,"Comedy|Crime|Thriller","Billy Burke","Freaky Deaky ",6741,6569,"Bill Duke",0,"black panties|bomb squad|car bomb|dynamite|girl in panties","http://www.imdb.com/title/tt0938305/?ref_=fn_tt_tt_1",11,"English","USA","R",6e+06,2012,2000,6.5,NA,0
"Color","Emile Ardolino",10,92,22,0,"Kyra Nichols",2,2119994,"Family|Fantasy|Music","Darci Kistler","The Nutcracker ",1153,2,"Margaret Tracey",0,"christmas|lifting female in air|lifting male in air|lifting someone into the air|little girl","http://www.imdb.com/title/tt0107719/?ref_=fn_tt_tt_1",15,"English","USA","G",1.9e+07,1993,0,5.7,1.85,238
"Color","Giuliano Montaldo",28,96,4,199,"Gena Rowlands",917,NA,"Crime|Drama|Thriller","John Cassavetes","Machine Gun McCain ",618,1827,"Britt Ekland",0,"casino|gang violence|robbery|suicide|violence","http://www.imdb.com/title/tt0065895/?ref_=fn_tt_tt_1",12,"English","Italy","GP",NA,1969,545,6.2,2.35,85
" Black and White","Quentin Tarantino",304,137,16000,348,"Michael Parks",890,66207920,"Action|Crime|Drama|Thriller","Vivica A. Fox","Kill Bill: Vol. 2 ",512749,1959,"Michael Bowen",0,"assassin|assassination|bride|death|vengeance","http://www.imdb.com/title/tt0378194/?ref_=fn_tt_tt_1",935,"English","USA","R",3e+07,2004,387,8,2.35,0
"Color","Anne Fletcher",224,108,98,723,"Denis O'Hare",16000,163947053,"Comedy|Drama|Romance","Ryan Reynolds","The Proposal ",227824,18656,"Craig T. Nelson",1,"alaska|deportation|father son relationship|male objectification|sitka alaska","http://www.imdb.com/title/tt1041829/?ref_=fn_tt_tt_1",273,"English","USA","PG-13",4e+07,2009,896,6.7,2.35,10000
"Color","Charles Martin Smith",54,107,188,631,"Taylor Blackwell",11000,42019483,"Drama|Family","Morgan Freeman","Dolphin Tale 2 ",6069,13904,"Harry Connick Jr.",0,"dolphin|latex gloves|medical scrubs|purple gloves|turtle","http://www.imdb.com/title/tt2978462/?ref_=fn_tt_tt_1",33,"English","USA","PG",3.6e+07,2014,641,6.4,1.85,0
"Color","Antoine Fuqua",105,96,845,488,"Clifton Collins Jr.",978,18967571,"Action|Crime|Thriller","Mira Sorvino","The Replacement Killers ",23345,3072,"Patrick Kilpatrick",2,"forger|hitman|passport|police|replacement","http://www.imdb.com/title/tt0120008/?ref_=fn_tt_tt_1",167,"English","USA","R",3e+07,1998,968,6.1,2.35,629
"Color","Cameron Crowe",109,139,488,597,"Kelly Preston",10000,153620822,"Comedy|Drama|Romance|Sport","Tom Cruise","Jerry Maguire ",189923,12182,"Bonnie Hunt",0,"agent|career|client|fiance|sports agent","http://www.imdb.com/title/tt0116695/?ref_=fn_tt_tt_1",318,"English","USA","R",5e+07,1996,743,7.3,1.85,0
"Color","Deepa Mehta",34,110,375,59,"Gulshan Grover",113,528972,"Drama|Romance|War","Nandita Das","Earth ",5639,371,"Eric Peterson",0,"friend|hindu|india|muslim|sikh","http://www.imdb.com/title/tt0150433/?ref_=fn_tt_tt_1",55,"Hindi","India","Unrated",NA,1998,102,7.8,NA,522
"Color","Jon Cassar",45,90,78,720,"Landon Liboiron",2000,NA,"Drama|Western","Demi Moore","Forsaken ",4693,4142,"Michael Wincott",1,"","http://www.imdb.com/title/tt2271563/?ref_=fn_tt_tt_1",49,"English","Canada","R",1.1e+07,2015,1000,6.3,2.35,0
"Color","Daniel Espinosa",298,115,79,820,"Ryan Reynolds",18000,126149655,"Action|Crime|Mystery|Thriller","Denzel Washington","Safe House ",166693,36237,"Sam Shepard",1,"cia|cia agent|consulate|on the run|safe house","http://www.imdb.com/title/tt1599348/?ref_=fn_tt_tt_1",276,"English","USA","R",8.5e+07,2012,16000,6.8,2.35,19000
"Color","Vladlen Barbe",10,80,0,26,"Wendee Lee",99,NA,"Adventure|Animation|Family","Erin Fitzgerald","Snow Queen ",1159,218,"Ivan Okhlobystin",1,"3d","http://www.imdb.com/title/tt2243621/?ref_=fn_tt_tt_1",9,"Russian","Russia","PG",7e+06,2012,62,5.3,NA,453
"Color","Anand Tucker",124,106,14,161,"Bridgette Wilson-Sampras",827,10281585,"Drama|Romance","Frances Conroy","Shopgirl ",21225,1871,"Clyde Kusatsu",3,"artist|depression|gloves|photography|slacker","http://www.imdb.com/title/tt0338427/?ref_=fn_tt_tt_1",268,"English","USA","R",NA,2005,545,6.4,2.35,1000
"Color","Bob Rafelson",34,122,30,85,"Michael Lerner",1000,NA,"Crime|Drama|Romance|Thriller","Anjelica Huston","The Postman Always Rings Twice ",16764,1456,"John Colicos",0,"adultery|drifter|lunch wagon|murder|neo noir","http://www.imdb.com/title/tt0082934/?ref_=fn_tt_tt_1",48,"English","USA","R",1.2e+07,1981,230,6.6,1.85,1000
"Color","Tim Johnson",165,94,12,183,"Matt Jones",17000,177343675,"Adventure|Animation|Comedy|Family|Fantasy|Sci-Fi","Jim Parsons","Home ",70121,17883,"April Winchell",0,"alien friendship|alien invasion|australia|flying car|mother daughter relationship","http://www.imdb.com/title/tt2224026/?ref_=fn_tt_tt_1",214,"English","USA","PG",1.35e+08,2015,523,6.7,1.85,26000
"Color","John Putch",23,111,60,699,"Diedrich Bader",823,3333823,"Drama|Mystery|Sci-Fi","Robert Picardo","Atlas Shrugged II: The Strike ",5612,5262,"Esai Morales",0,"box office flop|critically bashed|government|industrialist|railroad","http://www.imdb.com/title/tt1985017/?ref_=fn_tt_tt_1",122,"English","USA","PG-13",1e+07,2012,759,5.5,2.35,0
" Black and White","Katt Shea",85,104,52,484,"Rachel Blanchard",711,17757087,"Horror|Sci-Fi|Thriller","Jason London","The Rage: Carrie 2 ",13065,3162,"Eddie Kaye Thomas",1,"high school|party|prom|suicide|teenage girl","http://www.imdb.com/title/tt0144814/?ref_=fn_tt_tt_1",253,"English","USA","R",2.1e+07,1999,490,4.6,1.85,897
"Color","Jon Kasdan",81,97,21,499,"Elena Anaya",17000,11043445,"Comedy|Drama|Romance","Kristen Stewart","In the Land of Women ",27689,20312,"Dustin Milligan",0,"actress|love|michigan|neighbor|writer","http://www.imdb.com/title/tt0419843/?ref_=fn_tt_tt_1",74,"English","USA","PG-13",1e+07,2007,1000,6.5,2.35,1000
"Color","Michel Leclerc",87,100,3,9,"Jacques Gamblin",74,513836,"Comedy|Drama|Romance","Sara Forestier","The Names of Love ",6304,143,"Zinedine Soualem",1,"activist|promiscuous daughter|promiscuous woman|sex in a bed|voyeurism","http://www.imdb.com/title/tt1646974/?ref_=fn_tt_tt_1",21,"French","France","R",4600000,2010,52,7.2,1.85,0
"Color","Rod Lurie",136,126,37,883,"Gary Oldman",12000,17804273,"Drama|Thriller","Jeff Bridges","The Contender ",20449,25660,"William Petersen",0,"bridge|governor|political thriller|president|vice president","http://www.imdb.com/title/tt0208874/?ref_=fn_tt_tt_1",370,"English","USA","R",2e+07,2000,10000,7,1.85,1000
"Color","Edgar Wright",246,99,1000,358,"Dylan Moran",605,13464388,"Comedy|Horror","Peter Serafinowicz","Shaun of the Dead ",395921,1686,"Rafe Spall",6,"british horror|pub|record collection|zombie|zombie apocalypse","http://www.imdb.com/title/tt0365748/?ref_=fn_tt_tt_1",859,"English","UK","R",4e+06,2004,427,8,2.35,19000
"Color","",5,23,NA,218,"Tiffany Thornton",254,NA,"Comedy|Family|Romance","Doug Brochu","Sonny with a Chance             ",7673,915,"Brandon Mychal Smith",1,"cafeteria|female protagonist|rival|teenage girl|teenager","http://www.imdb.com/title/tt1252374/?ref_=fn_tt_tt_1",47,"English","USA","TV-G",NA,NA,248,6.1,1.33,325
" Black and White","Guy Hamilton",12,94,82,47,"Eddie Albert",694,NA,"Drama","Oliver Reed","The Party's Over ",340,964,"Louise Sorel",1,"beatnik|businessman|necrophilia|party|partying","http://www.imdb.com/title/tt0060816/?ref_=fn_tt_tt_1",7,"English","UK","",NA,1965,196,7.3,1.37,32
"Color","Philip Kaufman",132,124,133,170,"Stephen Marcus",14000,7060876,"Biography|Drama","Kate Winslet","Quills ",44795,14726,"Amelia Warner",1,"asylum|lust|male pubic hair|penis|pubic hair","http://www.imdb.com/title/tt0180073/?ref_=fn_tt_tt_1",314,"English","UK","R",13500000,2000,230,7.4,1.85,0
"Color","Shane Carruth",143,77,291,8,"David Sullivan",291,424760,"Drama|Sci-Fi|Thriller","Shane Carruth","Primer ",72639,368,"Casey Gooden",0,"changing the future|independent film|invention|nonlinear timeline|time travel","http://www.imdb.com/title/tt0390384/?ref_=fn_tt_tt_1",371,"English","USA","PG-13",7000,2004,45,7,1.85,19000
"Color","Frank Oz",63,102,0,413,"Jim Belushi",13000,38747385,"Comedy|Horror|Musical|Sci-Fi","Bill Murray","Little Shop of Horrors ",49349,15308,"Tisha Campbell-Martin",2,"eclipse|florist|nerd|plant|shop","http://www.imdb.com/title/tt0091419/?ref_=fn_tt_tt_1",165,"English","USA","PG-13",2.5e+07,1986,854,6.9,1.85,0
"Color","Brad Silberling",167,102,52,526,"Anna Friel",8000,49392095,"Adventure|Comedy|Sci-Fi","Will Ferrell","Land of the Lost ",52029,10552,"Bobb'e J. Thompson",1,"human versus dinosaur|lizard|primate|time travel|tyrannosaurus rex","http://www.imdb.com/title/tt0457400/?ref_=fn_tt_tt_1",224,"English","USA","PG-13",1e+08,2009,735,5.4,1.85,0
"Color","Geoffrey Sax",173,101,13,368,"Keegan Connor Tracy",494,55865715,"Drama|Horror|Mystery|Thriller","Deborah Kara Unger","White Noise ",41763,2013,"Mike Dopud",0,"architect|grave|obsession|river|voice","http://www.imdb.com/title/tt0375210/?ref_=fn_tt_tt_1",403,"English","UK","PG-13",1e+07,2005,392,5.5,2.35,0
"Color","Norman Jewison",15,110,278,179,"Nancy Travis",3000,4357000,"Comedy|Family|Fantasy","Haley Joel Osment","Bogus ",5176,3864,"Andrea Martin",3,"box office flop|circus|imaginary friend|magician|one word title","http://www.imdb.com/title/tt0115725/?ref_=fn_tt_tt_1",30,"English","USA","PG",3e+07,1996,359,5.3,1.85,350
"Color","Mike Flanagan",336,104,59,202,"Rory Cochrane",972,27689474,"Horror|Mystery","James Lafferty","Oculus ",85688,2071,"Garrett Ryan",0,"home office|mirror|released from a mental hospital|trauma|video camera","http://www.imdb.com/title/tt2388715/?ref_=fn_tt_tt_1",339,"English","USA","R",5e+06,2013,407,6.5,2.35,23000
"Color","Eric Bross",NA,87,49,601,"Esai Morales",708,NA,"Crime|Drama|Thriller","Teri Polo","We Have Your Husband ",216,3059,"Nicholas Gonzalez",1,"abduction|based on true story|mexico","http://www.imdb.com/title/tt2063015/?ref_=fn_tt_tt_1",3,"English","USA","TV-PG",5e+06,2011,699,5.5,1.78,58
"Color","John Fortenberry",63,82,12,281,"Chris Kattan",8000,30324946,"Comedy|Music|Romance","Will Ferrell","A Night at the Roxbury ",48458,9271,"Dan Hedaya",2,"1990s|bar|car accident|nightclub|whipped cream","http://www.imdb.com/title/tt0120770/?ref_=fn_tt_tt_1",239,"English","USA","PG-13",1.7e+07,1998,357,6.2,1.85,0
"Color","Julie Anne Robinson",127,91,30,497,"Debbie Reynolds",922,26404753,"Action|Comedy|Crime|Romance|Thriller","Fisher Stevens","One for the Money ",34203,3301,"Patrick Fischler",1,"bail bond|bounty hunter|jeans|shot in the butt|title directed by female","http://www.imdb.com/title/tt1598828/?ref_=fn_tt_tt_1",169,"English","USA","PG-13",4e+07,2012,786,5.3,2.35,19000
"Color","Steve Box",209,85,9,100,"Geraldine McEwan",567,56068547,"Animation|Comedy|Family|Mystery|Sci-Fi","Mark Gatiss","The Curse of the Were-Rabbit ",98160,1145,"Peter Sallis",0,"competition|giant vegetable|pest control|stop motion animation|vegetable","http://www.imdb.com/title/tt0312004/?ref_=fn_tt_tt_1",307,"English","UK","G",3e+07,2005,269,7.5,1.85,0
"Color","Woody Allen",218,92,11000,386,"Michael McKean",860,5306447,"Comedy|Romance","Larry David","Whatever Works ",58967,2717,"Conleth Hill",1,"atheist|limp|quantum mechanics|religion|runaway","http://www.imdb.com/title/tt1178663/?ref_=fn_tt_tt_1",169,"English","USA","PG-13",1.5e+07,2009,658,7.2,1.85,10000
"Color","Steve Buscemi",43,95,12000,636,"Debi Mazar",12000,695229,"Comedy|Drama","Steve Buscemi","Trees Lounge ",11369,14420,"Carol Kane",1,"alcoholic drink|bar|drink|drinking|drunk","http://www.imdb.com/title/tt0117958/?ref_=fn_tt_tt_1",65,"English","USA","R",1300000,1996,680,7.2,1.85,872
"Color","Scott Hicks",170,101,96,204,"Riley Thomas Stewart",713,60443237,"Drama|Romance","Blythe Danner","The Lucky One ",76882,1852,"Jay R. Ferguson",0,"arrogance|child in peril|disarming someone|kennel|post traumatic stress disorder","http://www.imdb.com/title/tt1327194/?ref_=fn_tt_tt_1",106,"English","USA","PG-13",2.5e+07,2012,220,6.5,2.35,29000
" Black and White","John Ford",74,118,673,137,"Walter Pidgeon",595,NA,"Drama|Family","Roddy McDowall","How Green Was My Valley ",15840,1129,"Barry Fitzgerald",5,"coal mine|girl|school|village|wales","http://www.imdb.com/title/tt0033729/?ref_=fn_tt_tt_1",124,"English","USA","Approved",1250000,1941,176,7.8,1.37,0
"Color","Fede Alvarez",543,96,201,58,"Elizabeth Blackmore",394,54239856,"Horror","Lou Taylor Pucci","Evil Dead ",125016,673,"Ellen Sandweiss",0,"book of the dead|demon|h.p. lovecraft|lesbian kiss|promise","http://www.imdb.com/title/tt1288558/?ref_=fn_tt_tt_1",789,"English","USA","R",1.7e+07,2013,150,6.5,2.35,70000
"Color","George Hickenlooper",117,99,60,628,"Jimmy Fallon",4000,1654367,"Biography|Drama","Hayden Christensen","Factory Girl ",18355,6526,"Beth Grant",0,"andy warhol|female nudity|public nudity|singer|socialite","http://www.imdb.com/title/tt0432402/?ref_=fn_tt_tt_1",106,"English","USA","R",7e+06,2006,787,6.4,1.85,3000
"Color","Fred Wolf",129,97,29,816,"Katharine McPhee",15000,48237389,"Comedy|Romance","Emma Stone","The House Bunny ",63969,18789,"Beverly D'Angelo",1,"makeover|party|playboy|playboy mansion|sorority","http://www.imdb.com/title/tt0852713/?ref_=fn_tt_tt_1",126,"English","USA","PG-13",2.5e+07,2008,852,5.5,2.35,0
"Color","Jon M. Chu",196,129,209,886,"Morgan Freeman",11000,64685359,"Action|Adventure|Comedy|Crime|Mystery|Thriller","Daniel Radcliffe","Now You See Me 2 ",40862,23031,"Sanaa Lathan",6,"card trick|london england|magician|rain machine|rooftop","http://www.imdb.com/title/tt3110958/?ref_=fn_tt_tt_1",139,"English","USA","PG-13",9e+07,2016,11000,6.9,2.35,15000
"Color","Erik Canuel",28,116,31,50,"Richard Howland",539,NA,"Action|Comedy|Crime|Thriller","Colm Feore","Bon Cop Bad Cop ",8616,895,"Sarain Boylan",2,"border|hockey|killer|police|tattoo","http://www.imdb.com/title/tt0479647/?ref_=fn_tt_tt_1",90,"English","Canada","R",8e+06,2006,290,7,2.35,758
"Color","Michael Ritchie",40,102,23,57,"Vic Morrow",288,NA,"Comedy|Drama|Family|Sport","Tatum O'Neal","The Bad News Bears ",16323,677,"Joyce Van Patten",1,"baseball|california|coach|little league|swimming pool","http://www.imdb.com/title/tt0074174/?ref_=fn_tt_tt_1",91,"English","USA","PG",NA,1976,257,7.3,1.85,0
"Color","Juan José Campanella",262,129,195,50,"Soledad Villamil",827,20167424,"Drama|Mystery|Thriller","Ricardo Darín","The Secret in Their Eyes ",131831,1044,"Guillermo Francella",0,"investigation|justice|murder|suspect|tension","http://www.imdb.com/title/tt1305806/?ref_=fn_tt_tt_1",231,"Spanish","Argentina","R",2e+06,2009,88,8.2,2.35,33000
"Color","Michael Moore",263,123,909,184,"Tucker Albrizzi",909,24530513,"Documentary|Drama","Michael Moore","Sicko ",66610,1633,"Bill Clinton",1,"canada|cuba|france|guantanamo|hmo","http://www.imdb.com/title/tt0386032/?ref_=fn_tt_tt_1",429,"English","USA","PG-13",9e+06,2007,203,8,1.85,0
"Color","Amat Escalante",87,105,50,8,"Andrea Vergara",327,NA,"Crime|Drama|Romance","Kenny Johnston","Heli ",3499,351,"Gabriel Reyes",0,"corrupt police|drug cartel|drugs|mexico|police","http://www.imdb.com/title/tt2852376/?ref_=fn_tt_tt_1",15,"Spanish","Mexico","Not Rated",1e+06,2013,9,6.8,1.85,0
"Color","Hans Petter Moland",28,106,19,0,"Sara-Marie Maltha",844,64148,"Drama","Charlotte Rampling","Aberdeen ",2601,846,"Stellan Skarsgård",0,"death|ferry|lawyer|norway|vomiting","http://www.imdb.com/title/tt0168446/?ref_=fn_tt_tt_1",35,"English","UK","",6500000,2000,2,7.3,1.85,260
"Color","Ridley Scott",238,128,0,135,"Simon McBurney",29000,39380442,"Action|Drama|Thriller","Leonardo DiCaprio","Body of Lies ",174248,29824,"Michael Gaston",1,"cia|jordan|middle east|spy|terrorist","http://www.imdb.com/title/tt0758774/?ref_=fn_tt_tt_1",263,"English","USA","R",7e+07,2008,149,7.1,2.35,0
"Color","Peter Webber",209,131,73,163,"Stephen Walters",879,27667947,"Crime|Drama|Thriller","Li Gong","Hannibal Rising ",86374,1344,"Richard Brake",0,"aunt|cannibalism|faked death|medical student|revenge","http://www.imdb.com/title/tt0367959/?ref_=fn_tt_tt_1",392,"English","UK","R",5e+07,2007,184,6.2,2.35,3000
"Color","H.M. Coakley",8,91,0,137,"Steffinnie Phrommany",696,NA,"Crime|Drama|Thriller","Mehcad Brooks","Adulterers ",514,1210,"Danielle Savre",3,"cheating husband|female nudity|male nudity|male rear nudity|revenge","http://www.imdb.com/title/tt4044464/?ref_=fn_tt_tt_1",1,"English","USA","",750000,2015,320,4.9,2.35,158
"Color","Max Mayer",122,99,6,194,"Terry Walters",828,2277396,"Drama|Romance","Peter Gallagher","Adam ",29239,1936,"Amy Irving",0,"apartment|asperger's syndrome|children|teacher|writer","http://www.imdb.com/title/tt1185836/?ref_=fn_tt_tt_1",70,"English","USA","PG-13",NA,2009,390,7.2,2.35,0
"Color","Dwight H. Little",94,97,27,522,"Salli Richardson-Whitfield",601,31526393,"Action|Adventure|Horror|Thriller","Nicholas Gonzalez","Anacondas: The Hunt for the Blood Orchid ",22243,2730,"Johnny Messner",0,"anaconda|blood|borneo|flower|orchid","http://www.imdb.com/title/tt0366174/?ref_=fn_tt_tt_1",144,"English","USA","PG-13",2.5e+07,2004,543,4.6,2.35,686
"Color","Rick Rosenthal",151,94,28,731,"Thomas Ian Nicholas",2000,30259652,"Comedy|Horror|Thriller","Jamie Lee Curtis","Halloween: Resurrection ",26905,5440,"Bianca Kajlich",5,"cult film|halloween|killer|michael myers|serial killer","http://www.imdb.com/title/tt0220506/?ref_=fn_tt_tt_1",614,"English","USA","R",1.5e+07,2002,864,4.1,2.35,0
"Color","Harald Zwart",79,102,91,434,"Frankie Muniz",1000,47285499,"Action|Adventure|Comedy|Crime|Family|Romance|Thriller","Daniel Roebuck","Agent Cody Banks ",26755,3037,"Chris Gauthier",3,"cia|nanobot|prep school|scientist|teenager","http://www.imdb.com/title/tt0313911/?ref_=fn_tt_tt_1",104,"English","USA","PG",2.6e+07,2003,934,5,2.35,542
"Color","James Gunn",238,96,571,370,"Rainn Wilson",2000,322157,"Comedy|Crime|Drama","Linda Cardellini","Super ",61787,4590,"Paul T. Taylor",0,"drug dealer|superhero|tragedy|tragic hero|tragic love","http://www.imdb.com/title/tt1512235/?ref_=fn_tt_tt_1",203,"English","USA","R",2500000,2010,973,6.8,1.85,19000
"Color","Richard Loncraine",171,105,12,935,"Harrison Ford",87000,48745150,"Crime|Thriller","Jimmy Bennett","Firewall ",50170,101383,"Mary Lynn Rajskub",1,"architect|bank|cayman islands|meeting|murder","http://www.imdb.com/title/tt0408345/?ref_=fn_tt_tt_1",306,"English","USA","PG-13",5e+07,2006,11000,5.8,2.35,773
"Color","Ethan Coen",341,96,1000,681,"Brad Pitt",24000,60338891,"Comedy|Drama","J.K. Simmons","Burn After Reading ",248468,36093,"Kevin Sussman",0,"cia|divorce|embassy|gym|memoir","http://www.imdb.com/title/tt0887883/?ref_=fn_tt_tt_1",545,"English","USA","R",3.7e+07,2008,11000,7,1.85,0
"Color","Andy Cadiff",65,101,3,120,"Stark Sands",448,12189514,"Comedy|Romance","Annabella Sciorra","Chasing Liberty ",30092,842,"Terence Maynard",0,"first daughter|photographer|prague|president|secret service agent","http://www.imdb.com/title/tt0360139/?ref_=fn_tt_tt_1",129,"English","USA","PG-13",2.3e+07,2004,143,6.1,2.35,0
"Color","Jon M. Chu",84,115,209,41,"Sean Kingston",569,73000942,"Documentary|Music","Usher Raymond","Justin Bieber: Never Say Never ",74351,714,"Boys II Men",1,"boyhood friend|manager|plasma tv|prodigy|star","http://www.imdb.com/title/tt1702443/?ref_=fn_tt_tt_1",233,"English","USA","G",1.3e+07,2011,69,1.6,1.85,62000
"Color","Jon Amiel",57,123,36,631,"Holly Hunter",10000,32051917,"Crime|Drama|Mystery|Thriller","William McNamara","Copycat ",42315,12338,"Harry Connick Jr.",0,"agoraphobia|copycat murder|detective|psychologist|serial killer","http://www.imdb.com/title/tt0112722/?ref_=fn_tt_tt_1",140,"English","USA","R",2e+07,1995,1000,6.6,2.35,0
"Color","JK Youn",43,103,2,13,"Ji-won Ha",94,NA,"Action|Comedy|Drama|Thriller","Nicole Dionne","Tidal Wave ",2659,213,"Kyung-gu Sol",2,"korea|lifeguard|single father|tears|tsunami","http://www.imdb.com/title/tt1153040/?ref_=fn_tt_tt_1",25,"Korean","South Korea","R",NA,2009,80,5.7,2.35,558
"Color","Brett Ratner",245,101,420,467,"Rufus Sewell",12000,72660029,"Action|Adventure","Dwayne Johnson","Hercules ",115687,16235,"Ingrid Bolsø Berdal",0,"army|greek mythology|hercules|king|mercenary","http://www.imdb.com/title/tt1267297/?ref_=fn_tt_tt_1",269,"English","USA","PG-13",1e+08,2014,3000,6,2.35,21000
"Color","Daniel Hsia",14,100,0,489,"Daniel Henney",946,10443,"Comedy|Drama|Romance","Alan Ruck","Shanghai Calling ",1255,2386,"Eliza Coupe",5,"","http://www.imdb.com/title/tt2070597/?ref_=fn_tt_tt_1",9,"English","USA","PG-13",NA,2012,719,6.3,2.35,660
"Color","Christopher Nolan",712,169,22000,6000,"Anne Hathaway",11000,187991439,"Adventure|Drama|Sci-Fi","Matthew McConaughey","Interstellar ",928227,31488,"Mackenzie Foy",1,"black hole|father daughter relationship|saving the world|space travel|wormhole","http://www.imdb.com/title/tt0816692/?ref_=fn_tt_tt_1",2725,"English","USA","PG-13",1.65e+08,2014,11000,8.6,2.35,349000
" Black and White","Joel Coen",77,111,0,385,"Bill Cobbs",1000,2869369,"Comedy|Fantasy","Jennifer Jason Leigh","The Hudsucker Proxy ",65474,2612,"John Mahoney",2,"art deco|board of directors|industry|mail|stock","http://www.imdb.com/title/tt0110074/?ref_=fn_tt_tt_1",211,"English","UK","PG",3e+07,1994,970,7.3,1.85,0
"Color","Kasi Lemmons",58,105,148,400,"Tamara Tunie",539,687081,"Crime|Drama|Music|Mystery|Thriller","Colm Feore","The Caveman's Valentine ",5602,1767,"Aunjanue Ellis",0,"chrysler building manhattan new york city|delusion|manhattan new york city|new york city|title directed by female","http://www.imdb.com/title/tt0182000/?ref_=fn_tt_tt_1",59,"English","USA","R",NA,2001,508,6,1.85,329
"Color","Andrzej Bartkowiak",107,101,43,655,"Bill Duke",2000,51758599,"Action|Comedy|Crime|Drama|Thriller","Michael Jai White","Exit Wounds ",27580,5942,"Bruce McGill",0,"corrupt cop|drug dealer|drugs|heroin|vice president","http://www.imdb.com/title/tt0242445/?ref_=fn_tt_tt_1",232,"English","USA","R",3.3e+07,2001,1000,5.5,2.35,742
"Color","Simon Wells",124,96,25,102,"Alan Young",891,56684819,"Action|Adventure|Sci-Fi","Mark Addy","The Time Machine ",103787,1919,"Josh Stamberg",0,"hunter|scientist|time machine|time travel|time travel romance","http://www.imdb.com/title/tt0268695/?ref_=fn_tt_tt_1",615,"English","USA","PG-13",8e+07,2002,639,5.9,2.35,3000
" Black and White","Frank Coraci",108,90,153,427,"Clint Howard",11000,161487252,"Comedy|Sport","Adam Sandler","The Waterboy ",119450,13823,"Peter Dante",0,"coach|college|college football|domineering mother|football","http://www.imdb.com/title/tt0120484/?ref_=fn_tt_tt_1",300,"English","USA","PG-13",2e+07,1998,1000,6.1,1.85,0
"Color","Joshua Marston",155,101,13,6,"Wilson Guerrero",280,6517198,"Crime|Drama","Catalina Sandino Moreno","Maria Full of Grace ",30474,308,"Yenny Paola Vega",0,"colombia|colombian|drug mule|money|stomach","http://www.imdb.com/title/tt0390221/?ref_=fn_tt_tt_1",172,"Spanish","Colombia","R",3e+06,2004,11,7.5,1.85,0
"Color","Mike Newell",117,147,179,646,"Al Pacino",40000,41954997,"Biography|Crime|Drama","Johnny Depp","Donnie Brasco ",225122,56014,"Anne Heche",2,"fbi|mafia|money|racial slur|singer","http://www.imdb.com/title/tt0119008/?ref_=fn_tt_tt_1",234,"English","USA","R",3.5e+07,1997,14000,7.8,2.35,0
"Color","Anurag Basu",41,90,116,303,"Steven Michael Quezada",594,1602466,"Action|Drama|Romance|Thriller","Bárbara Mori","Kites ",9673,1836,"Kabir Bedi",0,"casino|desert|love|suicide|tragic event","http://www.imdb.com/title/tt1198101/?ref_=fn_tt_tt_1",106,"English","India","",6e+08,2010,412,6,NA,0
"Color","Sam Firstenberg",40,90,44,93,"Steve James",615,4000000,"Action|Drama","Michael Dudikoff","American Ninja 2: The Confrontation ",6046,872,"Larry Poindexter",0,"blood splatter|island|motorboat|ninja|sequel to cult film","http://www.imdb.com/title/tt0092548/?ref_=fn_tt_tt_1",46,"English","USA","R",350000,1987,96,4.7,1.85,583
"Color","Tim Burton",451,108,13000,11000,"Alan Rickman",40000,334185206,"Adventure|Family|Fantasy","Johnny Depp","Alice in Wonderland ",306320,79957,"Anne Hathaway",0,"alice in wonderland|mistaking reality for dream|queen|shrinking|shrinking potion","http://www.imdb.com/title/tt1014759/?ref_=fn_tt_tt_1",736,"English","USA","PG",2e+08,2010,25000,6.5,1.85,24000
"Color","Russell Holt",6,118,0,249,"Brenda Strong",373,3347439,"Drama|Romance","Eric Johnson","The Work and the Glory ",833,1233,"Tiffany Dupont",1,"1830s|baptism|intolerance|mormon church|sibling rivalry","http://www.imdb.com/title/tt0410454/?ref_=fn_tt_tt_1",33,"English","USA","PG",7500000,2004,266,6.9,NA,31
"Color","Barbra Streisand",16,132,0,122,"Amy Irving",405,30400000,"Drama|Musical|Romance","Miriam Margolyes","Yentl ",9503,914,"Steven Hill",1,"love|study|talmud|wedding|yeshiva","http://www.imdb.com/title/tt0086619/?ref_=fn_tt_tt_1",68,"English","UK","PG",1.2e+07,1983,194,6.6,1.85,0
"Color","Ralph Nelson",32,103,17,113,"Dick Van Patten",754,NA,"Drama|Romance|Sci-Fi","Cliff Robertson","Charly ",4998,1567,"Claire Bloom",0,"disability|experiment|genius|intelligence|mouse","http://www.imdb.com/title/tt0062794/?ref_=fn_tt_tt_1",55,"English","USA","PG",NA,1968,605,7.1,2.35,785
"Color","Joe Wright",256,111,456,394,"Cara Delevingne",20000,34964818,"Adventure|Family|Fantasy","Hugh Jackman","Pan ",39956,21393,"Nonso Anozie",4,"1940s|child hero|fantasy world|orphan|reference to peter pan","http://www.imdb.com/title/tt3332064/?ref_=fn_tt_tt_1",186,"English","USA","PG",1.5e+08,2015,548,5.8,2.35,24000
"Color","Gary Sinyor",12,94,0,136,"Frank Finlay",722,69582,"Comedy","Sean Pertwee","Stiff Upper Lips ",867,1477,"Samuel West",2,"class conflict|edwardian era|england|sexual awakening|spoof","http://www.imdb.com/title/tt0120210/?ref_=fn_tt_tt_1",21,"English","UK","R",NA,1998,338,6.4,1.85,109
"Color","Kurt Wimmer",158,94,110,277,"Cameron Bright",14000,18500966,"Action|Horror|Sci-Fi|Thriller","Milla Jovovich","Ultraviolet ",70341,15271,"Nick Chinlund",1,"boy|disease|hemophagia|speed|vampire","http://www.imdb.com/title/tt0370032/?ref_=fn_tt_tt_1",830,"English","USA","PG-13",3e+07,2006,829,4.4,1.85,0
"Color","Taylor Hackford",209,178,138,748,"Curtis Armstrong",904,75305995,"Biography|Drama|Music","Bokeem Woodbine","Ray ",110394,5074,"Harry Lennix",0,"1950s|1960s|racism|rhythm and blues|singer","http://www.imdb.com/title/tt0350258/?ref_=fn_tt_tt_1",433,"English","USA","PG-13",4e+07,2004,876,7.7,1.85,0
"Color","Richard Shepard",191,96,47,442,"Philip Baker Hall",3000,12570442,"Comedy|Crime|Drama|Thriller","Adam Scott","The Matador ",40514,4053,"Hope Davis",0,"bar|hitman|luck|mexico|mexico city","http://www.imdb.com/title/tt0365485/?ref_=fn_tt_tt_1",234,"English","USA","R",1e+07,2005,497,6.8,2.35,808
"Color","Jesse Dylan",94,95,58,3000,"Will Ferrell",14000,52580895,"Comedy|Family|Romance|Sport","Josh Hutcherson","Kicking & Screaming ",30255,27351,"Robert Duvall",1,"book|child|slapstick comedy|soccer|suburb","http://www.imdb.com/title/tt0384642/?ref_=fn_tt_tt_1",118,"English","USA","PG",4.5e+07,2005,8000,5.6,2.35,743
"Color","Ed Decter",49,92,13,301,"Eddie Griffin",11000,28972187,"Comedy","Zooey Deschanel","The New Guy ",28805,12687,"Gene Simmons",1,"cheerleader|geek|high school|prison|reference to janet jackson","http://www.imdb.com/title/tt0241760/?ref_=fn_tt_tt_1",159,"English","USA","PG-13",1.3e+07,2002,489,5.9,1.85,1000
"Color","Darren Lynn Bousman",10,97,163,303,"Barry Bostwick",636,NA,"Horror|Musical","Paul Sorvino","Alleluia! The Devil's Carnival ",259,2438,"Terrance Zdunich",5,"carnival|devil|redemption|reference to god","http://www.imdb.com/title/tt3892618/?ref_=fn_tt_tt_1",20,"English","USA","",5e+05,2016,456,7.4,1.78,707
"Color","Jeffrey W. Byrd",23,95,2,807,"Loretta Devine",927,4006906,"Comedy|Crime","Donald Faison","King's Ransom ",3229,4990,"Regina Hall",7,"hit in the crotch|kidnapping|nail gun|police|release from prison","http://www.imdb.com/title/tt0388183/?ref_=fn_tt_tt_1",20,"English","USA","PG-13",1.5e+07,2005,912,4.1,1.85,83
"Color","Renny Harlin",113,108,212,347,"Ashley Scott",969,12232937,"Action|Crime|Thriller","Taylor Cole","12 Rounds ",22823,2799,"Nick Gomez",1,"2000s|detective|sadist|terrorism|terrorist","http://www.imdb.com/title/tt1160368/?ref_=fn_tt_tt_1",113,"English","USA","PG-13",2.2e+07,2009,794,5.6,2.35,0
"Color","Rand Ravich",107,109,7,1000,"Charlize Theron",40000,10654581,"Drama|Sci-Fi|Thriller","Johnny Depp","The Astronaut's Wife ",45500,52621,"Clea DuVall",0,"astronaut|electrocuted in bathtub|mission|pilot|sister","http://www.imdb.com/title/tt0138304/?ref_=fn_tt_tt_1",260,"English","USA","R",3.4e+07,1999,9000,5.3,1.85,1000
"Color","Jonathan Demme",68,125,438,372,"Tom Hanks",18000,77324422,"Drama","Denzel Washington","Philadelphia ",178731,33865,"Jason Robards",2,"aids|city name in title|gay|homophobia|lawyer","http://www.imdb.com/title/tt0107818/?ref_=fn_tt_tt_1",261,"English","USA","PG-13",2.6e+07,1993,15000,7.7,1.85,0
"Color","Alex Craig Mann",29,87,38,445,"Christa B. Allen",552,1332,"Comedy|Horror","Justin Chon","Detention of the Dead ",2038,2251,"Max Adler",6,"based on play|blood|independent film|teenager|zombie","http://www.imdb.com/title/tt1865346/?ref_=fn_tt_tt_1",20,"English","USA","Not Rated",5e+05,2012,533,4.6,2.35,898
" Black and White","Jim Chuchu",6,60,0,4,"Olwenya Maina",147,NA,"Drama","Paul Ogola","Stories of Our Lives ",70,170,"Mugambi Nthiga",0,"","http://www.imdb.com/title/tt3973612/?ref_=fn_tt_tt_1",1,"Swahili","Kenya","",15000,2014,19,7.4,NA,45
"Color","Mike Barker",29,98,5,716,"Nicholas Lea",18000,NA,"Crime|Drama|Thriller","Gerard Butler","Shattered ",25450,20472,"Callum Rennie",1,"daughter|gun|nanny|sociopath|suburb","http://www.imdb.com/title/tt0489664/?ref_=fn_tt_tt_1",118,"English","UK","R",2e+07,2007,867,6.7,2.35,0
"Color","Karyn Kusama",178,93,45,352,"Sophie Okonedo",9000,25857987,"Action|Sci-Fi","Charlize Theron","Æon Flux ",110614,10185,"Paterson Joseph",0,"based on cult favorite|disease|female hero|female protagonist|future","http://www.imdb.com/title/tt0402022/?ref_=fn_tt_tt_1",532,"English","USA","PG-13",6.2e+07,2005,460,5.5,2.35,0
"Color","Troy Nixey",298,99,24,155,"Alan Dale",3000,24042490,"Fantasy|Horror|Thriller","Bailee Madison","Don't Be Afraid of the Dark ",40776,3744,"Jack Thompson",1,"basement|creature|disappearance|interior designer|mansion","http://www.imdb.com/title/tt1270761/?ref_=fn_tt_tt_1",250,"English","USA","R",2.5e+07,2010,441,5.6,1.85,10000
"Color","Kevin Spacey",37,97,18000,977,"Joe Mantegna",10000,326308,"Crime|Drama|Thriller","Viggo Mortensen","Albino Alligator ",6632,13718,"Faye Dunaway",3,"bar|box office flop|hostage|new orleans louisiana|police","http://www.imdb.com/title/tt0115495/?ref_=fn_tt_tt_1",69,"English","USA","R",5e+06,1996,1000,6.1,2.35,225
"Color","James Wong",211,98,70,591,"Brendan Fehr",1000,53302314,"Horror|Thriller","Daniel Roebuck","Final Destination ",181058,3345,"Kerr Smith",1,"dead teenager|death|explosion|premonition|teenager","http://www.imdb.com/title/tt0195714/?ref_=fn_tt_tt_1",674,"English","USA","R",2.3e+07,2000,847,6.7,1.85,0
"Color","Robert Zemeckis",49,104,0,812,"Meryl Streep",13000,58422650,"Comedy|Fantasy|Horror","Bruce Willis","Death Becomes Her ",78974,25599,"Isabella Rossellini",3,"plastic surgeon|rejuvenation|revenge|rival|rivalry","http://www.imdb.com/title/tt0104070/?ref_=fn_tt_tt_1",173,"English","USA","PG-13",5.5e+07,1992,11000,6.4,1.85,8000
"Color","Kirk Jones",170,110,52,651,"Dennis Quaid",10000,41102171,"Comedy|Drama|Romance","Anna Kendrick","What to Expect When You're Expecting ",57266,13396,"Thomas Lennon",12,"baby|expecting twins|hawaiian shirt|photographer|pregnancy","http://www.imdb.com/title/tt1586265/?ref_=fn_tt_tt_1",89,"English","USA","PG-13",4e+07,2012,2000,5.7,2.35,14000
"Color","Simon Curtis",203,109,64,553,"Frances Fisher",16000,33305037,"Biography|Drama|History","Ryan Reynolds","Woman in Gold ",33856,17866,"Elizabeth McGovern",2,"art|jewish|justice|nazi|theft","http://www.imdb.com/title/tt2404425/?ref_=fn_tt_tt_1",147,"English","UK","PG-13",1.1e+07,2015,638,7.3,2.35,34000
"Color","Danny Boyle",412,122,0,816,"Michael Fassbender",14000,17750583,"Biography|Drama","Kate Winslet","Steve Jobs ",93548,28933,"Michael Stuhlbarg",0,"apple computer|box office flop|computer|dialogue driven|father daughter relationship","http://www.imdb.com/title/tt2080374/?ref_=fn_tt_tt_1",307,"English","UK","R",3e+07,2015,13000,7.2,2.35,23000
"Color","Harold Becker",50,111,17,889,"Martin Landau",14000,20300000,"Drama|Thriller","Al Pacino","City Hall ",16741,17877,"Bridget Fonda",2,"drug dealer|mayor|new york city|probation|scandal","http://www.imdb.com/title/tt0115907/?ref_=fn_tt_tt_1",60,"English","USA","R",4e+07,1996,940,6.2,1.85,309
"Color","Jon Amiel",149,135,36,106,"Tchéky Karyo",894,31111260,"Action|Adventure|Sci-Fi|Thriller","Glenn Morshower","The Core ",77029,1439,"Rekha Sharma",0,"core|earth|natural disaster|pacemaker|scientist","http://www.imdb.com/title/tt0298814/?ref_=fn_tt_tt_1",466,"English","USA","PG-13",6e+07,2003,345,5.4,2.35,0
"Color","Michael Mann",299,120,0,680,"Jada Pinkett Smith",10000,100003492,"Crime|Drama|Thriller","Tom Cruise","Collateral ",293662,13581,"Debi Mazar",0,"city by night|contract killer|driving at night|los angeles california|taxi","http://www.imdb.com/title/tt0369339/?ref_=fn_tt_tt_1",836,"English","USA","R",6.5e+07,2004,851,7.6,2.35,0
"Color","Aaron Schneider",160,100,11,970,"Robert Duvall",13000,9176553,"Drama|Mystery","Bill Murray","Get Low ",19147,19330,"Bill Cobbs",1,"funeral|funeral home|hermit|party|secret","http://www.imdb.com/title/tt1194263/?ref_=fn_tt_tt_1",97,"English","USA","PG-13",7500000,2009,3000,7.1,2.35,0
"Color","Johnny Remo",2,112,74,891,"Randy Wayne",260000,96734,"Action|Drama","Matthew Ziff","Hardflip ",606,263584,"Raquel Elizabeth Ames",3,"family relationships|loss of mother|san diego california|single mother|suicide attempt","http://www.imdb.com/title/tt1907639/?ref_=fn_tt_tt_1",5,"English","USA","PG-13",1e+06,2012,984,5.6,1.85,706
"Color","Roland Emmerich",288,130,776,358,"Joely Richardson",898,4463292,"Drama|History|Thriller","Vanessa Redgrave","Anonymous ",34488,2452,"Rafe Spall",3,"earl of oxford|play|queen|rebellion|shakespeare play","http://www.imdb.com/title/tt1521197/?ref_=fn_tt_tt_1",136,"English","UK","PG-13",3e+07,2011,584,6.9,2.35,15000
"Color","Peter Cattaneo",47,107,11,419,"Olivia Williams",773,54606,"Comedy|Crime|Romance","James Nesbitt","Lucky Break ",1940,2440,"Peter McNamara",0,"escape|prison|prison escape|sadism|solitary confinement","http://www.imdb.com/title/tt0246134/?ref_=fn_tt_tt_1",34,"English","UK","PG-13",6e+06,2001,766,6.2,2.35,30
"Color","Steve McQueen",486,101,0,726,"Nicole Beharie",13000,4000304,"Drama","Michael Fassbender","Shame ",145395,15230,"James Badge Dale",0,"female frontal nudity|female nudity|male nudity|sex addict|sex addiction","http://www.imdb.com/title/tt1723811/?ref_=fn_tt_tt_1",375,"English","UK","NC-17",6500000,2011,898,7.3,2.35,23000
"Color","",5,43,NA,452,"Aimee Garcia",778,NA,"Action|Comedy|Crime","Jon Foo","Rush Hour             ",2185,2255,"Wendie Malick",2,"","http://www.imdb.com/title/tt4085584/?ref_=fn_tt_tt_1",30,"English","USA","TV-14",NA,NA,618,5.8,16,0
"Color","Ron Fricke",115,102,330,0,"Balinese Tari Legong Dancers",48,2601847,"Documentary|Music","Collin Alfredo St. Dic","Samsara ",22457,48,"Puti Sri Candra Dewi",0,"hall of mirrors|mont saint michel france|palace of versailles|turkey the country|yellowstone national park","http://www.imdb.com/title/tt0770802/?ref_=fn_tt_tt_1",69,"None","USA","PG-13",4e+06,2011,0,8.5,2.35,26000
"Color","Takeshi Kitano",81,114,0,403,"Tatyana Ali",865,447750,"Crime|Drama|Thriller","Omar Epps","Brother ",18520,2126,"James Shigeta",0,"gang|gangster|subjective camera|written and directed by cast member|yakuza","http://www.imdb.com/title/tt0222851/?ref_=fn_tt_tt_1",133,"English","USA","R",1e+07,2000,685,7.2,1.85,0
"Color","Scott Derrickson",233,122,301,457,"Colm Feore",1000,75072454,"Drama|Horror|Thriller","Tom Wilkinson","The Exorcism of Emily Rose ",96569,2759,"JR Bourne",0,"death|demonic possession|exorcism|lawyer|priest","http://www.imdb.com/title/tt0404032/?ref_=fn_tt_tt_1",522,"English","USA","PG-13",2e+07,2005,539,6.7,2.35,0
"Color","Chris Stokes",14,81,548,104,"Rachel Sterling",166,NA,"Horror","Kristen Quintrall","No Vacancy ",1561,609,"Black Thomas",0,"motel|psychopath|psychopathic killer|road trip|vomiting","http://www.imdb.com/title/tt1854582/?ref_=fn_tt_tt_1",21,"English","USA","R",4e+06,2012,134,4.2,NA,531
"Color","Brian Levant",81,94,32,626,"Harvey Korman",854,60573641,"Comedy|Family","Jim Belushi","Jingle All the Way ",68406,4530,"Jake Lloyd",1,"action figure|christmas|hero|karate|toy","http://www.imdb.com/title/tt0116705/?ref_=fn_tt_tt_1",162,"English","USA","PG",6e+07,1996,628,5.4,1.85,0
"Color","Karey Kirkpatrick",93,107,11,506,"Ronny Cox",939,16088610,"Comedy|Drama|Family|Fantasy","Stephen Root","Imagine That ",10417,3742,"Richard Schiff",2,"blanket|competition|family relationships|feather|sleepover","http://www.imdb.com/title/tt0780567/?ref_=fn_tt_tt_1",39,"English","USA","PG",5.5e+07,2009,605,5.6,2.35,610
"Color","Pete Docter",408,96,0,262,"Delroy Lindo",1000,292979556,"Adventure|Animation|Comedy|Family","John Ratzenberger","Up ",665575,2635,"Jess Harnell",1,"balloon|house|promise|retirement|skeleton","http://www.imdb.com/title/tt1049413/?ref_=fn_tt_tt_1",704,"English","USA","PG",1.75e+08,2009,848,8.3,1.85,27000
"Color","Paul Feig",270,123,176,749,"William Xifaras",975,159578352,"Action|Comedy|Crime","Michael Rapaport","The Heat ",133177,4825,"Demián Bichir",7,"drug lord|fbi|fbi agent|hospital|shot in the crotch","http://www.imdb.com/title/tt2404463/?ref_=fn_tt_tt_1",380,"English","USA","R",4.3e+07,2013,815,6.6,2.35,24000
"Color","Tim Hill",70,87,25,611,"F. Murray Abraham",1000,16290976,"Adventure|Comedy|Family|Fantasy|Music|Sci-Fi","Josh Charles","Muppets from Space ",14637,3243,"David Arquette",0,"alien|breakfast|escape|rat|ufo","http://www.imdb.com/title/tt0158811/?ref_=fn_tt_tt_1",100,"English","USA","G",2.4e+07,1999,670,6.2,1.85,619
"Color","Ted Kotcheff",145,93,270,535,"Brian Dennehy",13000,NA,"Action|Adventure|Drama","Sylvester Stallone","First Blood ",172489,15192,"Chris Mulkey",1,"1980s|colonel|deputy|rambo|sheriff","http://www.imdb.com/title/tt0083944/?ref_=fn_tt_tt_1",376,"English","USA","R",1.4e+07,1982,954,7.7,2.35,0
"Color","Henry Jaglom",19,117,69,87,"Stephen Dillane",898,821997,"Drama|Romance","Vanessa Redgrave","Déjà Vu ",666,1753,"Michael Brandon",0,"american|love|pin|ruby|stranger","http://www.imdb.com/title/tt0119033/?ref_=fn_tt_tt_1",40,"English","USA","PG-13",NA,1997,577,7,1.85,91
"Color","Josh Trank",414,89,128,371,"Alex Russell",963,64572496,"Drama|Sci-Fi|Thriller","Michael Kelly","Chronicle ",204327,2054,"Ashley Hinshaw",0,"found footage|high school|subjective camera|teen angst|troubled teen","http://www.imdb.com/title/tt1706593/?ref_=fn_tt_tt_1",471,"English","USA","PG-13",1.2e+07,2012,465,7.1,1.85,32000
"Color","Malcolm D. Lee",76,114,92,436,"Mike Epps",940,42168445,"Comedy|Drama|Romance","Mo'Nique","Welcome Home, Roscoe Jenkins ",10791,3565,"Cedric the Entertainer",3,"african american protagonist|comma in title|four word title|name in title|talk show host","http://www.imdb.com/title/tt0494652/?ref_=fn_tt_tt_1",39,"English","USA","PG-13",3.5e+07,2008,706,5.3,1.85,464
"Color","Richard E. Grant",49,97,554,530,"Julie Walters",876,233103,"Drama","Emily Watson","Wah-Wah ",2670,2544,"Miranda Richardson",3,"alcoholic|alcoholic father|stepmother|swaziland|unfaithful wife","http://www.imdb.com/title/tt0419256/?ref_=fn_tt_tt_1",50,"English","UK","R",7e+06,2005,838,6.9,2.35,311
"Color","Martin Campbell",156,136,258,94,"Tony Amendola",12000,93771072,"Action|Adventure|Comedy|Romance|Thriller|Western","Anthony Hopkins","The Mask of Zorro ",135404,12396,"Stuart Wilson",0,"19th century|california|revenge|training|zorro","http://www.imdb.com/title/tt0120746/?ref_=fn_tt_tt_1",318,"English","USA","PG-13",6.5e+07,1998,174,6.7,2.35,0
"Color","David Fincher",157,129,21000,283,"Armin Mueller-Stahl",495,48265581,"Drama|Mystery|Thriller","Deborah Kara Unger","The Game ",261069,1397,"Charles Martinet",1,"birthday|falling through a glass roof|game|hitchcockian|suicide","http://www.imdb.com/title/tt0119174/?ref_=fn_tt_tt_1",506,"English","USA","R",5e+07,1997,294,7.8,2.35,25000
"Color","Cameron Crowe",153,141,488,509,"Ivana Milicevic",10000,100614858,"Fantasy|Mystery|Romance|Sci-Fi|Thriller","Tom Cruise","Vanilla Sky ",206776,11458,"Noah Taylor",1,"death|dream|love|lynchian|reality","http://www.imdb.com/title/tt0259711/?ref_=fn_tt_tt_1",1248,"English","USA","R",6.8e+07,2001,834,6.9,1.85,0
"Color","Timur Bekmambetov",316,110,335,988,"Morgan Freeman",11000,134568845,"Action|Crime|Fantasy|Thriller","Angelina Jolie Pitt","Wanted ",299852,25763,"Common",0,"assassin|bobble head doll|femme fatale|rejuvenation|strong female lead","http://www.imdb.com/title/tt0493464/?ref_=fn_tt_tt_1",713,"English","USA","R",7.5e+07,2008,11000,6.7,2.35,0
"Color","Brian Levant",35,91,32,628,"Elizabeth Perkins",924,130512915,"Comedy|Family|Fantasy","Jonathan Winters","The Flintstones ",60884,3244,"Harvey Korman",2,"1000000 b.c.|box office hit|lawn mowing|product placement|stone age","http://www.imdb.com/title/tt0109813/?ref_=fn_tt_tt_1",85,"English","USA","PG",4.5e+07,1994,664,4.8,1.33,0
"Color","Barry Levinson",64,109,272,124,"Roger Ashton-Griffiths",155,4250320,"Adventure|Fantasy|Mystery|Thriller","Nicholas Rowe","Young Sherlock Holmes ",14870,605,"Freddie Jones",1,"cult|death|delusion|girl|sherlock holmes","http://www.imdb.com/title/tt0090357/?ref_=fn_tt_tt_1",86,"English","USA","PG-13",1.8e+07,1985,144,6.8,1.85,0
"Color","Spike Lee",61,202,0,318,"Delroy Lindo",18000,48169908,"Biography|Drama|History|Romance","Denzel Washington","Malcolm X ",63923,20143,"Al Freeman Jr.",0,"african american|black history|civil rights|ku klux klan|nation of islam","http://www.imdb.com/title/tt0104797/?ref_=fn_tt_tt_1",156,"English","USA","PG-13",3.3e+07,1992,848,7.7,1.85,0
"Color","Julian Jarrold",91,102,11,35,"Warren Clarke",10000,NA,"Crime|Drama|Mystery|Thriller","Andrew Garfield","Red Riding: In the Year of Our Lord 1974 ",9305,10369,"John Henshaw",0,"ejected from a moving vehicle|gun held to head|handcuffs|shot multiple times|strangulation","http://www.imdb.com/title/tt1259574/?ref_=fn_tt_tt_1",44,"English","UK","Not Rated",NA,2009,281,7.1,1.85,0
"Color","Joshua Michael Stern",131,120,0,886,"Judge Reinhold",1000,16284360,"Comedy|Drama","Madeline Carroll","Swing Vote ",15079,6212,"Nathan Lane",1,"ballot|election|new mexico|vote|voting","http://www.imdb.com/title/tt1027862/?ref_=fn_tt_tt_1",79,"English","USA","PG-13",2.1e+07,2008,901,6.1,2.35,1000
"Color","Nicholas Stoller",253,118,89,344,"Jack McBrayer",15000,62877175,"Comedy|Drama|Romance","Mila Kunis","Forgetting Sarah Marshall ",217507,16758,"Maria Thayer",1,"breakup|hawaii|hotel|male full frontal nudity|resort","http://www.imdb.com/title/tt0800039/?ref_=fn_tt_tt_1",325,"English","USA","R",3e+07,2008,975,7.2,1.85,0
"Color","Simon West",152,87,165,383,"Tessa Thompson",1000,47860214,"Horror|Thriller","Madeline Carroll","When a Stranger Calls ",34711,2452,"Brian Geraghty",0,"babysitting|cell phone|high school|nightmare|teenager","http://www.imdb.com/title/tt0455857/?ref_=fn_tt_tt_1",468,"English","USA","PG-13",1.5e+07,2006,431,5,2.35,0
"Color","Wes Anderson",83,91,0,65,"Darryl Cox",387,1040879,"Comedy|Crime|Drama","Andrew Wilson","Bottle Rocket ",54478,648,"Lumi Cavazos",0,"caper|escapade|motel|robbery|texas","http://www.imdb.com/title/tt0115734/?ref_=fn_tt_tt_1",184,"English","USA","R",7e+06,1996,96,7.1,1.85,0
"Color","John Pasquin",55,98,11,466,"Ken Marino",854,22770864,"Comedy|Drama","Jim Belushi","Joe Somebody ",8433,2765,"Kelly Lynch",1,"bully|co worker|divorce|fight|karate","http://www.imdb.com/title/tt0279889/?ref_=fn_tt_tt_1",85,"English","USA","PG",3.8e+07,2001,543,5.5,1.85,168
"Color","Mark Herman",64,97,39,286,"Annette Badland",1000,4595000,"Comedy|Drama|Music|Romance","Jim Broadbent","Little Voice ",13892,2103,"Brenda Blethyn",4,"mother|recluse|shy|singer|talent","http://www.imdb.com/title/tt0147004/?ref_=fn_tt_tt_1",160,"English","UK","R",NA,1998,497,7,1.85,915
"Color","Peter Ho-Sun Chan",106,113,31,483,"Takeshi Kaneshiro",5000,128978,"Action|Drama|History|Romance|War","Jet Li","The Warlords ",22897,6267,"Andy Lau",2,"assassination|blood brother|dynasty|general|stabbing a woman","http://www.imdb.com/title/tt0913968/?ref_=fn_tt_tt_1",61,"Mandarin","Hong Kong","R",4e+07,2007,755,7.1,2.35,0
"Color","Pete Docter",250,92,0,773,"John Ratzenberger",12000,289907418,"Adventure|Animation|Comedy|Family|Fantasy","Steve Buscemi","Monsters, Inc. ",585659,15013,"James Coburn",0,"friend|little girl|monster|rival|scream","http://www.imdb.com/title/tt0198781/?ref_=fn_tt_tt_1",593,"English","USA","G",1.15e+08,2001,1000,8.1,1.85,0
"Color","Tony Scott",81,140,12000,619,"Jake Busey",10000,111544445,"Action|Crime|Drama|Mystery|Thriller","Will Smith","Enemy of the State ",188116,11951,"Lisa Bonet",4,"congressman|lawyer|nsa|on the run|surveillance","http://www.imdb.com/title/tt0120660/?ref_=fn_tt_tt_1",415,"English","USA","R",9e+07,1998,660,7.3,2.35,0
"Color","Mick Jackson",84,104,81,612,"Anne Heche",3000,47474112,"Action|Drama|Sci-Fi|Thriller","Don Cheadle","Volcano ",58227,5062,"Gaby Hoffmann",0,"earthquake|fire|lava|rescue|volcano","http://www.imdb.com/title/tt0120461/?ref_=fn_tt_tt_1",181,"English","USA","PG-13",9e+07,1997,643,5.4,1.85,2000
"Color","Pierre Coffin",306,98,275,1000,"Miranda Cosgrove",7000,368049635,"Animation|Comedy|Family|Sci-Fi","Steve Carell","Despicable Me 2 ",286877,11905,"Steve Coogan",0,"dating|minion|overprotective father|undercover spy|woman agent","http://www.imdb.com/title/tt1690953/?ref_=fn_tt_tt_1",284,"English","USA","PG",7.6e+07,2013,2000,7.5,1.85,56000
"Color","Scott Frank",253,114,71,313,"Boyd Holbrook",14000,25977365,"Crime|Drama|Mystery|Thriller","Liam Neeson","A Walk Among the Tombstones ",87950,15428,"David Harbour",0,"drug dealer|ex cop|murder of wife|revenge|violence","http://www.imdb.com/title/tt0365907/?ref_=fn_tt_tt_1",207,"English","USA","R",2.8e+07,2014,439,6.5,2.35,15000
"Color","Peter Jackson",422,164,0,773,"Adam Brown",5000,255108370,"Adventure|Fantasy","Aidan Turner","The Hobbit: The Battle of the Five Armies ",354228,9152,"James Nesbitt",0,"army|elf|hobbit|middle earth|orc","http://www.imdb.com/title/tt2310332/?ref_=fn_tt_tt_1",802,"English","New Zealand","PG-13",2.5e+08,2014,972,7.5,2.35,65000
"Color","George Roy Hill",130,110,131,399,"Ted Cassidy",640,102308900,"Biography|Crime|Drama|Western","Katharine Ross","Butch Cassidy and the Sundance Kid ",152089,2169,"Kenneth Mars",1,"bolivia|gang|outlaw|posse|train","http://www.imdb.com/title/tt0064115/?ref_=fn_tt_tt_1",309,"English","USA","M",6e+06,1969,566,8.1,2.35,0
"Color","Jorge Ramírez Suárez",26,120,45,69,"Adriana Barraza",623,100412,"Drama","Hector Kotsifakis","Buen Día, Ramón ",2112,824,"Arcelia Ramírez",0,"","http://www.imdb.com/title/tt2876428/?ref_=fn_tt_tt_1",7,"German","Mexico","PG-13",4e+06,2013,85,7.7,2.35,0
"Color","John Madden",96,131,108,58,"Irene Papas",23000,25528495,"Drama|Music|Romance|War","Christian Bale","Captain Corelli's Mandolin ",28099,23325,"Mihalis Giannatos",2,"captain|greek|island|italian|love","http://www.imdb.com/title/tt0238112/?ref_=fn_tt_tt_1",220,"English","UK","R",5.7e+07,2001,243,5.9,2.35,0
"Color","Mark Brown",40,90,7,405,"Vivica A. Fox",939,22235901,"Comedy|Romance","Mo'Nique","Two Can Play That Game ",4339,2815,"Tamala Jones",2,"advice|battle of the sexes|lingerie|romantic rivalry|rule","http://www.imdb.com/title/tt0269341/?ref_=fn_tt_tt_1",31,"English","USA","R",6e+06,2001,890,6.1,1.85,593
"Color","Martin Scorsese",352,151,17000,1000,"Matt Damon",29000,132373442,"Crime|Drama|Thriller","Leonardo DiCaprio","The Departed ",873649,45648,"Ray Winstone",0,"boston|mole|police|undercover|undercover cop","http://www.imdb.com/title/tt0407887/?ref_=fn_tt_tt_1",2054,"English","USA","R",9e+07,2006,13000,8.5,2.35,29000
"Color","Costa-Gavras",69,132,333,284,"Mathieu Kassovitz",380,274299,"Biography|Crime|Drama|War","Sebastian Koch","Amen. ",11077,1429,"Ulrich Mühe",2,"jesuit|jew|pope|priest|ss","http://www.imdb.com/title/tt0280653/?ref_=fn_tt_tt_1",55,"English","France","Unrated",1.03e+08,2002,326,7.3,1.85,0
"Color","Katja von Garnier",106,98,18,220,"Agnes Bruckner",837,3525161,"Drama|Fantasy|Horror|Romance","Olivier Martinez","Blood and Chocolate ",15388,1675,"Chris Geere",0,"colorado|love|murder|rocky mountains|werewolf","http://www.imdb.com/title/tt0397044/?ref_=fn_tt_tt_1",190,"English","USA","PG-13",NA,2007,400,5.5,2.35,0
"Color","John Wells",175,101,53,580,"Omar Sy",14000,13650738,"Comedy|Drama","Bradley Cooper","Burnt ",61360,16926,"Riccardo Scamarcio",1,"chef|gay kiss|michelin star|restaurant|violent behavior","http://www.imdb.com/title/tt2503944/?ref_=fn_tt_tt_1",129,"English","USA","R",2e+07,2015,1000,6.6,2.35,25000
"Color","Tate Taylor",373,146,150,2000,"Bryce Dallas Howard",15000,169705587,"Drama","Emma Stone","The Help ",318955,23227,"Mike Vogel",2,"black servant|chocolate pie|jackson mississippi|maid|writing a novel","http://www.imdb.com/title/tt1454029/?ref_=fn_tt_tt_1",460,"English","USA","PG-13",2.5e+07,2011,3000,8.1,1.85,75000
"Color","William Malone",104,101,37,595,"Jeffrey Combs",2000,13208023,"Crime|Horror|Thriller","Natascha McElhone","Feardotcom ",17309,4262,"Udo Kier",1,"bondage gear|bound and gagged|hung by one's wrists|tied to a chair|tied to a table","http://www.imdb.com/title/tt0295254/?ref_=fn_tt_tt_1",388,"English","UK","R",4.2e+07,2002,886,3.3,2.35,612
"Color","Michael Walker",8,98,5,233,"Annabella Sciorra",587,NA,"Thriller","Paula Garcés","The Maid's Room ",719,1707,"John Brodsky",0,"","http://www.imdb.com/title/tt2263814/?ref_=fn_tt_tt_1",9,"English","USA","",6e+05,2013,448,4.5,NA,128
"Color","Kenny Ortega",36,96,197,115,"Omri Katz",580,39514713,"Comedy|Family|Fantasy","Vinessa Shaw","Hocus Pocus ",60494,1275,"Larry Bagby",0,"candle|cat|halloween|spell|virgin","http://www.imdb.com/title/tt0107120/?ref_=fn_tt_tt_1",132,"English","USA","PG",2.8e+07,1993,336,6.7,1.85,16000
"Color","Danny Leiner",106,83,8,612,"Mary Lynn Rajskub",3000,46729374,"Comedy|Mystery","Jennifer Garner","Dude, Where's My Car? ",116625,6454,"Marla Sokoloff",2,"bare chested male|gay kiss|homoeroticism|lesbian kiss|transsexual","http://www.imdb.com/title/tt0242423/?ref_=fn_tt_tt_1",469,"English","USA","PG-13",1.3e+07,2000,934,5.5,1.37,0
"Color","Jeff Schaffer",92,93,17,360,"Scott Mechlowicz",13000,17718223,"Comedy","Matt Damon","EuroTrip ",162067,14180,"Jacob Pitts",5,"female frontal nudity|male frontal nudity|nudist|nudity|public nudity","http://www.imdb.com/title/tt0356150/?ref_=fn_tt_tt_1",316,"English","USA","R",2.5e+07,2004,634,6.6,1.85,0
"Color","Craig Gillespie",151,124,44,367,"Suraj Sharma",4000,36447959,"Biography|Drama|Sport","Jon Hamm","Million Dollar Arm ",35833,6393,"Gregory Alan Williams",0,"baseball|based on true story|india|sports agent|training","http://www.imdb.com/title/tt1647668/?ref_=fn_tt_tt_1",96,"English","USA","PG",2.5e+07,2014,774,7,2.39,10000
"Color","Francis Ford Coppola",112,88,0,507,"Bruce Dern",1000,NA,"Comedy|Fantasy|Horror|Mystery","Alden Ehrenreich","Twixt ",8589,3150,"Joanne Whalley",0,"ghost|hotel|murder|stake|what happened to epilogue","http://www.imdb.com/title/tt1756851/?ref_=fn_tt_tt_1",70,"English","USA","R",7e+06,2011,844,4.8,1.85,0
"Color","Tim Hill",156,95,25,439,"Elizabeth Perkins",989,108012170,"Adventure|Animation|Comedy|Family|Fantasy","Gary Cole","Hop ",24089,2558,"Chelsea Handler",0,"drummer|easter|easter bunny|piaggio vespa gtv 250|slacker","http://www.imdb.com/title/tt1411704/?ref_=fn_tt_tt_1",82,"English","USA","PG",6.3e+07,2011,664,5.5,1.85,0
"Color","David M. Matthews",5,NA,8,394,"Lamman Rucker",713,2592808,"Crime|Drama|Thriller","Essence Atkins","N-Secure ",548,3137,"Tempestt Bledsoe",5,"betrayal|family relationships|insecurity|murder|passive aggression","http://www.imdb.com/title/tt1289419/?ref_=fn_tt_tt_1",15,"English","USA","R",NA,2010,607,3.5,2.35,588
" Black and White","Quentin Tarantino",354,111,16000,640,"Vivica A. Fox",926,70098138,"Action","David Carradine","Kill Bill: Vol. 1 ",735784,3983,"Chiaki Kuriyama",0,"bride|coma|japan|revenge|sword","http://www.imdb.com/title/tt0266697/?ref_=fn_tt_tt_1",2105,"English","USA","R",3e+07,2003,890,8.1,2.35,13000
"Color","Michael Polish",113,104,35,844,"Virginia Madsen",24000,10996440,"Adventure|Drama|Sci-Fi","J.K. Simmons","The Astronaut Farmer ",19707,27806,"Bruce Dern",0,"bank|fbi|fuel|rocket|space travel","http://www.imdb.com/title/tt0469263/?ref_=fn_tt_tt_1",128,"English","USA","PG",1.3e+07,2006,912,6.3,2.35,862
"Color","Ice Cube",22,104,0,498,"Monica Calhoun",1000,23031390,"Comedy|Drama","Bernie Mac","The Players Club ",4345,2868,"Chrystale Wilson",9,"catfight|dominatrix|rape|spanking|stripper","http://www.imdb.com/title/tt0119905/?ref_=fn_tt_tt_1",26,"English","USA","R",4500000,1998,597,5.6,1.85,575
"Color","Brian Trenchard-Smith",30,92,53,32,"Damien Garvey",84,NA,"Action|Comedy|Crime","Zoe Ventoura","Drive Hard ",3104,179,"Christopher Sommers",2,"","http://www.imdb.com/title/tt2968804/?ref_=fn_tt_tt_1",33,"English","Canada","Not Rated",1.2e+07,2014,37,4.3,NA,774
"Color","James Bobin",218,113,33,11000,"Alan Rickman",40000,76846624,"Adventure|Family|Fantasy","Johnny Depp","Alice Through the Looking Glass ",21352,80806,"Anne Hathaway",1,"clock|dark fantasy|mad hatter|queen|sequel","http://www.imdb.com/title/tt2567026/?ref_=fn_tt_tt_1",131,"English","USA","PG",1.7e+08,2016,25000,6.4,1.85,30000
"Color","Joe Wright",324,129,456,0,"Guro Nagelhus Schia",2000,12802907,"Drama|Romance","Kelly Macdonald","Anna Karenina ",70886,2035,"Matthew Macfadyen",1,"dance|infidelity|marriage|russia|russian","http://www.imdb.com/title/tt1781769/?ref_=fn_tt_tt_1",226,"English","UK","R",NA,2012,35,6.6,2.35,36000
"Color","Gus Van Sant",59,106,835,458,"Wayne Knight",1000,21200000,"Comedy|Crime|Drama","Kurtwood Smith","To Die For ",34774,3598,"Holland Taylor",0,"career|fame|murder|new hampshire|television","http://www.imdb.com/title/tt0114681/?ref_=fn_tt_tt_1",162,"English","USA","R",2e+07,1995,967,6.8,1.85,1000
"Color","Mike Judge",63,81,406,616,"Demi Moore",13000,63071133,"Adventure|Animation|Comedy|Crime","Bruce Willis","Beavis and Butt-Head Do America ",42892,17035,"John Doman",0,"beavis and butt head|fbi|score|television|television set","http://www.imdb.com/title/tt0115641/?ref_=fn_tt_tt_1",154,"English","USA","PG-13",1.2e+07,1996,2000,6.8,1.85,0
"Color","David Koepp",164,99,192,282,"Kathryn Erbe",347,21133087,"Horror|Mystery|Thriller","Illeana Douglas","Stir of Echoes ",62468,1254,"Lusia Strus",0,"disappearance|hearing voices|hypnosis|post hypnotic suggestion|seeing a ghost","http://www.imdb.com/title/tt0164181/?ref_=fn_tt_tt_1",374,"English","USA","R",1.2e+07,1999,301,7,1.85,0
"Color","David Wain",65,96,136,139,"Ken Marino",4000,766487,"Comedy|Romance","Jon Hamm","The Ten ",15315,4883,"Ron Silver",4,"death|mexico|sabbath|surgeon|ten stories","http://www.imdb.com/title/tt0811106/?ref_=fn_tt_tt_1",117,"English","USA","R",5250000,2007,543,5,1.85,915
"Color","Jon Amiel",138,113,36,232,"Kevin McNally",537,87704396,"Action|Crime|Romance|Thriller","Will Patton","Entrapment ",88132,1302,"Maury Chaykin",1,"art thief|insurance|mask|master thief|reference to iron maiden","http://www.imdb.com/title/tt0137494/?ref_=fn_tt_tt_1",274,"English","USA","PG-13",6.6e+07,1999,427,6.2,2.35,0
"Color","Karan Johar",210,128,160,81,"Jimmy Shergill",8000,4018695,"Adventure|Drama|Thriller","Shah Rukh Khan","My Name Is Khan ",69759,8532,"Christopher B. Duncan",2,"airport|asperger's syndrome|autism|muslim|racial profiling","http://www.imdb.com/title/tt1188996/?ref_=fn_tt_tt_1",235,"Hindi","India","PG-13",1.2e+07,2010,327,8,2.35,27000
"Color","Jay Russell",79,95,13,430,"Frankie Muniz",1000,34099640,"Drama|Family|Sport","Clint Howard","My Dog Skip ",16651,2515,"Cody Linley",0,"1940s|dog|mississippi|puppy|veteran","http://www.imdb.com/title/tt0156812/?ref_=fn_tt_tt_1",149,"English","USA","PG",5e+06,2000,934,7,1.37,0
"Color","Guillaume Ivernel",41,80,0,168,"Jess Harnell",677,NA,"Adventure|Animation|Family|Fantasy","Rob Paulsen","Dragon Hunters ",10706,1364,"Mary Mouser",0,"cgi film|computer animation|dragon|hunter","http://www.imdb.com/title/tt0944834/?ref_=fn_tt_tt_1",39,"French","France","PG",1.1e+07,2008,262,6.6,NA,0
"Color","DJ Pooh",27,93,69,69,"Dr. Dre",522,10097096,"Comedy","Angell Conwell","The Wash ",5612,955,"DJ Pooh",2,"african american stereotype|car wash|rent|roommate|threatening telephone call","http://www.imdb.com/title/tt0290332/?ref_=fn_tt_tt_1",38,"English","USA","R",4e+06,2001,231,4.6,1.85,842
"Color","Bryan Singer",539,149,0,20000,"Peter Dinklage",34000,233914986,"Action|Adventure|Fantasy|Sci-Fi|Thriller","Jennifer Lawrence","X-Men: Days of Future Past ",514125,91434,"Hugh Jackman",7,"dystopia|super strength|supernatural power|time paradox|time travel","http://www.imdb.com/title/tt1877832/?ref_=fn_tt_tt_1",752,"English","USA","PG-13",2e+08,2014,22000,8,2.35,82000
"Color","James Bobin",398,103,33,84,"Eric Jacobson",970,88625922,"Adventure|Comedy|Family|Musical","Bill Cobbs","The Muppets ",75176,1336,"Steve Whitmire",3,"bel air california|book|friends who live together|the muppets|tribute band","http://www.imdb.com/title/tt1204342/?ref_=fn_tt_tt_1",252,"English","USA","PG",4.5e+07,2011,91,7.1,1.85,26000
"Color","Damian Nieman",25,101,0,83,"Jason Cerbone",240,10696,"Crime|Thriller","Glenn Plummer","Shade ",10771,490,"Mark De Alessandro",8,"bar|strip club|stripper|texas hold 'em|thong","http://www.imdb.com/title/tt0323939/?ref_=fn_tt_tt_1",65,"English","USA","R",6800000,2003,83,6.4,2.35,413
" Black and White","Billy Wilder",97,101,0,66,"Jane Wyman",287,NA,"Drama|Film-Noir","Ray Milland","The Lost Weekend ",24959,581,"Frank Faylen",4,"addiction|alcoholic|alcoholism|paranoia|suicidal thoughts","http://www.imdb.com/title/tt0037884/?ref_=fn_tt_tt_1",136,"English","USA","Not Rated",1250000,1945,160,8,1.37,0
"Color","Patricia Rozema",73,101,22,558,"Jane Krakowski",918,17655201,"Drama|Family","Julia Ormond","Kit Kittredge: An American Girl ",4719,3317,"Willow Smith",1,"boarding house|girl|great depression|house|ohio","http://www.imdb.com/title/tt0846308/?ref_=fn_tt_tt_1",24,"English","USA","G",1e+07,2008,624,6.7,1.85,851
"Color","Jerome Elston Scott",8,98,3,248,"Joanna Cassidy",500,NA,"Comedy|Drama|Romance","Taran Killam","Anderson's Cross ",95,1545,"Ryan Carnes",7,"divorce|marriage|mother daughter relationship|sex|teenage boy","http://www.imdb.com/title/tt0393049/?ref_=fn_tt_tt_1",7,"English","USA","R",3e+05,2010,317,7.2,NA,7
"Color","Andrew Adamson",73,91,80,31,"Erica Linz",473,12495865,"Fantasy","Dallas Barnett","Cirque du Soleil: Worlds Away ",7100,539,"Igor Zaripov",0,"aerialist|circus|cirque du soleil|clown|surrealism","http://www.imdb.com/title/tt1792647/?ref_=fn_tt_tt_1",35,"English","USA","PG",NA,2012,31,6.8,NA,0
"Color","George Cukor",82,170,165,244,"Rex Harrison",453,72000000,"Drama|Family|Musical|Romance","Jeremy Brett","My Fair Lady ",66959,1164,"Theodore Bikel",1,"colonel|flower girl|professor|street|wager","http://www.imdb.com/title/tt0058385/?ref_=fn_tt_tt_1",258,"English","USA","Approved",1.7e+07,1964,272,7.9,2.2,0
"Color","Russell Friedenberg",27,93,9,485,"Glen Powell",708,NA,"Action|Horror|Thriller","Rudy Youngblood","Wind Walkers ",133,2870,"Kiowa Gordon",NA,"after dark horrorfest","http://www.imdb.com/title/tt1236254/?ref_=fn_tt_tt_1",2,"English","USA","R",2e+06,2015,571,3.6,NA,135
"Color","Victor Nunez",11,114,9,86,"Todd Field",159,1001437,"Drama|Romance","Allison Dean","Ruby in Paradise ",2039,423,"Dorothy Lyman",1,"desire|florida|identity|resort town|sales","http://www.imdb.com/title/tt0108000/?ref_=fn_tt_tt_1",28,"English","USA","R",8e+05,1993,143,7.2,1.85,81
"Color","Harold Ramis",71,98,11000,484,"Rodney Dangerfield",13000,39800000,"Comedy|Sport","Bill Murray","Caddyshack ",81599,14921,"Brian Doyle-Murray",3,"caddy|country club|golf course|gopher|nudity","http://www.imdb.com/title/tt0080487/?ref_=fn_tt_tt_1",250,"English","USA","R",6e+06,1980,573,7.4,1.85,0
"Color","Joseph Kosinski",469,125,364,1000,"Olivia Wilde",12000,172051787,"Action|Adventure|Sci-Fi","Jeff Bridges","TRON: Legacy ",264186,25549,"James Frain",0,"arcade|bridge|disappearance|escape|warrior","http://www.imdb.com/title/tt1104001/?ref_=fn_tt_tt_1",665,"English","USA","PG",1.7e+08,2010,10000,6.8,2.35,30000
"Color","Catherine Hardwicke",119,107,308,872,"Michael Angarano",13000,11008432,"Biography|Drama|Sport","Heath Ledger","Lords of Dogtown ",43903,16651,"Rebecca De Mornay",0,"1970s|skateboarder|skateboarding|surf|swimming pool","http://www.imdb.com/title/tt0355702/?ref_=fn_tt_tt_1",194,"English","USA","PG-13",2.5e+07,2005,947,7.1,1.85,5000
"Color","Fred Schepisi",61,109,40,794,"Ray Winstone",5000,2326407,"Drama","Bob Hoskins","Last Orders ",5016,7166,"JJ Feild",5,"ashes|butcher|friend|friendship|memory","http://www.imdb.com/title/tt0253200/?ref_=fn_tt_tt_1",99,"English","UK","R",1.2e+07,2001,1000,7,2.35,305
"Color","Chris Wedge",193,103,77,835,"Stephen Root",1000,176387405,"Adventure|Animation|Comedy|Family","Goran Visnjic","Ice Age ",328159,5437,"Denis Leary",0,"baby|ice|ice age|sleeping|sloth","http://www.imdb.com/title/tt0268380/?ref_=fn_tt_tt_1",467,"English","USA","PG",5.9e+07,2002,939,7.6,1.85,3000
"Color","Julian Schnabel",42,108,232,353,"Michael Wincott",10000,2961991,"Biography|Drama","Gary Oldman","Basquiat ",15885,11459,"Courtney Love",4,"andy warhol|art|artist|friendship|street artist","http://www.imdb.com/title/tt0115632/?ref_=fn_tt_tt_1",78,"English","USA","R",3300000,1996,721,6.9,1.85,0
"Color","Nora Ephron",60,105,0,506,"Michael Moore",975,10014234,"Comedy|Crime","Michael Rapaport","Lucky Numbers ",8560,3580,"Richard Schiff",1,"celebrity|lottery|murder|snowmobile|weatherman","http://www.imdb.com/title/tt0219952/?ref_=fn_tt_tt_1",69,"English","France","R",6.5e+07,2000,909,5,1.85,177
"Color","Roger Kumble",101,97,16,637,"Sean Patrick Thomas",4000,38201895,"Drama|Romance","Sarah Michelle Gellar","Cruel Intentions ",149222,6223,"Eric Mabius",3,"bet|revenge|seduction|virgin|wager","http://www.imdb.com/title/tt0139134/?ref_=fn_tt_tt_1",749,"English","USA","R",10500000,1999,656,6.9,1.85,0
"Color","Bobby Farrelly",162,92,101,760,"Larry David",971,44328238,"Comedy","Kate Upton","The Three Stooges ",25484,6137,"Sean Hayes",0,"mule|nun|orphanage|tennis court|the three stooges","http://www.imdb.com/title/tt0383010/?ref_=fn_tt_tt_1",189,"English","USA","PG",NA,2012,860,5.1,1.85,13000
"Color","Robert Redford",96,170,0,380,"Kristin Scott Thomas",19000,75370763,"Drama|Romance|Western","Scarlett Johansson","The Horse Whisperer ",32353,20683,"Jessalyn Gilsig",0,"grace|groom|horse|montana|western u.s.","http://www.imdb.com/title/tt0119314/?ref_=fn_tt_tt_1",263,"English","USA","PG-13",6e+07,1998,1000,6.5,1.85,0
"Color","Joss Whedon",276,119,0,279,"Sean Maher",2000,25335935,"Action|Adventure|Sci-Fi|Thriller","Adam Baldwin","Serenity ",242599,2853,"Michael Hitchcock",0,"alliance|cannibalism|future|operative|planet","http://www.imdb.com/title/tt0379786/?ref_=fn_tt_tt_1",1594,"English","USA","PG-13",4e+07,2005,505,8,2.35,14000
"Color","Ang Lee",210,120,0,210,"Kevin Chamberlin",579,7443007,"Comedy|Drama|Music","Imelda Staunton","Taking Woodstock ",24663,1500,"Demetri Martin",12,"female full frontal nudity|female nudity|male frontal nudity|male full frontal nudity|male nudity","http://www.imdb.com/title/tt1127896/?ref_=fn_tt_tt_1",71,"English","USA","R",3e+07,2009,489,6.7,1.85,0
"Color","George Hickenlooper",117,108,60,168,"Eric Schweig",18000,1039869,"Biography|Comedy|Crime|Drama","Kevin Spacey","Casino Jack ",14757,18739,"Christian Campbell",5,"corruption|lobbyist|murder|washington d.c.|washington d.c. lobbyist","http://www.imdb.com/title/tt1194417/?ref_=fn_tt_tt_1",51,"English","Canada","R",1.5e+07,2010,322,6.2,2.35,0
"Color","James Marsh",194,90,120,0,"Philippe Petit",41,2957978,"Biography|Crime|Documentary|History|Thriller","Paul McGill","Man on Wire ",40481,68,"Jean-Louis Blondeau",0,"new york city|passion|reenactment|rooftop|tower","http://www.imdb.com/title/tt1155592/?ref_=fn_tt_tt_1",134,"English","UK","PG-13",1e+06,2008,27,7.8,1.85,0
"Color","Eli Craig",324,89,27,440,"Tyler Labine",948,223615,"Comedy|Horror","Katrina Bowden","Tucker and Dale vs Evil ",127842,2958,"Chelan Simmons",1,"cabin|chainsaw|college kid|hillbilly|vacation","http://www.imdb.com/title/tt1465522/?ref_=fn_tt_tt_1",200,"English","Canada","R",NA,2010,779,7.6,2.35,49000
"Color","Kenny Ortega",57,98,197,578,"Corbin Bleu",755,NA,"Comedy|Drama|Family|Music|Musical|Romance","Lucas Grabeel","High School Musical ",59254,2553,"Olesya Rulin",0,"audition|basketball|high school|singing|teenager","http://www.imdb.com/title/tt0475293/?ref_=fn_tt_tt_1",726,"English","USA","TV-G",4200000,2006,632,5.2,1.33,0
"Color","Tyler Perry",42,110,0,490,"Phylicia Rashad",849,35010192,"Comedy|Drama|Romance","Eddie Cibrian","Good Deeds ",6352,2226,"Jamie Kennedy",1,"businessman|fight|mean brother|narrated by character|wordplay in title","http://www.imdb.com/title/tt1885265/?ref_=fn_tt_tt_1",43,"English","USA","PG-13",NA,2012,597,5.4,2.35,0
"Color","Gil Kenan",190,91,27,925,"Jon Heder",12000,73661010,"Animation|Comedy|Family|Fantasy|Mystery","Steve Buscemi","Monster House ",71137,17299,"Catherine O'Hara",0,"babysitter|halloween|house|neighbor|suburb","http://www.imdb.com/title/tt0385880/?ref_=fn_tt_tt_1",229,"English","USA","PG",7.5e+07,2006,970,6.6,2.35,0
"Color","Shawn Levy",69,88,189,799,"Donald Faison",934,47811275,"Adventure|Comedy|Family","Frankie Muniz","Big Fat Liar ",29008,3707,"Lee Majors",1,"brunette|film producer|liar|prank|stunt","http://www.imdb.com/title/tt0265298/?ref_=fn_tt_tt_1",99,"English","USA","PG",1.5e+07,2002,927,5.4,1.85,896
"Color","Brian Baugh",20,120,3,234,"Sean Michael Afable",984,3773863,"Drama","Randy Wayne","To Save a Life ",4583,2563,"D. David Morin",1,"basketball|beer pong|childhood friend|christian|suicide","http://www.imdb.com/title/tt1270286/?ref_=fn_tt_tt_1",55,"English","USA","PG-13",1e+06,2009,801,7.1,2.35,0
"Color","Nacho Vigalondo",173,66,76,36,"Nacho Vigalondo",123,38108,"Horror|Mystery|Sci-Fi|Thriller","Karra Elejalde","Timecrimes ",40878,239,"Bárbara Goenaga",0,"binoculars|hitchcockian|scissors|time machine|woods","http://www.imdb.com/title/tt0480669/?ref_=fn_tt_tt_1",124,"Spanish","Spain","R",2600000,2007,76,7.2,1.85,0
"Color","Atom Egoyan",95,116,460,71,"Elaine Cassidy",5000,819852,"Drama|Thriller","Bob Hoskins","Felicia's Journey ",6690,5426,"Gerard McSorley",0,"caterer|catering|chef|friend|lawn mower","http://www.imdb.com/title/tt0165773/?ref_=fn_tt_tt_1",83,"English","Canada","PG-13",NA,1999,203,7,2.35,284
"Color","Robert Kenner",120,94,11,2,"Eric Schlosser",37,4417124,"Documentary","Michael Pollan","Food, Inc. ",42389,42,"Barbara Kowalcyk",0,"farming|flesh eating|food|food industry|gluttony","http://www.imdb.com/title/tt1286537/?ref_=fn_tt_tt_1",183,"English","USA","PG",NA,2008,3,7.9,1.78,37000
"Color","Sam Mendes",323,119,0,10000,"Kate Winslet",29000,22877808,"Drama|Romance","Leonardo DiCaprio","Revolutionary Road ",152591,53895,"Joe Komara",0,"based on novel|children|connecticut|suburb|work","http://www.imdb.com/title/tt0959337/?ref_=fn_tt_tt_1",414,"English","USA","R",3.5e+07,2008,14000,7.3,2.35,0
"Color","Shane Acker",263,79,30,265,"Alan Oppenheimer",940,31743332,"Action|Adventure|Animation|Drama|Mystery|Sci-Fi|Thriller","Martin Landau","9 ",111117,1594,"Tom Kane",0,"hope|key|machine|number|rag doll","http://www.imdb.com/title/tt0472033/?ref_=fn_tt_tt_1",245,"English","USA","PG-13",3e+07,2009,271,7.1,1.85,13000
"Color","Francis Ford Coppola",181,155,0,10000,"Anthony Hopkins",18000,82522790,"Fantasy|Horror|Romance","Keanu Reeves","Bram Stoker's Dracula ",143835,42220,"Gary Oldman",0,"dracula|horror movie remake|maze|monster sex|vampire","http://www.imdb.com/title/tt0103874/?ref_=fn_tt_tt_1",654,"English","USA","R",4e+07,1992,12000,7.5,1.85,14000
"Color","Ryan Little",33,90,38,69,"Larry Bagby",214,1310270,"Action|Adventure|Drama|War","Corbin Allred","Saints and Soldiers ",17725,587,"Kirby Heyborne",0,"ardennes forest|battle of the bulge|behind enemy lines|winter|world war two in belgium","http://www.imdb.com/title/tt0373283/?ref_=fn_tt_tt_1",157,"English","USA","PG-13",780000,2003,115,6.8,NA,1000
"Color","Shyam Madiraju",5,90,0,708,"Ethan Peck",1000,NA,"Drama|Thriller","Jessica Lowndes","Eden ",1351,3799,"Brad Schmidt",2,"flare gun|island|plane crash|soccer team|stranded","http://www.imdb.com/title/tt3032282/?ref_=fn_tt_tt_1",4,"English","Spain","R",NA,2015,800,4.8,NA,452
"Color","Chris Butler",328,92,28,586,"Kodi Smit-McPhee",10000,55994557,"Adventure|Animation|Comedy|Family|Fantasy","Anna Kendrick","ParaNorman ",72287,13597,"Elaine Stritch",0,"curse|ghost|outcast|witch|zombie","http://www.imdb.com/title/tt1623288/?ref_=fn_tt_tt_1",176,"English","USA","PG",6e+07,2012,884,7,2.35,12000
"Color","Frank Coraci",173,107,153,233,"Cameron Monaghan",11000,137340146,"Comedy|Drama|Fantasy|Romance","Adam Sandler","Click ",246492,12700,"Julie Kavner",1,"architect|frozen time|obese man|remote control|stopped time","http://www.imdb.com/title/tt0389860/?ref_=fn_tt_tt_1",685,"English","USA","PG-13",7e+07,2006,1000,6.4,1.85,7000
"Color","Thomas Vinterberg",98,105,346,141,"Paprika Steen",280,1647780,"Drama","Ulrich Thomsen","The Celebration ",65951,821,"Trine Dyrholm",1,"dogme 95|family secret|haunted by the past|secret|speech","http://www.imdb.com/title/tt0154420/?ref_=fn_tt_tt_1",258,"Danish","Denmark","R",1300000,1998,278,8.1,1.33,5000
"Color","Zal Batmanglij",136,85,129,100,"James Urbaniak",120,405614,"Drama|Mystery|Sci-Fi|Thriller","Christopher Denham","Sound of My Voice ",15775,511,"Constance Wu",0,"cult|cult leader|female nudity|greedy institution|manipulation","http://www.imdb.com/title/tt1748207/?ref_=fn_tt_tt_1",69,"English","USA","R",NA,2011,119,6.7,1.85,0
"Color","Cameron Crowe",190,123,488,2000,"Kirsten Dunst",5000,26838389,"Comedy|Drama|Romance","Orlando Bloom","Elizabethtown ",58658,12700,"Judy Greer",0,"flight|flight attendant|kentucky|shoes|travel","http://www.imdb.com/title/tt0368709/?ref_=fn_tt_tt_1",495,"English","USA","PG-13",5.7e+07,2005,4000,6.4,1.85,0
"Color","Martin Brest",94,105,102,383,"Ronny Cox",901,234760500,"Action|Comedy|Crime","Judge Reinhold","Beverly Hills Cop ",126464,3464,"James Russo",1,"drug dealer|drugs|murder|police brutality|police shootout","http://www.imdb.com/title/tt0086960/?ref_=fn_tt_tt_1",175,"English","USA","R",1.4e+07,1984,605,7.3,1.85,0
"Color","Nicholas Hytner",112,109,13,480,"Russell Tovey",3000,2706659,"Comedy|Drama","Dominic Cooper","The History Boys ",17770,5977,"James Corden",0,"gay|headmaster|oxford|school|teacher","http://www.imdb.com/title/tt0464049/?ref_=fn_tt_tt_1",172,"English","UK","R",2e+06,2006,796,6.9,1.85,0
"Color","Sharon Maguire",168,97,11,887,"Jim Broadbent",14000,71500556,"Comedy|Drama|Romance","Colin Firth","Bridget Jones's Diary ",171568,16999,"Shirley Henderson",3,"american actress playing british character|book publishing|calorie counting|employer employee relationship|rabbit costume","http://www.imdb.com/title/tt0243155/?ref_=fn_tt_tt_1",571,"English","UK","R",2.6e+07,2001,1000,6.7,2.35,0
"Color","Wayne Kramer",157,122,47,834,"Chazz Palminteri",23000,6855137,"Action|Crime|Drama|Thriller","Paul Walker","Running Scared ",88590,27381,"Ivana Milicevic",2,"adult child friendship|corrupt cop|fistfight|gangster|thug","http://www.imdb.com/title/tt0404390/?ref_=fn_tt_tt_1",419,"English","Germany","R",1.7e+07,2006,979,7.4,2.35,0
"Color","Franklin J. Schaffner",2,118,76,249,"William Hootkins",902,800000,"Adventure|Mystery|Thriller","Frank Langella","Sphinx ",892,2079,"John Gielgud",0,"bat|curse|egyptologist|mummy|murder","http://www.imdb.com/title/tt0083113/?ref_=fn_tt_tt_1",21,"English","USA","PG",1.4e+07,1981,488,5.2,2.35,106
"Color","Hao Ning",11,98,0,0,"Zheng Xu",4,NA,"Comedy|Crime","Bo Huang","Crazy Stone ",2097,8,"Zhonghua Chen",1,"bankruptcy|crystal|father son relationship|heist|shower","http://www.imdb.com/title/tt0843270/?ref_=fn_tt_tt_1",9,"Mandarin","China","",3e+06,2006,4,7.7,2.35,23
"Color","Gavin Hood",152,94,151,29,"Nambitha Mpumlwana",113,2912363,"Crime|Drama","Terry Pheto","Tsotsi ",25063,278,"Rapulana Seiphemo",1,"baby|bathing a baby|criminal|slum|vomiting","http://www.imdb.com/title/tt0468565/?ref_=fn_tt_tt_1",177,"Zulu","UK","R",3e+06,2005,64,7.3,2.35,0
"Color","Malcolm D. Lee",88,100,92,706,"Sean Hayes",1000,12081447,"Comedy|Drama|Music","Bernie Mac","Soul Men ",7794,4103,"Mike Epps",2,"band|masturbation|reunion|singer|tribute","http://www.imdb.com/title/tt1111948/?ref_=fn_tt_tt_1",25,"English","USA","R",NA,2008,760,6.5,2.35,866
"Color","Randall Rubin",23,99,0,131,"A.J. Buckley",363,NA,"Crime|Drama|Thriller","Nicole Randall Johnson","Jimmy and Judy ",1420,997,"James Eckhouse",2,"police|revenge|sex|suburb|video camera","http://www.imdb.com/title/tt0425151/?ref_=fn_tt_tt_1",26,"English","USA","R",1e+06,2006,275,6.2,NA,138
"Color","Timothy Woodward Jr.",6,97,764,492,"Johnny Messner",835,NA,"Action|Crime|Thriller","Katrina Law","Checkmate ",735,2882,"Michael Paré",3,"","http://www.imdb.com/title/tt3781616/?ref_=fn_tt_tt_1",18,"English","USA","",1500000,2015,522,3.1,2.35,402
"Color","Baz Luhrmann",245,165,1000,165,"Bryan Brown",309,49551662,"Adventure|Drama|Romance|War","Essie Davis","Australia ",102338,921,"Eddie Baroo",0,"australia|cattle|darwin|drover|japanese","http://www.imdb.com/title/tt0455824/?ref_=fn_tt_tt_1",450,"English","Australia","PG-13",1.3e+08,2008,284,6.6,2.35,0
"Color","Jodie Foster",276,91,0,220,"Cherry Jones",34000,958319,"Drama","Jennifer Lawrence","The Beaver ",39764,34705,"Riley Thomas Stewart",0,"beaver puppet|depression|dysfunctional family|puppet|speech","http://www.imdb.com/title/tt1321860/?ref_=fn_tt_tt_1",148,"English","USA","PG-13",2.1e+07,2011,242,6.7,2.35,17000
" Black and White","Eugène Lourié",67,80,7,21,"Cecil Kellaway",57,5000000,"Adventure|Horror|Sci-Fi","Kenneth Tobey","The Beast from 20,000 Fathoms ",4812,205,"Ross Elliott",0,"arctic|beast|dinosaur|monster|rhedosaurus","http://www.imdb.com/title/tt0045546/?ref_=fn_tt_tt_1",88,"English","USA","Approved",210000,1953,40,6.7,1.37,465
"Color","Francis Ford Coppola",91,135,0,913,"Dean Stockwell",13000,45856732,"Crime|Drama|Thriller","Matt Damon","The Rainmaker ",46221,16762,"Virginia Madsen",1,"courtroom|domestic violence|insurance company|lawyer|underdog","http://www.imdb.com/title/tt0119978/?ref_=fn_tt_tt_1",141,"English","USA","PG-13",4e+07,1997,936,7.1,2.35,0
"Color","Kevin Costner",92,236,0,232,"Michael Spears",933,184208848,"Adventure|Drama|Western","Mary McDonnell","Dances with Wolves ",186485,2398,"Maury Chaykin",1,"friendship|frontier|honor|outpost|soldier","http://www.imdb.com/title/tt0099348/?ref_=fn_tt_tt_1",382,"English","USA","PG-13",2.2e+07,1990,839,8,2.35,0
"Color","F. Gary Gray",29,123,473,685,"Jada Pinkett Smith",890,36049108,"Action|Crime|Drama|Romance|Thriller","Vivica A. Fox","Set It Off ",10139,3661,"Blair Underwood",4,"bank|black comedy|main characters killed off|money|robbery","http://www.imdb.com/title/tt0117603/?ref_=fn_tt_tt_1",70,"English","USA","R",9e+06,1996,851,6.8,2.35,0
"Color","Peter Hyams",62,99,0,186,"Bruce McGill",664,44450000,"Action|Crime|Sci-Fi|Thriller","Mia Sara","Timecop ",44394,2010,"Gloria Reuben",1,"cop|corrupt politician|future|senator|time travel","http://www.imdb.com/title/tt0111438/?ref_=fn_tt_tt_1",115,"English","Canada","R",2.7e+07,1994,655,5.8,2.35,0
"Color","Jaume Collet-Serra",349,113,174,767,"Frank Langella",14000,61094903,"Action|Mystery|Thriller","Liam Neeson","Unknown ",210542,17152,"Aidan Quinn",3,"agriculture|airport|amnesia|nurse|scientist","http://www.imdb.com/title/tt1401152/?ref_=fn_tt_tt_1",332,"English","UK","PG-13",3e+07,2011,903,6.9,2.35,29000
"Color","Susanna White",134,108,24,100,"Pawel Szajda",150,3108216,"Thriller","Radivoje Bukvic","Our Kind of Traitor ",2587,540,"Grigoriy Dobrygin",2,"based on novel|male frontal nudity|male nudity|male rear nudity","http://www.imdb.com/title/tt1995390/?ref_=fn_tt_tt_1",21,"English","UK","R",NA,2016,104,6.4,2.35,0
"Color","Andrés Couturier",3,89,0,20,"David Hoffman",163,NA,"Animation|Family","Sariann Monaco","Top Cat Begins ",230,370,"Ben Diskin",0,"","http://www.imdb.com/title/tt4057916/?ref_=fn_tt_tt_1",1,"Spanish","Mexico","PG",8e+06,2015,94,4.4,NA,138
"Color","David Yates",329,138,282,687,"Daniel Radcliffe",21000,292000866,"Adventure|Family|Fantasy|Mystery","Robert Pattinson","Harry Potter and the Order of the Phoenix ",355137,33433,"Fiona Shaw",3,"battle|magic|school|teacher|wizard","http://www.imdb.com/title/tt0373889/?ref_=fn_tt_tt_1",1108,"English","UK","PG-13",1.5e+08,2007,11000,7.5,2.35,0
"Color","Scott Speer",121,99,35,433,"Stephen Boss",3000,35057332,"Drama|Music|Romance","Ryan Guzman","Step Up Revolution ",45394,4863,"Misha Gabriel Hamilton",0,"3 dimensional|dance|dancer|dancing|flash mob","http://www.imdb.com/title/tt1800741/?ref_=fn_tt_tt_1",72,"English","USA","PG-13",3.3e+07,2012,594,6.5,2.35,19000
"Color","Charles Martin Smith",131,113,188,631,"Michael Roark",11000,72279690,"Drama|Family","Morgan Freeman","Dolphin Tale ",17948,14209,"Harry Connick Jr.",5,"boy|dolphin|prosthetics|tail|trap","http://www.imdb.com/title/tt1564349/?ref_=fn_tt_tt_1",86,"English","USA","PG",3.7e+07,2011,680,6.9,1.85,0
"Color","Rob Marshall",229,145,252,210,"Mako",879,57010853,"Drama|Romance","Li Gong","Memoirs of a Geisha ",119286,2380,"Karl Yune",1,"coming of age|geisha|japan|jealousy|love","http://www.imdb.com/title/tt0397535/?ref_=fn_tt_tt_1",548,"English","USA","PG-13",8.5e+07,2005,691,7.3,2.35,0
"Color","Michael Tiddes",129,86,89,555,"Alanna Ubach",713,40041683,"Comedy|Fantasy","Essence Atkins","A Haunted House ",34620,3421,"J.B. Smoove",6,"hamburger|parody|priest|psychic|woman in a bikini","http://www.imdb.com/title/tt2243537/?ref_=fn_tt_tt_1",107,"English","USA","R",2500000,2013,584,5.1,1.85,0
"Color","Peter Cattaneo",122,91,11,121,"Mark Addy",1000,45857453,"Comedy|Drama|Music","Tom Wilkinson","The Full Monty ",82232,2323,"Lesley Sharp",3,"dole|male stripper|northern england|steel worker|unemployment","http://www.imdb.com/title/tt0119164/?ref_=fn_tt_tt_1",174,"English","UK","R",3500000,1997,891,7.2,1.85,0
"Color","",68,55,NA,898,"Kelvin Taylor",1000,NA,"Action|Adventure|Biography|Drama|History","Peter Mensah","Spartacus: War of the Damned             ",173172,6091,"Viva Bianca",2,"female frontal nudity|female full frontal nudity|gladiator|group sex|slave girl","http://www.imdb.com/title/tt1442449/?ref_=fn_tt_tt_1",302,"English","USA","TV-MA",NA,NA,939,8.6,16,31000
"Color","Jon M. Chu",97,98,209,129,"Mari Koda",158,58006147,"Drama|Music|Musical|Romance","Cassie Ventura","Step Up 2: The Streets ",67653,816,"Luis Rosado",2,"audition|dance|kissing in the rain|student|subway","http://www.imdb.com/title/tt1023481/?ref_=fn_tt_tt_1",108,"English","USA","PG-13",2.3e+07,2008,152,6.2,1.85,0
"Color","Lars von Trier",140,139,3000,236,"Jeremy Davies",3000,74205,"Drama","Bryce Dallas Howard","Manderlay ",18646,4211,"Jean-Marc Barr",1,"cotton|female frontal nudity|flogging|gangster|slavery","http://www.imdb.com/title/tt0342735/?ref_=fn_tt_tt_1",81,"English","Denmark","Not Rated",14200000,2005,769,7.4,2.35,1000
"Color","Raja Gosnell",125,105,67,40,"Nancy O'Dell",681,71017784,"Adventure|Animation|Comedy|Family|Fantasy","Jacob Tremblay","The Smurfs 2 ",27257,914,"Vanessa Matsui",3,"based on cartoon|box office hit|no opening credits|sequel|smurf","http://www.imdb.com/title/tt2017020/?ref_=fn_tt_tt_1",59,"English","USA","PG",1.05e+08,2013,71,5.4,1.85,0
"Color","Émile Gaudreault",67,92,9,71,"Luke Kirby",636,6239558,"Comedy|Drama","Paul Sorvino","Mambo Italiano ",5548,1033,"Claudia Ferri",0,"gay|immigrant|italian|police|police officer","http://www.imdb.com/title/tt0330602/?ref_=fn_tt_tt_1",67,"English","Canada","R",5e+06,2003,210,6.7,1.85,352
"Color","David Cronenberg",179,89,0,15,"Leslie Carlson",391,NA,"Horror|Mystery|Sci-Fi|Thriller","Debbie Harry","Videodrome ",60522,477,"Reiner Schwarz",0,"cyberpunk|hallucination|illegality|snuff film|surrealism","http://www.imdb.com/title/tt0086541/?ref_=fn_tt_tt_1",228,"English","Canada","R",5952000,1983,20,7.3,1.85,0
"Color","Steven Spielberg",298,163,14000,412,"Moritz Bleibtreu",745,47379090,"Drama|History|Thriller","Ayelet Zurer","Munich ",176936,2529,"Mathieu Amalric",0,"arab|black september|israel|jew|munich olympics","http://www.imdb.com/title/tt0408306/?ref_=fn_tt_tt_1",824,"English","France","R",7e+07,2005,486,7.6,2.35,0
"Color","Rowan Joffe",149,92,17,231,"Ben Crompton",14000,2963012,"Drama|Mystery|Thriller","Colin Firth","Before I Go to Sleep ",48873,14617,"Anne-Marie Duff",1,"amnesia|female nudity|infidelity|nudity|therapist","http://www.imdb.com/title/tt1726592/?ref_=fn_tt_tt_1",105,"English","UK","R",2.2e+07,2014,257,6.3,2.35,11000
"Color","Michael Bay",257,136,0,3000,"Steve Buscemi",19000,35799026,"Action|Adventure|Romance|Sci-Fi|Thriller","Scarlett Johansson","The Island ",263336,34838,"Djimon Hounsou",1,"clone|environment|escape|island|lottery","http://www.imdb.com/title/tt0399201/?ref_=fn_tt_tt_1",899,"English","USA","PG-13",1.26e+08,2005,12000,6.9,2.35,0
"Color","Remo",15,160,168,71,"Remo",733,95236,"Drama|Musical","Lauren Gottlieb","ABCD (Any Body Can Dance) ",5018,1182,"Prabhudheva",3,"","http://www.imdb.com/title/tt2321163/?ref_=fn_tt_tt_1",38,"Hindi","India","Not Rated",NA,2013,168,6.4,NA,1000
"Color","Spike Jonze",333,101,0,279,"Ryan Corr",925,77222184,"Adventure|Drama|Family|Fantasy","Catherine O'Hara","Where the Wild Things Are ",87677,1738,"Max Records",0,"based on children's book|creature|igloo|imagination|king","http://www.imdb.com/title/tt0386117/?ref_=fn_tt_tt_1",388,"English","Germany","PG",1e+08,2009,468,6.8,2.35,11000
"Color","Kevin Smith",147,113,0,781,"Ethan Suplee",13000,12006514,"Comedy|Drama|Romance","Matt Damon","Chasing Amy ",114070,15765,"Joey Lauren Adams",5,"comic book|friendship|gay|lesbian|secret","http://www.imdb.com/title/tt0118842/?ref_=fn_tt_tt_1",500,"English","USA","R",250000,1997,1000,7.3,1.85,0
"Color","Chan-wook Park",469,99,0,520,"Alden Ehrenreich",3000,1702277,"Drama|Thriller","Mia Wasikowska","Stoker ",84620,5074,"Harmony Korine",4,"death|hitchcockian|psychopath|sociopath|vomiting","http://www.imdb.com/title/tt1682180/?ref_=fn_tt_tt_1",235,"English","UK","R",1.2e+07,2013,1000,6.8,2.35,27000
"Color","Malcolm D. Lee",153,88,92,636,"Snoop Dogg",31000,32014289,"Comedy","Marisa Saks","Scary Movie 5 ",50337,34319,"Molly Shannon",8,"2010s|ape|ballet|psychic|supernatural","http://www.imdb.com/title/tt0795461/?ref_=fn_tt_tt_1",177,"English","USA","PG-13",2e+07,2013,881,3.5,1.85,13000
"Color","Jay Roach",199,95,116,481,"Verne Troyer",45000,205399422,"Action|Adventure|Comedy|Crime","Muse Watson","Austin Powers: The Spy Who Shagged Me ",181225,47203,"Robert Wagner",1,"penis joke|phallic image|sexy agent|spy|volcano hideout","http://www.imdb.com/title/tt0145660/?ref_=fn_tt_tt_1",784,"English","USA","PG-13",3.3e+07,1999,645,6.6,2.35,0
"Color","Mark Dindal",161,81,10,397,"Fred Willard",925,135381507,"Adventure|Animation|Comedy|Family|Sci-Fi","Catherine O'Hara","Chicken Little ",63912,2252,"Amy Sedaris",0,"alien invasion|chicken|fish|friend|panic","http://www.imdb.com/title/tt0371606/?ref_=fn_tt_tt_1",251,"English","USA","G",1.5e+08,2005,729,5.8,1.85,912
"Color","Sydney Pollack",227,128,521,249,"George Harris",591,72515360,"Crime|Mystery|Thriller","Curtiss Cook","The Interpreter ",86152,2100,"Michael Wright",1,"african|assassination|dialect|interpreter|threat","http://www.imdb.com/title/tt0373926/?ref_=fn_tt_tt_1",411,"Aboriginal","UK","PG-13",8e+07,2005,249,6.4,2.35,0
"Color","Albert Brooks",97,97,745,745,"Bradley Whitford",12000,11614236,"Comedy","Jeff Bridges","The Muse ",9294,15209,"Albert Brooks",2,"directed by star|muse|satire|screenwriter|tiffany's","http://www.imdb.com/title/tt0164108/?ref_=fn_tt_tt_1",140,"English","USA","PG-13",1.5e+07,1999,821,5.6,1.37,251
"Color","Mike Mills",261,105,101,157,"Lou Taylor Pucci",1000,5776314,"Comedy|Drama|Romance","Goran Visnjic","Beginners ",73349,2016,"Mary Page Keller",4,"actress|cancer|death|french|gay relationship","http://www.imdb.com/title/tt1532503/?ref_=fn_tt_tt_1",142,"English","USA","R",3200000,2010,394,7.2,1.85,15000
"Color","Mabel Cheung",6,130,3,2,"Ching Wan Lau",215,NA,"Drama","Wei Tang","A Tale of Three Cities ",117,244,"Hailu Qin",1,"","http://www.imdb.com/title/tt3682770/?ref_=fn_tt_tt_1",6,"Chinese","China","",1.2e+07,2015,27,6.2,2.35,4
"Color","Ekachai Uekrongtham",66,96,3,305,"Mike Dopud",2000,162,"Action|Crime|Thriller","Michael Jai White","Skin Trade ",5228,2802,"Celina Jade",5,"bangkok thailand|detective|human trafficking|revenge|sex slavery","http://www.imdb.com/title/tt1641841/?ref_=fn_tt_tt_1",38,"English","Thailand","R",9e+06,2014,368,5.7,2.35,0
"Color","Paolo Monico",2,100,3,382,"Sarah Rafferty",1000,NA,"Comedy","Stephanie Szostak","Four Single Fathers ",118,2890,"Salvatore Santone",0,"number in title|single father","http://www.imdb.com/title/tt1252289/?ref_=fn_tt_tt_1",1,"Italian","Italy","",3e+06,2009,810,5.1,NA,32
"Color","Denis Villeneuve",478,121,777,219,"Bernardo Saracino",455,46875468,"Action|Crime|Drama|Mystery|Thriller","Edgar Arreola","Sicario ",196217,1467,"Daniel Kaluuya",2,"critically acclaimed|drug cartel|juarez mexico|u.s. mexico border|war on drugs","http://www.imdb.com/title/tt3397884/?ref_=fn_tt_tt_1",461,"English","USA","R",3e+07,2015,221,7.6,2.39,59000
"Color","Michael Curtiz",242,82,345,269,"Claude Rains",2000,NA,"Drama|Romance|War","Humphrey Bogart","Casablanca ",387508,3442,"Conrad Veidt",4,"american expatriate|casablanca morocco|gestapo|police|visa","http://www.imdb.com/title/tt0034583/?ref_=fn_tt_tt_1",1123,"English","USA","PG",950000,1942,607,8.6,1.37,23000
"Color","Alfred Hitchcock",73,99,13000,232,"John Forsythe",282,NA,"Comedy|Mystery|Romance","Jerry Mathers","The Trouble with Harry ",24891,1041,"Royal Dano",0,"artist|death|hunting|sheriff|vermont","http://www.imdb.com/title/tt0048750/?ref_=fn_tt_tt_1",150,"English","USA","Approved",1200000,1955,255,7.2,1.5,0
"Color","Jon Favreau",486,126,4000,4000,"Jeff Bridges",21000,318298180,"Action|Adventure|Sci-Fi","Robert Downey Jr.","Iron Man ",696338,39252,"Jon Favreau",3,"afghanistan|billionaire|inventor|playboy|u.s. air force","http://www.imdb.com/title/tt0371746/?ref_=fn_tt_tt_1",1055,"English","USA","PG-13",1.4e+08,2008,12000,7.9,2.35,10000
"Color","David Fincher",568,149,21000,625,"Sela Ward",835,167735396,"Crime|Drama|Mystery|Thriller","Patrick Fugit","Gone Girl ",569841,4348,"Emily Ratajkowski",0,"based on novel|disappearance|missing person|missing wife|murder suspect","http://www.imdb.com/title/tt2267998/?ref_=fn_tt_tt_1",1127,"English","USA","R",6.1e+07,2014,812,8.1,2.35,146000
"Color","Amy Heckerling",81,98,143,153,"Robert Miano",302,15464026,"Comedy|Romance","Andy Dick","Loser ",23076,1189,"Zak Orth",2,"college|loser|love|new york city|overdose","http://www.imdb.com/title/tt0217630/?ref_=fn_tt_tt_1",158,"English","USA","PG-13",2e+07,2000,216,5.3,1.85,1000
"Color","Charles Stone III",64,118,30,284,"Nick Cannon",962,56398162,"Comedy|Drama|Music|Romance","Leonard Roberts","Drumline ",28649,2390,"Jason Weaver",0,"drumline|drummer|fish out of water|marching band|university","http://www.imdb.com/title/tt0303933/?ref_=fn_tt_tt_1",185,"English","USA","PG-13",2e+07,2002,593,5.7,2.35,2000
"Color","Chris Marker",16,59,121,0,"Bertrand Cantat",27,NA,"Documentary","Marina Vlady","The Case of the Grinning Cat ",352,27,"Léon Schwartzenberg",0,"","http://www.imdb.com/title/tt0437123/?ref_=fn_tt_tt_1",4,"French","France","",150000,2004,0,7.4,1.37,44
"Color","Luis Valdez",18,108,7,51,"Rosanna DeSoto",699,54215416,"Biography|Drama|Music","Esai Morales","La Bamba ",21409,936,"Danielle von Zerneck",1,"crash|hispanic|interracial relationship|interracial romance|racism","http://www.imdb.com/title/tt0093378/?ref_=fn_tt_tt_1",63,"English","USA","PG-13",6500000,1987,63,6.8,1.85,0
"Color","Adrienne Shelly",173,108,191,336,"Cheryl Hines",597,19067631,"Comedy|Drama|Romance","Lew Temple","Waitress ",37714,1981,"Eddie Jemison",1,"domestic violence|pregnancy|unhappy marriage|unwanted pregnancy|waitress","http://www.imdb.com/title/tt0473308/?ref_=fn_tt_tt_1",204,"English","USA","PG-13",2e+06,2007,541,7.1,1.85,0
"Color","Matt Jackson",9,97,0,271,"Paul Elia",935,NA,"Comedy|Horror","Kane Hodder","Love in the Time of Monsters ",143,2350,"Alex Sanborn",3,"bigfoot|love|monster|sasquatch|tourist","http://www.imdb.com/title/tt2403415/?ref_=fn_tt_tt_1",5,"English","USA","",5e+05,2014,709,5.4,NA,194
"Color","Marianna Palka",38,86,123,782,"Martin Starr",3000,15542,"Comedy|Drama|Romance","Bryce Dallas Howard","Good Dick ",6689,7144,"Jason Ritter",0,"avoidant personality disorder|emotionally vulnerable|sex|video store|video store clerk","http://www.imdb.com/title/tt0944101/?ref_=fn_tt_tt_1",51,"English","USA","R",NA,2008,985,6.5,1.85,0
"Color","Tom Brady",49,97,105,269,"Kevin Nealon",982,2331318,"Comedy","Don Johnson","Bucky Larson: Born to Be a Star ",9541,2603,"Nicholas Turturro",1,"diner|eating a banana|masturbation|porn star|shooting a pornographic movie","http://www.imdb.com/title/tt1411664/?ref_=fn_tt_tt_1",64,"English","USA","R",1e+07,2011,503,3.3,1.85,0
"Color","Victor Fleming",157,226,149,248,"George Reeves",503,198655278,"Drama|History|Romance|War","Hattie McDaniel","Gone with the Wind ",215340,1862,"Thomas Mitchell",1,"battle of the sexes|gallantry|honesty|indifference|scandal","http://www.imdb.com/title/tt0031381/?ref_=fn_tt_tt_1",706,"English","USA","G",3977000,1939,384,8.2,1.37,16000
"Color","Jason Reitman",387,96,655,973,"Jennifer Garner",24000,143492840,"Comedy|Drama|Romance","J.K. Simmons","Juno ",414335,28817,"Rainn Wilson",0,"adoption|baby|friend|pregnancy|school","http://www.imdb.com/title/tt0467406/?ref_=fn_tt_tt_1",881,"English","USA","PG-13",7500000,2007,3000,7.5,1.85,10000
"Color","Ed Harris",115,122,0,221,"Bud Cort",697,8596914,"Biography|Drama","John Heard","Pollock ",23023,1517,"Amy Madigan",0,"1940s|artist|drinking|life magazine|painter","http://www.imdb.com/title/tt0183659/?ref_=fn_tt_tt_1",148,"English","USA","R",6e+06,2000,394,7,1.85,0
"Color","George A. Romero",127,130,0,602,"Hal Holbrook",875,NA,"Comedy|Fantasy|Horror","Ted Danson","Creepshow ",29935,2662,"Adrienne Barbeau",0,"anthology|child abuse|critically acclaimed|death|grindhouse","http://www.imdb.com/title/tt0083767/?ref_=fn_tt_tt_1",211,"English","USA","R",8e+06,1982,826,6.9,1.85,0
"Color","Damien Dante Wayans",83,88,82,571,"Essence Atkins",756,25615792,"Action|Comedy|Music","Damon Wayans Jr.","Dance Flick ",10161,4378,"Chris Elliott",0,"african american|dance|overalls|parody|rap","http://www.imdb.com/title/tt1153706/?ref_=fn_tt_tt_1",50,"English","USA","PG-13",2.5e+07,2009,713,3.5,1.85,657
"Color","Oliver Stone",40,110,0,237,"Zach Grenier",721,3468572,"Drama","Michael Wincott","Talk Radio ",10073,1966,"Bill Johnson",0,"listener|neo nazi|radio|radio station|radio talk show","http://www.imdb.com/title/tt0096219/?ref_=fn_tt_tt_1",78,"English","USA","R",4e+06,1988,246,7.3,1.85,816
"Color","Corbin Bernsen",3,95,1000,3,"Lorne Cardinal",1000,NA,"Drama","Corbin Bernsen","Rust ",300,1056,"Kirsten Collins",1,"","http://www.imdb.com/title/tt1360826/?ref_=fn_tt_tt_1",8,"English","Canada","PG",250000,2010,53,5.7,1.78,141
"Color","J.B. Rogers",142,108,6,1000,"Shannon Elizabeth",3000,145096820,"Comedy","Alyson Hannigan","American Pie 2 ",200260,7872,"Natasha Lyonne",0,"beach|beach house|college|party|student","http://www.imdb.com/title/tt0252866/?ref_=fn_tt_tt_1",431,"English","USA","R",3e+07,2001,1000,6.4,1.85,0
"Color","Ang Lee",552,127,0,341,"Rafe Spall",774,124976634,"Adventure|Drama|Fantasy","Suraj Sharma","Life of Pi ",440084,2121,"Tabu",0,"animal|faith|india|journey|tiger","http://www.imdb.com/title/tt0454876/?ref_=fn_tt_tt_1",755,"English","USA","PG",1.2e+08,2012,358,8,1.85,122000
"Color","Patrick Gilles",NA,90,0,569,"Dylan Baker",970,NA,"History","Emma Caulfield","America Is Still the Place ",22,3359,"Mike Colter",0,"","http://www.imdb.com/title/tt3417110/?ref_=fn_tt_tt_1",NA,"English","USA","",NA,2015,812,7.5,NA,337
"Color","Carroll Ballard",33,118,19,48,"Kelly Reno",481,NA,"Adventure|Family|Sport","Teri Garr","The Black Stallion ",8856,681,"Hoyt Axton",0,"black horse|boy horse relationship|horse|rescued by a horse|training","http://www.imdb.com/title/tt0078872/?ref_=fn_tt_tt_1",90,"English","USA","G",2700000,1979,81,7.4,1.85,0
"Color","Gary Ross",79,139,378,303,"Donald Watkins",11000,20389967,"Action|Biography|Drama|History|War","Matthew McConaughey","Free State of Jones ",3077,12786,"Jessica Collins",1,"american civil war|civil war|u.s. civil war","http://www.imdb.com/title/tt1124037/?ref_=fn_tt_tt_1",47,"English","USA","R",5e+07,2016,552,6.7,1.85,10000
"Color","Paul W.S. Anderson",67,99,545,533,"Sean Pertwee",933,14567883,"Action|Drama|Sci-Fi","Connie Nielsen","Soldier ",44248,2542,"Jason Scott Lee",1,"crash survivor|planet|sergeant|soldier|survivor","http://www.imdb.com/title/tt0120157/?ref_=fn_tt_tt_1",373,"English","UK","R",7.5e+07,1998,722,6,2.35,0
"Color","Danny DeVito",105,109,0,809,"Vincent Schiavelli",49000,8355815,"Comedy|Crime|Drama|Thriller","Robin Williams","Death to Smoochy ",34730,52885,"Danny Woodburn",2,"children|children's tv show|money|revenge|scandal","http://www.imdb.com/title/tt0266452/?ref_=fn_tt_tt_1",341,"English","UK","R",5.5e+07,2002,811,6.4,1.85,0
"Color","George Clooney",371,118,0,559,"Matt Damon",13000,78031620,"Drama|War","Bill Murray","The Monuments Men ",102248,27674,"Bob Balaban",7,"art|art expert|nazi stolen art|soldier|world war two","http://www.imdb.com/title/tt2177771/?ref_=fn_tt_tt_1",403,"English","USA","PG-13",7e+07,2014,13000,6.1,2.35,34000
"Color","David Hewlett",8,88,686,405,"David Hewlett",847,NA,"Comedy","Christopher Judge","A Dog's Breakfast ",3262,2364,"Paul McGillion",2,"dog|vegetarian","http://www.imdb.com/title/tt0796314/?ref_=fn_tt_tt_1",46,"English","Canada","",120000,2007,686,7,1.78,377
"Color","Jay Duplass",93,84,157,98,"Jennifer Lafleur",962,140016,"Comedy|Drama|Horror|Romance","Greta Gerwig","Baghead ",3507,2016,"Elise Muller",0,"actor|cabin|california|paper bag|vomiting","http://www.imdb.com/title/tt0923600/?ref_=fn_tt_tt_1",40,"English","USA","R",NA,2008,873,6,1.85,443
"Color","Paul Schrader",130,93,261,697,"Ruby Dee",783,NA,"Fantasy|Horror|Thriller","Ed Begley Jr.","Cat People ",14193,3700,"John Heard",1,"cat|cat people|leopard|love|slip the undergarment","http://www.imdb.com/title/tt0083722/?ref_=fn_tt_tt_1",106,"English","USA","R",1.8e+07,1982,782,6.1,1.85,0
"Color","Brad Furman",72,127,65,345,"Amy Ryan",788,14946229,"Biography|Crime|Drama|Thriller","Joseph Gilgun","The Infiltrator ",2581,2104,"Olympia Dukakis",1,"","http://www.imdb.com/title/tt1355631/?ref_=fn_tt_tt_1",29,"English","UK","R",2.5e+07,2016,423,7.3,2.35,0
"Color","Patrick Ryan Sims",5,81,0,10,"Hugh Mun",416,NA,"Action|Drama|Sci-Fi|Thriller","Claire Gordon-Harper","Echo Dr. ",101,459,"Johnathan Hurley",2,"android|artificial intelligence|home invasion|security system|tech noir","http://www.imdb.com/title/tt2343473/?ref_=fn_tt_tt_1",1,"English","USA","",1e+05,2013,18,3.6,1.78,17
"Color","Brad Anderson",204,94,122,360,"Jennifer Jason Leigh",23000,1082044,"Drama|Thriller","Christian Bale","The Machinist ",281649,24994,"Reg E. Cathey",0,"alienation|conscience|insomnia|paranoia|urban gothic","http://www.imdb.com/title/tt0361862/?ref_=fn_tt_tt_1",458,"English","Spain","R",5e+06,2004,1000,7.7,2.35,21000
"Color","Marc Forby",26,97,3,204,"Will Patton",679,883887,"Drama","Q'orianka Kilcher","Princess Kaiulani ",1201,1426,"Shaun Evans",3,"hawaii|hawaiian|historically inaccurate|princess|tearing up a letter","http://www.imdb.com/title/tt1185344/?ref_=fn_tt_tt_1",14,"English","USA","PG",9e+06,2009,537,6.2,2.35,0
"Color","Sydney Pollack",66,161,521,184,"Michael Gough",11000,87100000,"Biography|Drama|Romance","Meryl Streep","Out of Africa ",52339,12518,"Michael Kitchen",0,"africa|hunter|love|marriage|plantation","http://www.imdb.com/title/tt0089755/?ref_=fn_tt_tt_1",200,"English","USA","PG",3.1e+07,1985,920,7.2,1.85,0
"Color","Jay Chandrasekhar",100,100,422,422,"Daniel von Bargen",816,18488314,"Comedy|Crime|Mystery","Geoffrey Arend","Super Troopers ",76151,2893,"Jay Chandrasekhar",0,"drugs|highway|police|state trooper|vermont","http://www.imdb.com/title/tt0247745/?ref_=fn_tt_tt_1",333,"English","USA","R",1200000,2001,577,7.1,1.85,0
"Color","Stephen Herek",42,143,65,320,"Olympia Dukakis",975,82528097,"Drama|Music","Alicia Witt","Mr. Holland's Opus ",30230,2223,"Jean Louisa Kelly",1,"1990s|high school|high school teacher|teacher inspires students|teaching","http://www.imdb.com/title/tt0113862/?ref_=fn_tt_tt_1",154,"English","USA","PG",6500000,1995,345,7.3,2.35,0
"Color","Sofia Coppola",265,101,0,11,"Bill Murray",19000,44566004,"Drama","Scarlett Johansson","Lost in Translation ",321283,32015,"Catherine Lambert",0,"fish out of water|japanese|loneliness|older man younger woman relationship|unlikely friendship","http://www.imdb.com/title/tt0335266/?ref_=fn_tt_tt_1",1848,"English","USA","R",4e+06,2003,13000,7.8,1.85,17000
"Color","Richard Glatzer",309,101,25,423,"Hunter Parrish",17000,18656400,"Drama","Kristen Stewart","Still Alice ",86077,19673,"Seth Gilliam",1,"alzheimer's disease|bechdel test passed|linguistics professor|new york city|reference to angels in america the play","http://www.imdb.com/title/tt3316960/?ref_=fn_tt_tt_1",195,"English","USA","PG-13",5e+06,2014,2000,7.5,1.85,45000
"Color","Greg Marcks",68,85,9,407,"Barbara Hershey",861,NA,"Comedy|Crime|Drama","Henry Thomas","11:14 ",38273,2200,"Shawn Hatosy",1,"convenience store|multiple perspectives|murder|paramedic|van","http://www.imdb.com/title/tt0331811/?ref_=fn_tt_tt_1",133,"English","USA","R",6e+06,2003,618,7.2,1.85,0
"Color","Jaume Collet-Serra",265,123,174,602,"CCH Pounder",87000,41573740,"Horror|Mystery|Thriller","Jimmy Bennett","Orphan ",141663,88953,"Aryana Engineer",1,"alcoholism|girl|little girl|orphan|troubled marriage","http://www.imdb.com/title/tt1148204/?ref_=fn_tt_tt_1",383,"English","USA","R",NA,2009,1000,7,1.85,20000
"Color","Brendan Malloy",37,89,2,651,"Jason London",799,13903262,"Comedy|Sport","Lee Majors","Out Cold ",14656,4291,"Thomas Lennon",0,"alaska|mountain|ski resort|snowboard|snowboarding","http://www.imdb.com/title/tt0253798/?ref_=fn_tt_tt_1",90,"English","USA","PG-13",1.1e+07,2001,711,6.3,1.85,0
"Color","Michael Bay",204,144,0,681,"James Badge Dale",769,52822418,"Action|Drama|Thriller|War","Toby Stephens","13 Hours ",47764,3580,"David Costabile",0,"based on true story|cia agent|libya|mercenary|u.s. ambassador","http://www.imdb.com/title/tt4172430/?ref_=fn_tt_tt_1",219,"English","USA","R",5e+07,2016,726,7.4,2.35,44000
"Color","Daniel Barnz",148,86,33,583,"Mary-Kate Olsen",15000,27854896,"Drama|Fantasy|Romance","Alex Pettyfer","Beastly ",64190,17396,"Erik Knudsen",1,"love|maid|newscaster|student|tutor","http://www.imdb.com/title/tt1152398/?ref_=fn_tt_tt_1",129,"English","USA","PG-13",1.7e+07,2011,976,5.6,2.35,16000
"Color","Neill Blomkamp",371,120,662,502,"Sharlto Copley",20000,31569268,"Action|Crime|Drama|Sci-Fi|Thriller","Hugh Jackman","Chappie ",172965,23051,"Jose Pablo Cantillo",0,"artificial intelligence|consciousness|future|mind uploading|robot","http://www.imdb.com/title/tt1823672/?ref_=fn_tt_tt_1",627,"English","USA","R",4.9e+07,2015,2000,6.9,2.35,67000
"Color","John Sayles",35,124,407,7,"John Arcilla",38,183490,"Drama|War","Brian Lee Franklin","Amigo ",463,60,"Ronnie Lazaro",0,"american|filipino|friendship|guerrilla army|village","http://www.imdb.com/title/tt1562847/?ref_=fn_tt_tt_1",8,"English","USA","R",1700000,2010,8,5.8,NA,594
"Color","Kenneth Branagh",343,105,0,502,"Derek Jacobi",2000,201148159,"Drama|Family|Fantasy|Romance","Hayley Atwell","Cinderella ",103737,4671,"Lily James",1,"dress|duke|fairy godmother|fairy tale|pumpkin","http://www.imdb.com/title/tt1661199/?ref_=fn_tt_tt_1",322,"English","USA","PG",9.5e+07,2015,520,7,2.35,56000
"Color","Edward Zwick",219,112,380,2000,"Anne Hathaway",15000,32357532,"Comedy|Drama|Romance","Jake Gyllenhaal","Love & Other Drugs ",143368,31278,"Judy Greer",0,"female nudity|male objectification|pfizer|viagra|zoloft","http://www.imdb.com/title/tt0758752/?ref_=fn_tt_tt_1",215,"English","USA","R",3e+07,2010,11000,6.7,1.85,24000
"Color","Kar-Wai Wong",273,122,0,7,"Hye-kyo Song",643,6594136,"Action|Biography|Drama","Tony Chiu Wai Leung","The Grandmaster ",24557,943,"Elvis Tsui",1,"challenge|china|hong kong|martial arts|martial arts master","http://www.imdb.com/title/tt1462900/?ref_=fn_tt_tt_1",111,"Mandarin","Hong Kong","PG-13",38600000,2013,290,6.5,2.35,13000
"Color","Lars von Trier",177,140,3000,322,"Udo Kier",963,4157491,"Crime|Drama|Musical","Catherine Deneuve","Dancer in the Dark ",79330,2894,"Björk",0,"ends with quotation|execution|factory|women's prison|year 1964","http://www.imdb.com/title/tt0168629/?ref_=fn_tt_tt_1",690,"English","Denmark","R",12800000,2000,595,8,2.35,0
"Color","Chris Columbus",37,120,0,1000,"Kieran Culkin",3000,173585516,"Adventure|Comedy|Family","Macaulay Culkin","Home Alone 2: Lost in New York ",200077,7860,"Devin Ratray",2,"airport|christmas|florida|new york city|toy store","http://www.imdb.com/title/tt0104431/?ref_=fn_tt_tt_1",189,"English","USA","PG",1.8e+07,1992,1000,6.6,1.85,0
"","Jonas Åkerlund",33,96,68,722,"Saffron Burrows",2000,NA,"Comedy|Crime|Drama","Noel Gugliemi","Small Apartments ",5732,3683,"Matt Lucas",6,"fire investigator|landlord|suicide|talking to one's self in a mirror|turpentine","http://www.imdb.com/title/tt1272886/?ref_=fn_tt_tt_1",26,"English","USA","R",2e+06,2012,811,6.1,1.85,0
"Color","Nicholas Stoller",222,114,89,177,"Mario Lopez",836,60923325,"Comedy|Music","Pink","Get Him to the Greek ",147317,2091,"Lino Facioli",2,"concert|drugs|recession|record company|rock star","http://www.imdb.com/title/tt1226229/?ref_=fn_tt_tt_1",197,"English","USA","R",NA,2010,719,6.4,1.85,12000
"Color","",47,23,NA,265,"James Arnold Taylor",668,NA,"Action|Adventure|Animation|Drama|Fantasy|Sci-Fi","Dee Bradley Baker","Star Wars: The Clone Wars             ",28190,1484,"Tom Kane",0,"begins with narration|female warrior|inbetwequel|jedi knight|war against machines","http://www.imdb.com/title/tt0458290/?ref_=fn_tt_tt_1",73,"English","USA","TV-PG",NA,NA,296,7.9,2.35,2000
"Color","Jane Campion",138,113,319,48,"Nick Damici",1000,4717455,"Mystery|Thriller","Jennifer Jason Leigh","In the Cut ",18632,1171,"Susan Gardner",0,"blow job|female rear nudity|female removes her clothes|oral sex|three of spades tattoo","http://www.imdb.com/title/tt0199626/?ref_=fn_tt_tt_1",354,"English","Australia","R",1.2e+07,2003,65,5.3,1.85,656
"Color","Mike Newell",84,117,179,239,"James Fleet",1000,52700832,"Comedy|Drama|Romance","Kristin Scott Thomas","Four Weddings and a Funeral ",107923,1862,"Simon Callow",4,"1990s|chick flick|funeral|gay relationship|wedding","http://www.imdb.com/title/tt0109831/?ref_=fn_tt_tt_1",197,"English","UK","R",4500000,1994,398,7.1,1.66,0
"Color","François Truffaut",35,123,0,21,"Jean-Paul Belmondo",963,26893,"Crime|Drama|Romance","Catherine Deneuve","Mississippi Mermaid ",4391,1694,"Michel Bouquet",0,"antibes|hotel|island|reunion|reunion island","http://www.imdb.com/title/tt0064990/?ref_=fn_tt_tt_1",26,"French","France","R",1600000,1969,710,7.2,2.35,278
"Color","James Cox",12,97,10,171,"M.C. Gainey",15000,NA,"Crime|Drama","Jake Gyllenhaal","Highway ",5182,15740,"Mark Rolston",3,"1990s|homoeroticism|reference to kurt cobain|road trip|year 1994","http://www.imdb.com/title/tt0165361/?ref_=fn_tt_tt_1",67,"English","USA","R",1.4e+07,2002,284,6.3,2.35,912
"Color","Sam Mendes",217,98,0,374,"Jim Gaffigan",925,9430988,"Comedy|Drama|Romance","Catherine O'Hara","Away We Go ",45992,1997,"Carmen Ejogo",2,"baby|children|friend|love|road trip","http://www.imdb.com/title/tt1176740/?ref_=fn_tt_tt_1",115,"English","USA","R",1.7e+07,2009,472,7.1,2.35,7000
"Color","Peter Berg",319,121,532,127,"Scott Elrod",480,125069696,"Action|Biography|Drama|Thriller|War","Jerry Ferrara","Lone Survivor ",203963,1261,"Dan Bilzerian",0,"courage|navy seal|outnumbered|shot multiple times|survival","http://www.imdb.com/title/tt1091191/?ref_=fn_tt_tt_1",420,"English","USA","R",4e+07,2013,449,7.6,2.35,58000
"Color","Stuart Beattie",308,92,72,568,"Kevin Grevioux",623,19059018,"Action|Fantasy|Sci-Fi|Thriller","Caitlin Stasey","I, Frankenstein ",65709,3165,"Miranda Otto",0,"army|creature|demon|frankenstein|gargoyle","http://www.imdb.com/title/tt1418377/?ref_=fn_tt_tt_1",194,"English","Australia","PG-13",6.5e+07,2014,593,5.1,2.35,15000
"Color","Ashish R. Mohan",23,141,2,61,"Mithun Chakraborty",634,352684,"Action|Comedy","Asin","Khiladi 786 ",4633,1065,"Johnny Lever",1,"car crash|impersonating a police officer|long lost brother|marriage bureau|suitor","http://www.imdb.com/title/tt2166214/?ref_=fn_tt_tt_1",31,"Hindi","India","Not Rated",NA,2012,284,4.3,NA,365
"Color","Jérôme Salle",69,110,22,44,"Tanya van Graan",5000,NA,"Crime|Drama|Thriller","Orlando Bloom","Zulu ",12817,5273,"Conrad Kemp",0,"apartheid|corpse|male nudity|murder|police officer","http://www.imdb.com/title/tt2249221/?ref_=fn_tt_tt_1",43,"English","France","R",1.6e+07,2013,170,6.7,2.35,0
"Color","Steven Soderbergh",450,106,0,273,"David Costabile",17000,32154410,"Crime|Drama|Thriller","Channing Tatum","Side Effects ",148327,18469,"Katie Lowes",0,"clinical trial|female protagonist|neuropharmacology|psychiatrist|side effect","http://www.imdb.com/title/tt2053463/?ref_=fn_tt_tt_1",274,"English","USA","R",3e+07,2013,681,7.1,1.85,29000
"Color","Peter Segal",134,113,88,421,"Steve Reevis",11000,158115031,"Comedy|Crime|Sport","Adam Sandler","The Longest Yard ",130070,13693,"Dalip Singh",11,"coach|convict|football|prison|warden","http://www.imdb.com/title/tt0398165/?ref_=fn_tt_tt_1",316,"English","USA","PG-13",8.2e+07,2005,437,6.4,2.35,0
"Color","Fatih Akin",115,99,766,269,"Moritz Bleibtreu",595,274385,"Comedy|Drama","Udo Kier","Soul Kitchen ",29203,1519,"Birol Ünel",3,"2000s|burglar|chef|cook|restaurant","http://www.imdb.com/title/tt1244668/?ref_=fn_tt_tt_1",26,"German","Germany","",4e+06,2009,486,7.3,1.85,0
"Color","Danny Provenzano",5,100,84,267,"Frank Vincent",584,NA,"Crime|Drama","Vincent Pastore","This Thing of Ours ",508,1307,"Chuck Zito",4,"gangster|heist|internet|mafia|miami florida","http://www.imdb.com/title/tt0338497/?ref_=fn_tt_tt_1",18,"English","USA","Not Rated",NA,2003,356,5.4,1.85,61
"Color","Ridley Scott",336,138,0,1000,"Brad Pitt",13000,16969390,"Crime|Drama|Thriller","Michael Fassbender","The Counselor ",80861,27797,"Goran Visnjic",4,"cunnilingus|drug trafficking|lawyer|no panties|shootout","http://www.imdb.com/title/tt2193215/?ref_=fn_tt_tt_1",431,"English","USA","R",2.5e+07,2013,11000,5.3,2.35,24000
"Color","Theodore Melfi",275,102,51,360,"Naomi Watts",13000,44134898,"Comedy|Drama","Bill Murray","St. Vincent ",72803,20330,"Reg E. Cathey",3,"bullying|grumpy old man|school presentation|stroke|stroke recovery","http://www.imdb.com/title/tt2170593/?ref_=fn_tt_tt_1",171,"English","USA","PG-13",1.3e+07,2014,6000,7.3,1.85,33000
"Color","Deon Taylor",63,88,26,236,"Betsy Russell",487,143000,"Horror|Thriller","Matt Cohen","Chain Letter ",4122,1495,"Noah Segan",0,"blood splatter|chain|murder|mysterious killer|warning","http://www.imdb.com/title/tt1148200/?ref_=fn_tt_tt_1",48,"English","USA","R",5e+06,2009,298,4.1,2.35,0
"Color","Michael Cristofer",93,118,49,155,"Gregory Itzin",11000,16252765,"Drama|Mystery|Romance|Thriller","Angelina Jolie Pitt","Original Sin ",44913,11662,"Jack Thompson",1,"delaware|erotica|money|pursuit|sex scene","http://www.imdb.com/title/tt0218922/?ref_=fn_tt_tt_1",181,"English","France","R",4.2e+07,2001,216,6,2.35,3000
"Color","John Guillermin",21,117,71,42,"Donovan Scott",433,NA,"Adventure|Fantasy","Tanya Roberts","Sheena ",3334,611,"Ted Wass",1,"chimpanzee|elephant|jungle|mercenary|shaman","http://www.imdb.com/title/tt0088103/?ref_=fn_tt_tt_1",52,"English","UK","PG",2.5e+07,1984,54,4.8,2.35,739
"Color","Dean Parisot",213,102,23,436,"Enrico Colantoni",25000,71423726,"Adventure|Comedy|Sci-Fi","Alan Rickman","Galaxy Quest ",123558,26998,"Robin Sachs",3,"alien|alien race|convention|fan|general","http://www.imdb.com/title/tt0177789/?ref_=fn_tt_tt_1",609,"English","USA","PG",4.5e+07,1999,724,7.3,2.35,19000
"Color","Martin Scorsese",56,139,17000,94,"Geraldine Chaplin",554,32000000,"Drama|Romance","Richard E. Grant","The Age of Innocence ",36267,1068,"Stuart Wilson",3,"19th century|countess|lawyer|love|new york","http://www.imdb.com/title/tt0106226/?ref_=fn_tt_tt_1",150,"English","USA","PG",3e+07,1993,382,7.2,2.35,0
"Color","Rachel Talalay",91,93,54,581,"Tom Arnold",40000,34872293,"Comedy|Fantasy|Horror|Thriller","Johnny Depp","Freddy's Dead: The Final Nightmare ",30765,42002,"Yaphet Kotto",0,"dark comedy|dream|freddy krueger|nightmare|serial murder","http://www.imdb.com/title/tt0101917/?ref_=fn_tt_tt_1",252,"English","USA","R",8500000,1991,618,4.9,1.85,963
"Color","Tim Story",52,106,167,676,"Regina Hall",966,65182182,"Comedy|Romance","Romany Malco","Think Like a Man Too ",15310,4830,"David Walton",8,"african american|imperative in title|las vegas nevada|nevada|wedding","http://www.imdb.com/title/tt2239832/?ref_=fn_tt_tt_1",38,"English","USA","PG-13",2.4e+07,2014,807,5.7,2.35,3000
"Color","Terry Zwigoff",195,98,72,566,"Tony Cox",1000,60057639,"Comedy|Crime|Drama","Bernie Mac","Bad Santa ",107815,3151,"Alex Borstein",2,"bartender|christmas|christmas eve|department store|drink","http://www.imdb.com/title/tt0307987/?ref_=fn_tt_tt_1",485,"English","USA","R",1.8e+07,2003,624,7.1,1.85,10000
"Color","David Yates",248,110,282,103,"Alexander Skarsgård",11000,124051759,"Action|Adventure|Drama|Romance","Christoph Waltz","The Legend of Tarzan ",42372,21175,"Casper Crump",2,"africa|capture|jungle|male objectification|tarzan","http://www.imdb.com/title/tt0918940/?ref_=fn_tt_tt_1",239,"English","USA","PG-13",1.8e+08,2016,10000,6.6,2.35,29000
"Color","Todd Phillips",110,108,480,579,"Sarah Silverman",970,17803796,"Comedy","Jon Heder","School for Scoundrels ",26100,4374,"Jacinda Barrett",1,"paintball|paintball gun|pepper spray|tennis|what happened to epilogue","http://www.imdb.com/title/tt0462519/?ref_=fn_tt_tt_1",97,"English","USA","PG-13",2e+07,2006,931,5.9,2.35,484
"Color","Peter Hyams",95,110,0,308,"Penelope Ann Miller",510,33927476,"Horror|Mystery|Sci-Fi|Thriller","John Kapelos","The Relic ",19176,1976,"Chi Muoi Lo",0,"fire|helicopter|museum|police sergeant|relic","http://www.imdb.com/title/tt0120004/?ref_=fn_tt_tt_1",165,"English","UK","R",4e+07,1997,344,5.7,2.35,956
"Color","Steven Seagal",47,101,0,158,"Joan Chen",854,38590500,"Action|Adventure|Thriller","Mike Starr","On Deadly Ground ",17997,1860,"Sven-Ole Thorsen",1,"environmental|murder|oil|oil spill|tribe","http://www.imdb.com/title/tt0110725/?ref_=fn_tt_tt_1",140,"English","USA","R",5e+07,1994,643,4.4,2.35,812
"Color","Tobe Hooper",52,100,365,225,"Bud Cort",425,4884663,"Horror|Sci-Fi","Louise Fletcher","Invaders from Mars ",5187,1661,"William Bassett",0,"alien|boy|nurse|school|school nurse","http://www.imdb.com/title/tt0091276/?ref_=fn_tt_tt_1",64,"English","USA","PG",1.2e+07,1986,394,5.5,2.35,902
"Color","D.J. Caruso",288,109,154,144,"Emily Wickersham",15000,55092830,"Action|Adventure|Sci-Fi|Thriller","Alex Pettyfer","I Am Number Four ",195043,15608,"Reuben Langdon",1,"based on young adult novel|good versus evil|guardian|human alien|ohio","http://www.imdb.com/title/tt1464540/?ref_=fn_tt_tt_1",329,"English","USA","PG-13",6e+07,2011,348,6.1,1.85,27000
"Color","Morgan Spurlock",83,106,293,547,"Zayn Malik",773,28873374,"Documentary|Music","Harry Styles","One Direction: This Is Us ",22161,2787,"Niall Horan",11,"3 dimensional|concert footage|englishman abroad|reference to keith richards|reference to the doors","http://www.imdb.com/title/tt2515086/?ref_=fn_tt_tt_1",68,"English","USA","PG",1e+07,2013,734,4.1,1.85,0
" Black and White","William Arntz",74,109,0,428,"Elaine Hendrix",847,10941801,"Comedy|Documentary|Drama|Fantasy|Mystery|Sci-Fi","Marlee Matlin","What the #$*! Do We (K)now!? ",12059,2649,"Armin Shimerman",0,"consciousness|photographer|radical|science|scientist","http://www.imdb.com/title/tt0399877/?ref_=fn_tt_tt_1",486,"English","USA","Unrated",NA,2004,670,5.4,1.85,2000
"Color","Greg Harrison",43,78,7,142,"Anne Archer",308,191309,"Drama|Mystery|Thriller","Amir Talai","November ",2787,1008,"Nora Dunn",1,"female protagonist|murder|photographer|robbery|shot to death","http://www.imdb.com/title/tt0368089/?ref_=fn_tt_tt_1",64,"English","USA","R",150000,2004,249,5.5,1.85,98
"Color","Adrian Lyne",152,124,213,372,"Erik Per Sullivan",838,52752475,"Drama|Thriller","Olivier Martinez","Unfaithful ",63067,2583,"Chad Lowe",0,"erotic thriller|infidelity|marital infidelity|unfaithfulness|wife's lover murdered by husband","http://www.imdb.com/title/tt0250797/?ref_=fn_tt_tt_1",533,"English","USA","R",5e+07,2002,593,6.7,1.85,0
"Color","Michael Bay",396,144,0,581,"Michael O'Neill",662,318759914,"Action|Adventure|Sci-Fi","Zack Ward","Transformers ",513158,2333,"Kevin Dunn",0,"alien contact|autobot|decepticon|robot vs. robot|teenage hero","http://www.imdb.com/title/tt0418279/?ref_=fn_tt_tt_1",1782,"English","USA","PG-13",1.5e+08,2007,599,7.1,2.35,8000
"Color","Allison Anders",51,110,99,960,"Alicia Witt",4000,4301331,"Comedy|Fantasy","Salma Hayek","Four Rooms ",78241,7921,"Lili Taylor",6,"bellhop|coven|gangster|hotel|new year's eve","http://www.imdb.com/title/tt0113101/?ref_=fn_tt_tt_1",177,"English","USA","R",4e+06,1995,975,6.7,1.85,0
"Color","John Landis",71,116,644,199,"Denholm Elliott",392,90400000,"Comedy","Don Ameche","Trading Places ",102895,845,"Ralph Bellamy",2,"interracial relationship|poverty|prostitute|scam|stock market","http://www.imdb.com/title/tt0086465/?ref_=fn_tt_tt_1",159,"English","USA","R",NA,1983,249,7.5,1.85,0
"Color","Andrew Berends",12,90,0,NA,"",NA,NA,"Documentary|War","","The Blood of My Brother ",102,0,"",1,"american|blood|dream|patrol|tank","http://www.imdb.com/title/tt0488873/?ref_=fn_tt_tt_1",7,"English","USA","",120000,2005,NA,6.6,1.66,14
"Color","Matthew Robbins",60,108,25,94,"Ralph Richardson",1000,6000000,"Action|Adventure|Fantasy","Ian McDiarmid","Dragonslayer ",10832,1263,"Albert Salmi",0,"apprentice|dragon|king|kingdom|wizard","http://www.imdb.com/title/tt0082288/?ref_=fn_tt_tt_1",102,"English","USA","PG",1.8e+07,1981,115,6.7,2.35,0
"Color","Penelope Spheeris",61,94,122,617,"Lara Flynn Boyle",1000,121697350,"Comedy|Music","Tia Carrere","Wayne's World ",114610,4263,"Kurt Fuller",2,"basement|lead actor's first film|long hair|public access|title directed by female","http://www.imdb.com/title/tt0105793/?ref_=fn_tt_tt_1",176,"English","USA","PG-13",2e+07,1992,619,7,1.85,0
"Color","Jason Friedberg",112,93,82,729,"Carmen Electra",926,39737645,"Adventure|Comedy","David Carradine","Epic Movie ",89687,4293,"Fred Willard",11,"chocolate|chocolate factory|factory|orphan|student","http://www.imdb.com/title/tt0799949/?ref_=fn_tt_tt_1",666,"English","USA","PG-13",2e+07,2007,869,2.3,1.85,0
"Color","Jem Cohen",12,111,6,NA,"",NA,NA,"Documentary","","Counting ",61,0,"",0,"city|city symphony|diary|essay|surveillance","http://www.imdb.com/title/tt4462082/?ref_=fn_tt_tt_1",1,"English","USA","",50000,2015,NA,6,1.78,5
"Color","Burr Steers",191,102,23,651,"Hunter Parrish",2000,64149837,"Comedy|Drama|Family|Fantasy|Romance","Matthew Perry","17 Again ",146899,7009,"Thomas Lennon",1,"adult as child|father son relationship|high school student|janitor|school","http://www.imdb.com/title/tt0974661/?ref_=fn_tt_tt_1",185,"English","USA","PG-13",2e+07,2009,2000,6.4,2.35,0
"Color","Eric Brevig",201,93,40,311,"Brendan Fraser",14000,101702060,"Action|Adventure|Family|Fantasy|Sci-Fi","Josh Hutcherson","Journey to the Center of the Earth ",85323,17925,"Anita Briem",0,"cave|lost world|missing brother|mountain|venus flytrap","http://www.imdb.com/title/tt0373051/?ref_=fn_tt_tt_1",212,"English","USA","PG",4.5e+07,2008,3000,5.8,1.85,0
"Color","Brian De Palma",133,90,0,15,"Daniel Stewart Sherman",343,65087,"Crime|Thriller|War","Mike Figueroa","Redacted ",8824,408,"Kel O'Neill",0,"blood splatter|iraq|murder|rape|soldier","http://www.imdb.com/title/tt0937237/?ref_=fn_tt_tt_1",108,"English","USA","R",5e+06,2007,29,6.2,1.85,559
"Color","Bryan Singer",290,104,0,505,"Tyler Mane",20000,157299717,"Action|Adventure|Sci-Fi","Hugh Jackman","X-Men ",452928,21397,"Bruce Davison",0,"first part|mutant|professor|superhero|superhero team","http://www.imdb.com/title/tt0120903/?ref_=fn_tt_tt_1",1401,"English","USA","PG-13",7.5e+07,2000,764,7.4,2.35,0
"Color","István Szabó",93,104,109,202,"Shaun Evans",405,7739049,"Comedy|Drama|Romance","Miriam Margolyes","Being Julia ",10680,847,"Juliet Stevenson",2,"diva|marriage|open marriage|revenge|social climber","http://www.imdb.com/title/tt0340012/?ref_=fn_tt_tt_1",112,"English","Canada","R",1.8e+07,2004,204,7.1,1.85,562
"Color","Steven Soderbergh",186,116,0,471,"Bernie Mac",11000,183405771,"Crime|Thriller","Brad Pitt","Ocean's Eleven ",402645,13028,"Elliott Gould",4,"card dealer|casino|criminal mastermind|recruiting|ulcer","http://www.imdb.com/title/tt0240772/?ref_=fn_tt_tt_1",845,"English","USA","PG-13",8.5e+07,2001,1000,7.8,2.35,0
"Color","Richard Donner",141,127,503,91,"Rene Russo",5000,129734803,"Action|Crime|Thriller","Jet Li","Lethal Weapon 4 ",127497,6171,"Darlene Love",2,"kung fu|lapd|martial arts|private investigator|triad","http://www.imdb.com/title/tt0122151/?ref_=fn_tt_tt_1",287,"English","USA","R",1.4e+08,1998,808,6.6,2.35,0
" Black and White","Robert Zemeckis",149,142,0,194,"Siobhan Fallon Hogan",15000,329691196,"Comedy|Drama","Tom Hanks","Forrest Gump ",1251222,15700,"Sam Anderson",0,"amputee|love|vietnam|vietnam war|war hero","http://www.imdb.com/title/tt0109830/?ref_=fn_tt_tt_1",1398,"English","USA","PG-13",5.5e+07,1994,294,8.8,2.35,59000
"Color","Peter Howitt",122,87,29,252,"Natalie Imbruglia",427,27972410,"Action|Adventure|Comedy","Kevin McNally","Johnny English ",114692,1461,"Ben Miller",1,"british|crown jewels|explosion|funeral|spy","http://www.imdb.com/title/tt0274166/?ref_=fn_tt_tt_1",285,"English","UK","PG",3.5e+07,2003,304,6.1,1.85,2000
"Color","Wes Craven",158,99,0,520,"Portia de Rossi",1000,19294901,"Comedy|Horror","Shannon Elizabeth","Cursed ",26126,2535,"Derek Mears",0,"creature|death|party|rescue|werewolf","http://www.imdb.com/title/tt0257516/?ref_=fn_tt_tt_1",325,"English","USA","PG-13",3.5e+07,2005,573,5,2.35,0
"Color","Newt Arnold",61,92,15,49,"Donald Gibb",633,11806119,"Action|Biography|Drama|Sport","Bolo Yeung","Bloodsport ",57578,1168,"Ken Siu",1,"hand to hand combat|hong kong|kumite|martial arts|tournament","http://www.imdb.com/title/tt0092675/?ref_=fn_tt_tt_1",210,"English","USA","R",1100000,1988,403,6.8,1.85,0
"Color","Robert Zemeckis",198,116,0,459,"Thomas F. Wilson",1000,210609762,"Adventure|Comedy|Sci-Fi","Lea Thompson","Back to the Future ",732212,3230,"J.J. Cohen",0,"clock tower|delorean|future|time travel|time travel comedy","http://www.imdb.com/title/tt0088763/?ref_=fn_tt_tt_1",809,"English","USA","PG",1.9e+07,1985,690,8.5,1.18,39000
"Color","Adam McKay",426,130,285,767,"Christian Bale",33000,70235322,"Biography|Comedy|Drama|History","Ryan Gosling","The Big Short ",182983,57308,"Charlie Talbert",4,"bank|banking|finance|fraud|mortgage","http://www.imdb.com/title/tt1596363/?ref_=fn_tt_tt_1",374,"English","USA","R",2.8e+07,2015,23000,7.8,2.35,99000
"Color","Stuart Hazeldine",77,101,17,289,"Luke Mably",766,NA,"Mystery|Thriller","Colin Salmon","Exam ",70076,2123,"Pollyanna McIntosh",0,"band aid|hairpin|one day|single set production|unsubtitled foreign language","http://www.imdb.com/title/tt1258197/?ref_=fn_tt_tt_1",120,"English","UK","Not Rated",NA,2009,438,6.9,2.35,14000
"Color","Luc Besson",30,98,0,164,"Isabelle Adjani",1000,NA,"Comedy|Drama|Thriller","Christopher Lambert","Subway ",11031,1917,"Jean-Hugues Anglade",1,"band|blackmail|safe|subway|train","http://www.imdb.com/title/tt0090095/?ref_=fn_tt_tt_1",45,"French","France","R",1.7e+07,1985,572,6.5,2.35,739
"Color","Hironobu Sakaguchi",166,106,6,422,"Ming-Na Wen",12000,32131830,"Action|Adventure|Animation|Fantasy|Romance|Sci-Fi","Steve Buscemi","Final Fantasy: The Spirits Within ",72259,15015,"Jean Simmons",1,"general|military|scientist|soldier|year 2065","http://www.imdb.com/title/tt0173840/?ref_=fn_tt_tt_1",788,"English","USA","PG-13",1.37e+08,2001,2000,6.4,1.85,0
"Color","Leos Carax",332,115,227,226,"Leos Carax",690,NA,"Drama|Fantasy","Kylie Minogue","Holy Motors ",29440,1298,"Denis Lavant",0,"boudoir|death|insanity|male full frontal nudity|penis","http://www.imdb.com/title/tt2076220/?ref_=fn_tt_tt_1",110,"French","France","Not Rated",NA,2012,227,7.1,1.85,12000
"Color","Doug Block",45,90,0,0,"Ellen Block",0,84689,"Documentary","Carol Block","51 Birch Street ",695,0,"Mike Block",2,"address as title|number in title|parents","http://www.imdb.com/title/tt0468442/?ref_=fn_tt_tt_1",16,"English","Germany","Unrated",NA,2005,0,7.5,NA,70
"Color","Tony Goldwyn",92,97,956,99,"Ellen Barkin",20000,27338033,"Comedy|Romance","Hugh Jackman","Someone Like You... ",19709,20798,"Catherine Dent",3,"apartment|girl in panties|roommate|thong panties|upskirt","http://www.imdb.com/title/tt0244970/?ref_=fn_tt_tt_1",167,"English","USA","PG-13",2.3e+07,2001,551,6.1,1.85,0
"Color","Mike Newell",115,139,179,50,"Giovanna Mezzogiorno",267,4584886,"Drama|Romance","Marcela Mar","Love in the Time of Cholera ",19114,538,"Unax Ugalde",0,"19th century|colombia|love|marriage|widow","http://www.imdb.com/title/tt0484740/?ref_=fn_tt_tt_1",115,"English","USA","R",4.5e+07,2007,202,6.4,2.35,0
"Color","Michael Polish",30,90,35,21,"Patrick Bauchau",216,NA,"Drama|Horror|Mystery|Thriller","Olivia Rose Keegan","Amnesiac ",2157,423,"Mia Barron",0,"child in peril|electroshock therapy|memory|memory loss|teenage girl","http://www.imdb.com/title/tt2837336/?ref_=fn_tt_tt_1",15,"English","USA","",3e+06,2014,158,4.3,NA,421
"Color","Ron Howard",79,139,2000,808,"Delroy Lindo",960,136448821,"Crime|Thriller","Lili Taylor","Ransom ",98989,3667,"Rene Russo",1,"bounty|fbi|millionaire|money|ransom","http://www.imdb.com/title/tt0117438/?ref_=fn_tt_tt_1",158,"English","USA","R",8e+07,1996,848,6.6,1.85,1000
"Color","J.J. Abrams",310,124,14000,979,"Tom Cruise",22000,133382309,"Action|Adventure|Thriller","Philip Seymour Hoffman","Mission: Impossible III ",256695,34817,"Eddie Marsan",0,"arms dealer|fictional government agency|mission|rescue|vatican","http://www.imdb.com/title/tt0317919/?ref_=fn_tt_tt_1",871,"English","USA","PG-13",1.5e+08,2006,10000,6.9,2.35,0
"Color","Kevin Tenney",65,98,85,186,"Tawny Kitaen",265,7369373,"Horror|Mystery|Thriller","Kathleen Wilhoite","Witchboard ",4288,901,"Rose Marie",1,"evil spirit|hatchet|ouija|ouija board|psychopathic killer","http://www.imdb.com/title/tt0090327/?ref_=fn_tt_tt_1",74,"English","UK","R",2e+06,1986,194,5.7,1.85,0
"Color","Ivan Reitman",147,95,425,560,"Eddie Izzard",973,22526144,"Comedy|Romance|Sci-Fi","Rainn Wilson","My Super Ex-Girlfriend ",53884,2737,"Wanda Sykes",1,"architect|boyfriend girlfriend relationship|superhero|superhero spoof|supernatural power","http://www.imdb.com/title/tt0465624/?ref_=fn_tt_tt_1",203,"English","USA","PG-13",3e+07,2006,776,5.1,2.35,1000
"Color","Terence Davies",96,135,25,553,"Anthony LaPaglia",902,3041803,"Drama|Romance","Eric Stoltz","The House of Mirth ",6377,2735,"Elizabeth McGovern",0,"high society|love|money|reputation|wealth","http://www.imdb.com/title/tt0200720/?ref_=fn_tt_tt_1",181,"English","UK","PG",1e+07,2000,576,7.1,2.35,345
"Color","Kyle Balda",308,91,22,1000,"Jon Hamm",7000,336029560,"Action|Animation|Comedy|Family|Sci-Fi","Steve Carell","Minions ",142403,13616,"Steve Coogan",0,"antarctica|minion|queen|super villain|villain","http://www.imdb.com/title/tt2293640/?ref_=fn_tt_tt_1",275,"English","USA","PG",7.4e+07,2015,4000,6.4,1.85,70000
"Color","Robert Redford",125,126,0,9000,"Will Smith",13000,30695227,"Drama|Fantasy|Sport","Matt Damon","The Legend of Bagger Vance ",45296,34774,"Charlize Theron",3,"caddy|game|golf|golf course|golfer","http://www.imdb.com/title/tt0146984/?ref_=fn_tt_tt_1",267,"English","USA","PG-13",6e+07,2000,10000,6.7,1.85,0
"Color","Rob Cohen",187,106,357,4000,"Vin Diesel",23000,144512310,"Action|Crime|Thriller","Paul Walker","The Fast and the Furious ",272223,45327,"Jordana Brewster",2,"eighteen wheeler|illegal street racing|truck|trucker|undercover cop","http://www.imdb.com/title/tt0232500/?ref_=fn_tt_tt_1",988,"English","USA","PG-13",3.8e+07,2001,14000,6.7,2.35,14000
"Color","Hunter Richards",34,92,11,1000,"Chris Evans",26000,12667,"Drama|Romance","Jason Statham","London ",19336,39518,"Dane Cook",2,"bar|coke|drugs|party|snorting","http://www.imdb.com/title/tt0449061/?ref_=fn_tt_tt_1",90,"English","UK","R",14000,2005,11000,6.6,2.35,0
"Color","",23,52,NA,114,"Clotilde Hesme",164,NA,"Drama|Fantasy|Horror|Mystery","Pierre Perrier","The Returned             ",15762,654,"Céline Sallette",9,"france|living dead|serial killer|small town|supernatural","http://www.imdb.com/title/tt2521668/?ref_=fn_tt_tt_1",47,"French","France","TV-MA",NA,NA,116,8.3,16,17000
" Black and White","Morgan J. Freeman",17,86,204,474,"Heather Matarazzo",659,334041,"Crime|Drama|Romance","Edie Falco","Hurricane Streets ",1038,2322,"Lynn Cohen",3,"gang|new mexico|prison|smuggling|theft","http://www.imdb.com/title/tt0119338/?ref_=fn_tt_tt_1",21,"English","USA","R",5e+05,1997,529,6.5,1.85,51
"Color","Jay Russell",69,90,13,613,"Sissy Spacek",882,19158074,"Drama|Family|Fantasy|Romance","William Hurt","Tuck Everlasting ",17983,2661,"Jonathan Jackson",2,"fountain of youth|immortality|secret|woods|young man","http://www.imdb.com/title/tt0283084/?ref_=fn_tt_tt_1",127,"English","USA","PG",1.5e+07,2002,874,6.7,2.35,0
"Color","Alan Taylor",474,126,230,2000,"Emilia Clarke",24000,89732035,"Action|Adventure|Sci-Fi","J.K. Simmons","Terminator Genisys ",188457,38873,"Matt Smith",2,"alternate timeline|cyborg|future|robot|time machine","http://www.imdb.com/title/tt1340138/?ref_=fn_tt_tt_1",867,"English","USA","PG-13",1.55e+08,2015,10000,6.6,2.35,82000
"Color","Ken Kwapis",125,107,42,171,"Tim Blake Nelson",875,20113965,"Biography|Drama|Romance","Ted Danson","Big Miracle ",15231,1702,"Andrew Daly",3,"arctic circle|reporter|small town|volunteer|whale","http://www.imdb.com/title/tt1430615/?ref_=fn_tt_tt_1",66,"English","USA","PG",4e+07,2012,596,6.5,2.35,0
"Color","Jun Falkenstein",89,77,25,16,"John Fiedler",304,45542421,"Animation|Comedy|Drama|Family|Musical","Kath Soucie","The Tigger Movie ",13319,575,"Ken Sansom",0,"cartoon tiger|coming of age|tiger|tigger|title directed by female","http://www.imdb.com/title/tt0220099/?ref_=fn_tt_tt_1",53,"English","USA","G",3e+07,2000,253,6.3,1.78,347
"Color","Eric Styles",16,92,4,405,"Rupert Graves",631,7680,"Drama|Romance","Samantha Morton","Dreaming of Joseph Lees ",704,2020,"Miriam Margolyes",0,"love crime|love triangle|lust|sister sister relationship|unrequited love","http://www.imdb.com/title/tt0144178/?ref_=fn_tt_tt_1",18,"English","USA","R",2e+06,1999,443,6.4,NA,100
"Color","George Roy Hill",119,129,131,417,"Robert Shaw",1000,159600000,"Comedy|Crime|Drama","Eileen Brennan","The Sting ",175607,2387,"Ray Walston",0,"con|con man|courier|long con|murder","http://www.imdb.com/title/tt0070735/?ref_=fn_tt_tt_1",252,"English","USA","PG",5500000,1973,559,8.3,1.85,0
"Color","Jan de Bont",114,116,101,780,"Alan Ruck",18000,121248145,"Action|Adventure|Crime|Thriller","Keanu Reeves","Speed ",260981,20966,"Joe Morton",0,"bomb|bus|elevator|explosive|rescue","http://www.imdb.com/title/tt0111257/?ref_=fn_tt_tt_1",373,"English","USA","R",2.5e+07,1994,946,7.2,2.35,0
"Color","Serdar Akar",16,122,11,173,"Bergüzar Korel",205,NA,"Action|Adventure","Necati Sasmaz","Valley of the Wolves: Iraq ",14486,808,"Ghassan Massoud",3,"abu ghraib|bomb|christian|explosion|iraq","http://www.imdb.com/title/tt0493264/?ref_=fn_tt_tt_1",159,"Arabic","Turkey","",8300000,2006,197,6,1.85,467
"Color","Jesse Vaughan",32,91,10,574,"Jenifer Lewis",890,13571817,"Comedy|Drama|Romance|Sport","Vivica A. Fox","Juwanna Mann ",5312,3104,"Kevin Pollak",3,"basketball|dodge viper|hit in the crotch|male nudity|the star spangled banner","http://www.imdb.com/title/tt0247444/?ref_=fn_tt_tt_1",40,"English","USA","PG-13",15600000,2002,578,4.5,1.85,939
"Color","Scott Derrickson",242,118,301,897,"Dorian Missick",2000,30523568,"Horror|Mystery|Thriller","Olivia Munn","Deliver Us from Evil ",54447,5697,"Edgar Ramírez",0,"confession|demonic possession|exorcism|flickering light|priest","http://www.imdb.com/title/tt2377322/?ref_=fn_tt_tt_1",201,"English","USA","R",3e+07,2014,1000,6.2,2.35,18000
"Color","John Crowley",351,111,34,54,"Fiona Glascott",838,38317535,"Drama|Romance","Julie Walters","Brooklyn ",73249,995,"Eva Birthistle",1,"1950s|immigrant|irish|irish accent|torn between two worlds","http://www.imdb.com/title/tt2381111/?ref_=fn_tt_tt_1",212,"English","UK","PG-13",1.1e+07,2015,55,7.5,1.85,36000
"Color","Steven Spielberg",75,142,14000,5000,"Julia Roberts",49000,119654900,"Adventure|Comedy|Family|Fantasy","Robin Williams","Hook ",182802,64259,"Bob Hoskins",1,"1990s|caught in a net|children|duel|hero","http://www.imdb.com/title/tt0102057/?ref_=fn_tt_tt_1",363,"English","USA","PG",7e+07,1991,8000,6.7,2.35,13000
"Color","Kevin Jordan",21,90,4,113,"Christa Miller",20000,277233,"Comedy|Romance","Derick Martini","Smiling Fish & Goat on Fire ",2631,20814,"Ion Overman",5,"accountant|actor|animal in title|mail carrier|single parent","http://www.imdb.com/title/tt0162348/?ref_=fn_tt_tt_1",26,"English","USA","R",40000,1999,467,7.6,1.85,0
"Color","Scott Marshall",20,93,7,611,"Drew Waters",906,5561,"Comedy|Romance","Drew Fuller","Blonde Ambition ",4995,4725,"Larry Miller",1,"boss|business|career|confidence|female protagonist","http://www.imdb.com/title/tt0887719/?ref_=fn_tt_tt_1",34,"English","USA","PG-13",1e+07,2007,848,3.9,1.85,160
"Color","Christopher Landon",220,101,52,332,"Gloria Sandoval",510,32453345,"Fantasy|Horror|Thriller","Richard Cabral","Paranormal Activity: The Marked Ones ",31791,2161,"Molly Ephraim",0,"apartment|blood|demonic possession|neighbor|pentagram","http://www.imdb.com/title/tt2473682/?ref_=fn_tt_tt_1",155,"English","USA","R",5e+06,2014,358,5,1.78,10000
"Color","Richard Brooks",70,108,174,110,"Judith Anderson",253,NA,"Drama|Romance","Burl Ives","Cat on a Hot Tin Roof ",33741,649,"Jack Carson",0,"cancer|football|homosexuality|marriage|mississippi","http://www.imdb.com/title/tt0051459/?ref_=fn_tt_tt_1",141,"English","USA","Approved",3e+06,1958,197,8.1,1.85,0
"Color","Bruce McCulloch",52,85,54,455,"Megan Mullally",985,13973532,"Comedy|Crime","Martin Starr","Stealing Harvard ",11211,3065,"Chris Penn",1,"black humor|crying during sex|harvard|humor|man with glasses","http://www.imdb.com/title/tt0265808/?ref_=fn_tt_tt_1",92,"English","USA","PG-13",2.5e+07,2002,637,5.1,1.85,215
"Color","Ethan Coen",493,110,1000,538,"Jeff Bridges",13000,171031347,"Adventure|Drama|Western","Matt Damon","True Grit ",240962,25964,"Bruce Green",0,"arkansas|murder|sheriff|texas ranger|u.s. marshal","http://www.imdb.com/title/tt1403865/?ref_=fn_tt_tt_1",724,"English","USA","PG-13",3.8e+07,2010,12000,7.7,2.35,36000
"Color","James Melkonian",10,82,7,27,"William Hickey",584,7557877,"Comedy|Crime","Vincent Pastore","The Jerky Boys ",2129,1002,"Peter Appel",0,"critically bashed|mafia|police|telephone|unemployment","http://www.imdb.com/title/tt0110189/?ref_=fn_tt_tt_1",37,"English","USA","R",NA,1995,246,4.6,1.85,138
"Color","Andrew Fleming",93,101,26,266,"Rachel True",838,24881000,"Drama|Fantasy|Horror|Thriller","Christine Taylor","The Craft ",57140,1812,"Brenda Strong",0,"coven|occult|outcast|spell|witch","http://www.imdb.com/title/tt0115963/?ref_=fn_tt_tt_1",195,"English","USA","R",1.5e+07,1996,328,6.2,1.85,6000
"Color","Ramaa Mosley",62,101,6,727,"Michael Angarano",975,6643,"Comedy|Fantasy|Thriller","Jack McBrayer","The Brass Teapot ",11965,4184,"Alia Shawkat",2,"mini dress|mini skirt|money|voyeur|voyeurism","http://www.imdb.com/title/tt1935902/?ref_=fn_tt_tt_1",39,"English","USA","R",9e+05,2012,947,6.4,2.35,0
"Color","Louis Morneau",97,91,38,91,"Bob Gunton",730,10149779,"Horror|Sci-Fi|Thriller","Leon","Bats ",8294,1405,"Ned Bellamy",0,"animal attack|bat|creature feature|experiment|mad scientist","http://www.imdb.com/title/tt0200469/?ref_=fn_tt_tt_1",160,"English","USA","PG-13",6500000,1999,461,3.6,2.35,342
"Color","Ian Sharp",12,102,9,368,"Jed Brophy",1000,NA,"Action|Adventure|Drama|Western","Ray Winstone","Tracker ",2892,1904,"Temuera Morrison",0,"one word title","http://www.imdb.com/title/tt1414378/?ref_=fn_tt_tt_1",18,"English","New Zealand","R",6500000,2010,433,6.5,2.35,830
"Color","Tom Green",97,87,374,484,"Harland Williams",826,14249005,"Comedy","Rip Torn","Freddy Got Fingered ",39788,2689,"Eddie Kaye Thomas",1,"animator|bamboo cane|cartoonist|sausage|slacker","http://www.imdb.com/title/tt0240515/?ref_=fn_tt_tt_1",619,"English","USA","R",1.5e+07,2001,503,4.5,1.85,0
"Color","Rachel Talalay",60,104,54,919,"Lori Petty",6000,4064333,"Action|Comedy|Sci-Fi","Naomi Watts","Tank Girl ",24790,9662,"Jeff Kober",0,"2030s|21st century|desert|jet|tank","http://www.imdb.com/title/tt0114614/?ref_=fn_tt_tt_1",173,"English","USA","R",2.5e+07,1995,923,5.2,2.35,0
"Color","Matt Walsh",8,87,490,201,"Matt Jones",833,NA,"Comedy","Joe Lo Truglio","High Road ",1305,2295,"Abby Elliott",6,"","http://www.imdb.com/title/tt1692084/?ref_=fn_tt_tt_1",3,"English","USA","R",NA,2011,523,5.4,NA,244
" Black and White","Julie Taymor",128,123,278,898,"Roger Rees",4000,25776062,"Biography|Drama|Romance","Salma Hayek","Frida ",61651,7072,"Valeria Golino",0,"art|bisexual|marriage|pain|revolutionary","http://www.imdb.com/title/tt0120679/?ref_=fn_tt_tt_1",271,"English","USA","R",1.2e+07,2002,1000,7.4,1.85,0
"Color","James Gartner",95,118,0,543,"Austin Nichols",696,42643187,"Biography|Drama|Sport","Mehcad Brooks","Glory Road ",34910,2577,"Derek Luke",1,"coach|college basketball|national championship|ncaa|texas","http://www.imdb.com/title/tt0385726/?ref_=fn_tt_tt_1",145,"English","USA","PG",NA,2006,663,7.2,2.35,0
"Color","Jared Hess",163,92,100,327,"Moises Arias",678,80197993,"Comedy|Family|Sport","Ana de la Reguera","Nacho Libre ",65551,1729,"Héctor Jiménez",1,"lucha libre|monastery|nun|orphan|wrestling","http://www.imdb.com/title/tt0457510/?ref_=fn_tt_tt_1",441,"English","Germany","PG",3.2e+07,2006,635,5.7,1.85,0
"Color","David F. Sandberg",159,81,26,300,"Amiah Miller",2000,56536016,"Horror","Billy Burke","Lights Out ",13523,3344,"Gabriel Bateman",0,"based on short film|reference to avenged sevenfold|reference to slayer|switching lights on and off|two word title","http://www.imdb.com/title/tt4786282/?ref_=fn_tt_tt_1",95,"English","USA","PG-13",4900000,2016,509,6.9,2.35,0
"Color","David O. Russell",539,122,737,14000,"Robert De Niro",34000,132088910,"Comedy|Drama|Romance","Jennifer Lawrence","Silver Linings Playbook ",533607,72115,"Bradley Cooper",0,"adulterous wife|bipolar disorder|obsessive compulsive personality disorder|unhappy marriage|widow","http://www.imdb.com/title/tt1045658/?ref_=fn_tt_tt_1",692,"English","USA","R",2.1e+07,2012,22000,7.8,2.35,117000
"Color","Edward Zwick",166,143,380,452,"Djimon Hounsou",29000,57366262,"Adventure|Drama|Thriller","Leonardo DiCaprio","Blood Diamond ",400292,33160,"Stephen Collins",0,"diamond|elephant|fisherman|rebel|sierra leone","http://www.imdb.com/title/tt0450259/?ref_=fn_tt_tt_1",657,"English","Germany","R",1e+08,2006,3000,8,2.35,14000
"Color","Jonathan Frakes",143,111,906,906,"Alfre Woodard",1000,92001027,"Action|Adventure|Drama|Sci-Fi|Thriller","LeVar Burton","Star Trek: First Contact ",97838,6315,"Jonathan Frakes",2,"21st century|borg|borg sphere|captain|sphere","http://www.imdb.com/title/tt0117731/?ref_=fn_tt_tt_1",286,"English","USA","PG-13",4.5e+07,1996,1000,7.6,2.35,3000
"Color","Julie Taymor",92,110,278,181,"Reeve Carney",3000,263365,"Comedy|Drama|Fantasy|Romance","Djimon Hounsou","The Tempest ",6147,3785,"Tom Conti",2,"banishment|sorcery|spirit|staff|storm at sea","http://www.imdb.com/title/tt1274300/?ref_=fn_tt_tt_1",36,"English","USA","PG-13",2e+07,2010,602,5.4,2.35,0
"Color","Clint Eastwood",315,129,16000,447,"Jay Mohr",13000,32741596,"Drama|Fantasy","Matt Damon","Hereafter ",80140,14344,"Cécile De France",0,"death|france|near death experience|tsunami|twin brother","http://www.imdb.com/title/tt1212419/?ref_=fn_tt_tt_1",323,"English","USA","PG-13",5e+07,2010,563,6.5,2.35,16000
"Color","Ron Underwood",66,95,31,683,"Randy Quaid",3000,4411102,"Action|Comedy|Sci-Fi","Rosario Dawson","The Adventures of Pluto Nash ",20295,6161,"Burt Young",1,"casino|future|laser gun|moon|nightclub","http://www.imdb.com/title/tt0180052/?ref_=fn_tt_tt_1",164,"English","USA","PG-13",1e+08,2002,695,3.8,1.85,416
"Color","Lori Petty",12,93,923,904,"Chloë Grace Moretz",34000,NA,"Drama","Jennifer Lawrence","The Poker House ",3943,52113,"Bokeem Woodbine",3,"basketball|drug abuse|interracial rape|iowa|tween girl","http://www.imdb.com/title/tt1014806/?ref_=fn_tt_tt_1",24,"English","USA","R",NA,2008,17000,6.5,1.85,599
"Color","Guillermo del Toro",406,112,0,250,"Maribel Verdú",634,37623143,"Drama|Fantasy|War","Ivana Baquero","Pan's Labyrinth ",467234,1322,"Sergi López",0,"fairy|fairy tale|faun|princess|spain","http://www.imdb.com/title/tt0457430/?ref_=fn_tt_tt_1",1083,"Spanish","Spain","R",13500000,2006,269,8.2,1.85,27000
"Color","Woody Allen",487,94,11000,183,"Audrey Fleurot",617,56816662,"Comedy|Fantasy|Romance","Kurt Fuller","Midnight in Paris ",301149,1289,"Nina Arianda",1,"1920s|golden age|midnight|paris france|time travel romance","http://www.imdb.com/title/tt1605783/?ref_=fn_tt_tt_1",509,"English","Spain","PG-13",1.7e+07,2011,204,7.7,1.85,78000
"Color","Gary Hardwick",52,106,10,578,"Tatyana Ali",3000,27457409,"Comedy|Drama","Julie Benz","The Brothers ",3198,6419,"Jenifer Lewis",4,"african american|commitment|friend|friendship|playboy","http://www.imdb.com/title/tt0250274/?ref_=fn_tt_tt_1",43,"English","USA","R",6e+06,2001,685,6.3,1.85,478
"Color","Karan Johar",20,193,160,860,"John Abraham",8000,3275443,"Drama","Shah Rukh Khan","Kabhi Alvida Naa Kehna ",13998,10822,"Preity Zinta",2,"extramarital affair|fashion magazine editor|marriage|new york|teacher","http://www.imdb.com/title/tt0449999/?ref_=fn_tt_tt_1",264,"Hindi","India","R",7e+08,2006,1000,6,2.35,659
"Color","Robert Schwentke",214,107,124,100,"Brooklynn Proulx",152,63411478,"Drama|Fantasy|Romance|Sci-Fi","Arliss Howard","The Time Traveler's Wife ",114925,568,"Michelle Nolden",1,"jumping on a bed|kissing while having sex|librarian|male objectification|pregnant woman in bathtub","http://www.imdb.com/title/tt0452694/?ref_=fn_tt_tt_1",234,"English","USA","PG-13",3.9e+07,2009,142,7.1,2.35,13000
"Color","Ben Falcone",148,100,265,265,"Mark Duplass",989,84518155,"Comedy","Gary Cole","Tammy ",35965,2654,"Ben Falcone",0,"alcoholic|grandmother|highway travel|niagara falls|on the road","http://www.imdb.com/title/tt2103254/?ref_=fn_tt_tt_1",144,"English","USA","R",2e+07,2014,830,4.9,1.85,11000
"Color","Jeff Wadlow",140,110,65,149,"Neil Brown Jr.",3000,24848292,"Action|Drama|Sport","Djimon Hounsou","Never Back Down ",80556,4089,"Leslie Hope",1,"club|fight|fighting|high school|mixed martial arts","http://www.imdb.com/title/tt1023111/?ref_=fn_tt_tt_1",184,"English","USA","PG-13",2e+07,2008,427,6.6,2.35,0
"Color","Kasi Lemmons",40,93,148,170,"Mary J. Blige",549,7017178,"Drama|Family|Music|Musical","Jennifer Hudson","Black Nativity ",1633,1373,"Vondie Curtis-Hall",5,"based on stage musical|based on the bible|christmas|color in title|nativity","http://www.imdb.com/title/tt1425922/?ref_=fn_tt_tt_1",17,"English","USA","PG",17500000,2013,269,4.4,2.35,0
"Color","Phil Lord",330,112,97,584,"Craig Roberts",17000,191616238,"Action|Comedy|Crime","Channing Tatum","22 Jump Street ",258186,19428,"Amber Stevens West",2,"college|drugs|hidden camera|tattoo|undercover","http://www.imdb.com/title/tt2294449/?ref_=fn_tt_tt_1",322,"English","USA","R",5e+07,2014,920,7.1,2.35,24000
"Color","John Lasseter",191,82,487,967,"John Ratzenberger",15000,245823397,"Adventure|Animation|Comedy|Family|Fantasy","Tom Hanks","Toy Story 2 ",385871,21275,"Wayne Knight",2,"collector|dog|friend|rescue|toy","http://www.imdb.com/title/tt0120363/?ref_=fn_tt_tt_1",515,"English","USA","G",9e+07,1999,1000,7.9,1.85,0
"Color","Jaume Balagueró",191,102,57,78,"Tony Corvillo",331,NA,"Drama|Horror|Thriller","Luis Tosar","Sleep Tight ",23756,526,"Marta Etura",0,"apartment|concierge|girl|hitchcockian|stalking","http://www.imdb.com/title/tt1437358/?ref_=fn_tt_tt_1",48,"Spanish","Spain","Not Rated",5e+06,2011,93,7.2,2.35,0
"Color","David Lean",52,164,767,162,"Judy Davis",358,26400000,"Adventure|Drama|History","Richard Wilson","A Passage to India ",12980,1334,"Art Malik",0,"doctor|english|india|magistrate|mosque","http://www.imdb.com/title/tt0087892/?ref_=fn_tt_tt_1",89,"English","UK","PG",1.6e+07,1984,223,7.4,1.85,845
"Color","Matt Reeves",521,130,198,884,"Judy Greer",10000,208543795,"Action|Adventure|Drama|Sci-Fi","Gary Oldman","Dawn of the Planet of the Apes ",317542,14363,"Kodi Smit-McPhee",0,"ape|dam|leader|post apocalypse|sequel","http://www.imdb.com/title/tt2103281/?ref_=fn_tt_tt_1",620,"English","USA","PG-13",1.7e+08,2014,2000,7.6,1.85,45000
"Color","Tim Story",262,92,167,702,"Ioan Gruffudd",11000,131920333,"Action|Adventure|Sci-Fi|Thriller","Chris Evans","Fantastic 4: Rise of the Silver Surfer ",213275,15302,"Andre Braugher",3,"fantastic four|space|strong female character|strong female lead|superheroine","http://www.imdb.com/title/tt0486576/?ref_=fn_tt_tt_1",436,"English","USA","PG",1.3e+08,2007,2000,5.6,2.35,0
" Black and White","Lowell Sherman",35,66,16,28,"Gilbert Roland",418,NA,"Comedy|Drama|History|Musical|Romance","Mae West","She Done Him Wrong ",4152,583,"Louise Beavers",1,"captain|marriage proposal|saloon|saloon singer|singer","http://www.imdb.com/title/tt0024548/?ref_=fn_tt_tt_1",59,"English","USA","Approved",2e+05,1933,85,6.5,1.37,328
"Color","Paul Weitz",157,109,80,2000,"Ty Burrell",19000,45489752,"Comedy|Drama|Romance","Scarlett Johansson","In Good Company ",48973,28493,"Dennis Quaid",2,"company|corporate takeover|executive|magazine|new boss","http://www.imdb.com/title/tt0385267/?ref_=fn_tt_tt_1",214,"English","USA","PG-13",2.6e+07,2004,3000,6.5,1.85,736
" Black and White","Georg Wilhelm Pabst",71,110,21,3,"Francis Lederer",426,9950,"Crime|Drama|Romance","Louise Brooks","Pandora's Box ",7431,455,"Fritz Kortner",1,"escape|femme fatale|german expressionism|lust|violence","http://www.imdb.com/title/tt0018737/?ref_=fn_tt_tt_1",84,"German","Germany","Not Rated",NA,1929,20,8,1.33,926
" Black and White","Fred Zinnemann",153,85,160,433,"Lloyd Bridges",998,NA,"Thriller|Western","Gary Cooper","High Noon ",80193,2496,"Lon Chaney Jr.",0,"appeasement|frontier justice|justice|one against many|street shootout","http://www.imdb.com/title/tt0044706/?ref_=fn_tt_tt_1",333,"English","USA","PG",750000,1952,575,8.1,1.37,3000
"Color","Shane Meadows",29,90,222,222,"Paddy Considine",5000,18434,"Comedy|Drama","Bob Hoskins","A Room for Romeo Brass ",4471,6111,"Shane Meadows",2,"betrayal|family relationships|friendship|psychosis|stranger","http://www.imdb.com/title/tt0202559/?ref_=fn_tt_tt_1",47,"English","UK","R",NA,1999,680,7.7,1.85,484
"Color","Patrick Read Johnson",22,99,32,479,"Lara Flynn Boyle",1000,16671505,"Adventure|Comedy|Crime|Drama|Family","Joe Mantegna","Baby's Day Out ",33186,2949,"Cynthia Nixon",1,"baby|baby boy|kidnapping|kidnapping a child|taxi","http://www.imdb.com/title/tt0109190/?ref_=fn_tt_tt_1",78,"English","USA","PG",5e+07,1994,619,5.9,1.85,0
"Color","Curtis Hanson",119,110,161,196,"Omar Benson Miller",1000,116724075,"Drama|Music","Mekhi Phifer","8 Mile ",187181,1954,"Evan Jones",0,"competition|contest|friend|self expression|white rapper","http://www.imdb.com/title/tt0298203/?ref_=fn_tt_tt_1",564,"English","USA","R",4.1e+07,2002,418,7,2.35,0
"Color","Tim Blake Nelson",92,95,596,697,"Andrew Keegan",1000,16017403,"Drama|Romance|Thriller","Mekhi Phifer","O ",17333,3300,"John Heard",2,"basketball|basketball player|boarding school|love|shakespeare's othello","http://www.imdb.com/title/tt0184791/?ref_=fn_tt_tt_1",153,"English","USA","R",5e+06,2001,835,6.2,1.85,0
"Color","Gregor Jordan",109,98,34,730,"Scott Glenn",936,353743,"Comedy|Crime|Drama|Thriller|War","Dean Stockwell","Buffalo Soldiers ",20730,3578,"Leon",1,"berlin wall|germany|murder|soldier|specialist","http://www.imdb.com/title/tt0252299/?ref_=fn_tt_tt_1",111,"English","UK","R",1.5e+07,2001,826,6.9,2.35,664
"Color","Jon Hurwitz",153,102,22,816,"Eric Winter",1000,38087366,"Adventure|Comedy","Danneel Ackles","Harold & Kumar Escape from Guantanamo Bay ",113918,4065,"Beverly D'Angelo",2,"bong|escape|ex girlfriend|guantanamo bay|texas","http://www.imdb.com/title/tt0481536/?ref_=fn_tt_tt_1",165,"English","USA","R",1.2e+07,2008,954,6.6,1.85,0
"Color","Oliver Stone",242,129,0,625,"Jay Hernandez",12000,70236496,"Drama|History|Thriller","Nicolas Cage","World Trade Center ",67395,14421,"Armando Riesco",0,"based on true story|police|rescue|rubble|trapped","http://www.imdb.com/title/tt0469641/?ref_=fn_tt_tt_1",564,"English","USA","PG-13",6.3e+07,2006,1000,6,1.85,0
"Color","Joey Lauren Adams",36,97,781,90,"Diane Ladd",596,117560,"Drama|Romance","Tim Blake Nelson","Come Early Morning ",2330,1081,"Ritchie Montgomery",0,"church|drink|knocking on a door|love|three word title","http://www.imdb.com/title/tt0457308/?ref_=fn_tt_tt_1",29,"English","USA","R",6e+06,2006,206,6.2,1.85,224
"Color","Richard Curtis",218,129,628,548,"Liam Neeson",14000,59365105,"Comedy|Drama|Romance","Colin Firth","Love Actually ",318634,28886,"Kris Marshall",9,"aging rocker|christmas|love at first sight|minister|prime minister","http://www.imdb.com/title/tt0314331/?ref_=fn_tt_tt_1",1004,"English","UK","R",4.5e+07,2003,14000,7.7,2.35,52000
"Color","Kimberly Peirce",359,100,108,534,"Judy Greer",17000,35266619,"Drama|Fantasy|Horror","Chloë Grace Moretz","Carrie ",108242,20051,"Portia Doubleday",1,"outcast|prom|self injury|telekinesis|tragic event","http://www.imdb.com/title/tt1939659/?ref_=fn_tt_tt_1",371,"English","USA","R",3e+07,2013,2000,5.9,2.35,39000
"Color","Curtis Hanson",7,100,161,172,"Shelley Long",10000,NA,"Comedy|Drama|Family","Tom Cruise","Losin' It ",3114,11059,"Rick Rossovich",0,"apostrophe in title|bare breasts|friendship between men|teen sex comedy|two word title","http://www.imdb.com/title/tt0085868/?ref_=fn_tt_tt_1",16,"English","Canada","R",7e+06,1983,422,4.8,NA,168
"Color","Mike Bruce",3,78,6,17,"Kirpatrick Thomas",32,243768,"Western","Joseph Campanella","The Legend of God's Gun ",143,72,"Christian Anderson",0,"","http://www.imdb.com/title/tt1073221/?ref_=fn_tt_tt_1",9,"English","USA","R",30000,2007,17,4.1,2.35,13
"Color","Chia-Liang Liu",77,102,32,75,"Anita Mui",483,11546543,"Action|Comedy","Andy Lau","The Legend of Drunken Master ",34520,768,"Ho-Sung Pak",1,"battle|fight|fighting|martial artist|snake","http://www.imdb.com/title/tt0111512/?ref_=fn_tt_tt_1",146,"Cantonese","Hong Kong","R",2e+06,1994,147,7.6,2.35,0
"Color","Larry Clark",76,115,184,551,"Nick Stahl",730,510092,"Biography|Crime|Drama","Kelli Garner","Bully ",29424,3293,"Brad Renfro",0,"cruelty|friend|male frontal nudity|male nudity|pubic hair","http://www.imdb.com/title/tt0242193/?ref_=fn_tt_tt_1",336,"English","USA","R",NA,2001,648,7,1.85,0
"Color","Richard Donner",123,116,503,982,"Gerard Butler",23000,19480739,"Action|Adventure|Sci-Fi","Paul Walker","Timeline ",53057,43887,"Ethan Embry",0,"castle|france|professor|student|time machine","http://www.imdb.com/title/tt0300556/?ref_=fn_tt_tt_1",457,"English","USA","PG-13",8e+07,2003,18000,5.6,2.35,0
"Color","Harold Becker",43,113,17,551,"Michael O'Neill",14000,58571513,"Crime|Drama|Mystery|Thriller","Al Pacino","Sea of Love ",30213,15914,"Ellen Barkin",1,"detective|love|single|suspect|title from song","http://www.imdb.com/title/tt0098273/?ref_=fn_tt_tt_1",112,"English","USA","R",1.9e+07,1989,599,6.8,1.85,0
"Color","Robert Heath",40,96,0,177,"Alexander Vlahos",335,NA,"Horror|Mystery","David Oakes","Truth or Die ",6513,1226,"Jennie Jacques",2,"cabin in the woods|drinking acid|introvert|lesbian kiss|truth or dare","http://www.imdb.com/title/tt1838722/?ref_=fn_tt_tt_1",41,"English","UK","Not Rated",1e+06,2012,334,5.6,2.35,968
"Color","Rob Reiner",99,89,0,107,"Frances Lee McCain",217,52287414,"Adventure|Drama","Marshall Bell","Stand by Me ",271794,644,"Casey Siemaszko",2,"friendship|summertime|treehouse|walking on train tracks|woods","http://www.imdb.com/title/tt0092005/?ref_=fn_tt_tt_1",584,"English","USA","R",8e+06,1986,107,8.1,1.85,24000
"Color","Atom Egoyan",53,103,460,900,"Mia Kirshner",991,5132222,"Drama|Mystery|Romance","Bruce Greenwood","Exotica ",14112,2990,"Sarah Polley",1,"bird|cult film|egg|nightclub|toronto","http://www.imdb.com/title/tt0109759/?ref_=fn_tt_tt_1",83,"English","Canada","R",2e+06,1994,971,7.2,1.85,619
"Color","Adam Marcus",112,91,18,307,"Leslie Jordan",935,15935068,"Fantasy|Horror|Thriller","Kane Hodder","Jason Goes to Hell: The Final Friday ",19331,2899,"Erin Gray",0,"brutality|evil|jason voorhees|paranormal phenomena|terror","http://www.imdb.com/title/tt0107254/?ref_=fn_tt_tt_1",317,"English","USA","R",2500000,1993,805,4.3,1.85,949
"Color","Robert C. Cooper",18,97,49,687,"Christopher Judge",878,NA,"Action|Adventure|Drama|Fantasy|Sci-Fi","Ben Browder","Stargate: The Ark of Truth ",15862,4334,"Julian Sands",5,"2000s|evil god|space opera|stargate|wormhole","http://www.imdb.com/title/tt0942903/?ref_=fn_tt_tt_1",42,"English","USA","",NA,2008,847,7.4,1.78,389
"Color","Edward Norton",148,128,0,754,"Milos Forman",955,37036404,"Comedy|Drama|Romance","Lisa Edelstein","Keeping the Faith ",44816,5404,"Anne Bancroft",3,"celibacy|jewish|priest|rabbi|synagogue","http://www.imdb.com/title/tt0171433/?ref_=fn_tt_tt_1",259,"English","USA","PG-13",3e+07,2000,869,6.4,1.85,0
"Color","Richard LaGravenese",24,100,98,604,"Eddie Cibrian",1000,12902790,"Comedy|Drama|Romance","Holly Hunter","Living Out Loud ",4052,3250,"Jenette Goldstein",1,"brooklyn bridge|divorce|female protagonist|female star appears nude|lingerie slip","http://www.imdb.com/title/tt0120722/?ref_=fn_tt_tt_1",88,"English","USA","R",1.2e+07,1998,849,6.6,2.35,242
" Black and White","Jack Conway",12,119,6,380,"Spencer Tracy",1000,NA,"Adventure|Drama|Romance|Western","Hedy Lamarr","Boom Town ",2269,2555,"Claudette Colbert",8,"oil|oil field|oil tycoon|partnership|wildcatter","http://www.imdb.com/title/tt0032273/?ref_=fn_tt_tt_1",34,"English","USA","Passed",1614000,1940,760,7.1,1.37,236
"Color","David Yates",375,153,282,10000,"Daniel Radcliffe",25000,301956980,"Adventure|Family|Fantasy|Mystery","Alan Rickman","Harry Potter and the Half-Blood Prince ",321795,58753,"Rupert Grint",3,"blood|book|love|potion|professor","http://www.imdb.com/title/tt0417741/?ref_=fn_tt_tt_1",973,"English","UK","PG",2.5e+08,2009,11000,7.5,2.35,10000
"Color","John Maybury",161,94,11,566,"Jason Lewis",1000,6301131,"Drama|Mystery|Sci-Fi|Thriller","Jennifer Jason Leigh","The Jacket ",92850,5085,"Angel Coulby",0,"gulf war veteran|morgue|shot in the head|vermont|veteran","http://www.imdb.com/title/tt0366627/?ref_=fn_tt_tt_1",263,"English","USA","R",2.9e+07,2005,948,7.1,2.35,0
"Color","Jonathan Hensleigh",192,140,36,336,"Marco St. John",669,33682273,"Action|Crime|Drama|Thriller","Laura Harring","The Punisher ",124242,2114,"Eddie Jemison",1,"death|family reunion|fbi|fbi agent|vigilante","http://www.imdb.com/title/tt0330793/?ref_=fn_tt_tt_1",622,"English","USA","R",3.3e+07,2004,403,6.5,2.35,4000
"Color","Alan Parker",76,135,317,34,"Jimmy Nail",57,49994804,"Biography|Drama|History|Musical","Andrea Corr","Evita ",29205,164,"Peter Polycarpou",1,"actress|argentina|military|politics|singer","http://www.imdb.com/title/tt0116250/?ref_=fn_tt_tt_1",194,"English","USA","PG",5.5e+07,1996,40,6.3,2.35,0
"Color","Chuck Russell",23,92,55,757,"Rebecca De Mornay",1000,NA,"Action|Crime|Drama|Thriller","Sam Trammell","I Am Wrath ",4510,3212,"Amanda Schull",1,"conspiracy|female scientist|mugging|police detective|tattoo","http://www.imdb.com/title/tt3212232/?ref_=fn_tt_tt_1",50,"English","USA","R",1.8e+07,2016,872,5.2,NA,0
"Color","Todd Solondz",148,134,377,812,"Jon Lovitz",22000,3000000,"Comedy|Drama","Philip Seymour Hoffman","Happiness ",55329,36859,"Dylan Baker",9,"ensemble cast|episodic structure|satire|social satire|suburb","http://www.imdb.com/title/tt0147612/?ref_=fn_tt_tt_1",499,"English","USA","",3e+06,1998,11000,7.8,1.85,0
"Color","",26,22,NA,676,"Noureen DeWulf",883,NA,"Comedy|Romance","Barry Corbin","Anger Management             ",26992,4115,"Brian Austin Green",1,"anger management|argument|irony|sarcasm|therapist","http://www.imdb.com/title/tt1986770/?ref_=fn_tt_tt_1",54,"English","USA","",NA,NA,701,6.7,16,0
"Color","Russell Mulcahy",216,94,85,443,"Mike Epps",14000,50648679,"Action|Horror|Sci-Fi|Thriller","Milla Jovovich","Resident Evil: Extinction ",149549,16225,"James Tumminia",1,"clone|convoy|crow|desert|satellite","http://www.imdb.com/title/tt0432021/?ref_=fn_tt_tt_1",348,"English","France","R",4.5e+07,2007,706,6.3,2.35,0
"Color","Ayan Mukerji",25,160,0,417,"Madhuri Dixit",964,3827466,"Comedy|Drama|Musical|Romance","Ranbir Kapoor","Yeh Jawaani Hai Deewani ",25122,2350,"Aditya Roy Kapoor",2,"jealousy|jumping into sea|love|swimming pool|wet clothes","http://www.imdb.com/title/tt2178470/?ref_=fn_tt_tt_1",102,"Hindi","India","Not Rated",NA,2013,551,6.9,NA,0
"Color","Bill Benenson",1,71,0,21,"Dave Fennoy",1000,NA,"Documentary","Alfre Woodard","The Hadza: Last of the First ",5,1359,"Jane Goodall",1,"east africa|hunter gatherer|indigenous|rift valley|swahili","http://www.imdb.com/title/tt2139721/?ref_=fn_tt_tt_1",1,"English","USA","",650000,2014,338,7.4,NA,5
"Color","Walt Becker",96,94,12,583,"Curtis Armstrong",16000,21005329,"Comedy|Romance","Ryan Reynolds","Van Wilder: Party Liaison ",89128,19341,"Erik Estrada",0,"college|love|party|reporter|tuition","http://www.imdb.com/title/tt0283111/?ref_=fn_tt_tt_1",258,"English","Germany","R",6e+06,2002,876,6.4,1.85,0
"Color","Andrew Fleming",93,99,26,650,"Laura Harring",720,25584685,"Comedy|Crime|Family|Mystery|Romance|Thriller","Kay Panabaker","Nancy Drew ",15877,3327,"Tate Donovan",5,"chase|clue|detective|movie star|murder","http://www.imdb.com/title/tt0479500/?ref_=fn_tt_tt_1",102,"English","USA","PG",2e+07,2007,669,5.9,2.35,590
"Color","",8,60,NA,551,"Daniella Alonso",1000,NA,"Crime|Drama","Dorian Missick","Animal Kingdom             ",3673,3026,"Ellen Barkin",0,"based on film|brother brother relationship|crime family|remake|southern california","http://www.imdb.com/title/tt5574490/?ref_=fn_tt_tt_1",23,"English","USA","",NA,NA,557,8.1,16,0
"Color","",103,44,NA,148,"Scott Thompson",544,NA,"Crime|Drama|Horror|Mystery|Thriller","Caroline Dhavernas","Hannibal             ",159910,996,"Hettienne Park",1,"blood|cannibalism|fbi|manipulation|psychiatrist","http://www.imdb.com/title/tt2243973/?ref_=fn_tt_tt_1",270,"English","USA","TV-14",NA,NA,183,8.6,1.78,59000
"Color","Steven Spielberg",194,141,14000,3000,"Tom Hanks",29000,164435221,"Biography|Crime|Drama","Leonardo DiCaprio","Catch Me If You Can ",525801,48153,"Jennifer Garner",0,"attorney|cat and mouse|fbi|pan am|pilot","http://www.imdb.com/title/tt0264464/?ref_=fn_tt_tt_1",667,"English","USA","PG-13",5.2e+07,2002,15000,8,1.85,15000
"Color","Quentin Tarantino",140,154,16000,889,"Sid Haig",22000,39647595,"Crime|Thriller","Robert De Niro","Jackie Brown ",239540,25522,"Robert Forster",5,"arms dealer|atf|bail|money|multiple perspectives","http://www.imdb.com/title/tt0119396/?ref_=fn_tt_tt_1",462,"English","USA","R",1.2e+07,1997,1000,7.5,1.85,0
"Color","Jeff Nichols",368,130,337,820,"Tye Sheridan",11000,21589307,"Drama","Matthew McConaughey","Mud ",135286,13960,"Sam Shepard",1,"14 year old|boat|bounty hunter|boy|river","http://www.imdb.com/title/tt1935179/?ref_=fn_tt_tt_1",261,"English","USA","PG-13",1e+07,2012,1000,7.4,2.35,27000
"Color","John Schlesinger",31,101,154,497,"Beverly D'Angelo",1000,53146000,"Crime|Drama|Thriller","Joe Mantegna","Eye for an Eye ",9845,3174,"Philip Baker Hall",1,"justice|rape|self defense|support group|vigilante","http://www.imdb.com/title/tt0116260/?ref_=fn_tt_tt_1",77,"English","USA","R",2e+07,1996,816,6.1,1.85,613
"Color","Joel Schumacher",224,98,541,897,"Virginia Madsen",8000,35063732,"Mystery|Thriller","Logan Lerman","The Number 23 ",164608,10938,"Ed Lauter",1,"destiny|detective|imagination|murder|sex scene","http://www.imdb.com/title/tt0481369/?ref_=fn_tt_tt_1",383,"English","USA","R",3.2e+07,2007,912,6.4,2.35,10000
"Color","Franck Khalfoun",279,89,33,118,"Nora Arnezeder",470,12843,"Horror|Thriller","America Olivo","Maniac ",27297,1233,"Liane Balaban",0,"exhibition|mannequin|obsession|oral sex|photographer","http://www.imdb.com/title/tt2103217/?ref_=fn_tt_tt_1",131,"English","France","Not Rated",6e+06,2012,378,6.1,2.35,0
"Color","Brian A Miller",46,93,32,1000,"50 Cent",13000,NA,"Action|Thriller","Bruce Willis","The Prince ",13133,16735,"Jessica Lowndes",4,"assassin|fight|mechanic|rescue|rival","http://www.imdb.com/title/tt1085492/?ref_=fn_tt_tt_1",101,"English","USA","R",1.8e+07,2014,1000,4.6,2.35,0
"Color","Gregory Hoblit",195,101,40,398,"Jesse Tyler Ferguson",2000,28687835,"Crime|Drama|Thriller","Billy Burke","Untraceable ",40964,3612,"Joseph Cross",1,"cat|fbi agent|murder|serial killer|website","http://www.imdb.com/title/tt0880578/?ref_=fn_tt_tt_1",245,"English","USA","R",3.5e+07,2008,648,6.2,2.35,0
"Color","Mike Cahill",140,106,135,11,"Cara Seymour",7000,334658,"Drama|Romance|Sci-Fi","Steven Yeun","I Origins ",75633,7098,"Venida Evans",0,"buddhism|evolution|eye|reincarnation|stuck in elevator","http://www.imdb.com/title/tt2884206/?ref_=fn_tt_tt_1",160,"English","USA","R",NA,2014,71,7.3,2.39,32000
"Color","Ben Wheatley",53,93,214,59,"Tony Way",177,9609,"Comedy|Crime|Drama","Michael Smiley","Down Terrace ",2646,365,"David Schaal",4,"black comedy","http://www.imdb.com/title/tt1489167/?ref_=fn_tt_tt_1",22,"English","UK","R",NA,2009,95,6.5,NA,535
"Color","C. Jay Cox",35,107,6,522,"Rob McElhenney",23000,819939,"Comedy|Drama|Romance","Joseph Gordon-Levitt","Latter Days ",14580,26017,"Jacqueline Bisset",2,"christian|male frontal nudity|mormon|mormon missionary|nudity","http://www.imdb.com/title/tt0345551/?ref_=fn_tt_tt_1",252,"English","USA","R",850000,2003,813,7.2,1.85,0
"Color","Michael O. Sajbel",36,123,6,85,"Tiffany Dupont",541,13391174,"Biography|Drama|History","James Callis","One Night with the King ",5796,908,"Nimrat Kaur",0,"biblical|book of esther|esther|persia|treachery","http://www.imdb.com/title/tt0430431/?ref_=fn_tt_tt_1",177,"English","USA","PG",2e+07,2006,249,6.3,2.35,0
"Color","Hugh Hudson",90,125,46,249,"Ben Cross",368,58800000,"Biography|Drama|Sport","Alice Krige","Chariots of Fire ",40511,1651,"John Gielgud",0,"athlete|jew|missionary|olympic games|race","http://www.imdb.com/title/tt0082158/?ref_=fn_tt_tt_1",213,"English","UK","PG",5500000,1981,303,7.2,1.85,0
"Color","Christian Carion",115,116,13,140,"Dany Boon",203,1050445,"Drama|History|Music|Romance|War","Gary Lewis","Joyeux Noel ",21394,773,"Ian Richardson",0,"christmas|no man's land|soldier|trench|world war one","http://www.imdb.com/title/tt0424205/?ref_=fn_tt_tt_1",147,"French","France","PG-13",2.2e+07,2005,172,7.8,2.35,11000
"Color","Jon Lucas",81,100,24,851,"Jay Hernandez",15000,55461307,"Comedy","Mila Kunis","Bad Moms ",4654,18786,"Jada Pinkett Smith",9,"lesbian kiss|mom|pta|reference to mad max|scene during end credits","http://www.imdb.com/title/tt4651520/?ref_=fn_tt_tt_1",46,"English","USA","R",2e+07,2016,1000,6.7,NA,18000
"Color","Martin Scorsese",71,117,17000,476,"Levon Helm",725,321952,"Documentary|Music","Ringo Starr","The Last Waltz ",12611,2783,"Bob Dylan",0,"band|final concert|guitar|interview|thanksgiving","http://www.imdb.com/title/tt0077838/?ref_=fn_tt_tt_1",113,"English","USA","PG",NA,1978,572,8.2,1.85,0
"Color","Stephen Chow",377,99,0,59,"Chi Ling Chiu",264,17104669,"Action|Comedy|Crime|Fantasy","Shengyi Huang","Kung Fu Hustle ",99353,537,"Qiu Yuen",1,"1940s|axe|china|gang|sign language","http://www.imdb.com/title/tt0373074/?ref_=fn_tt_tt_1",354,"Cantonese","Hong Kong","R",2e+07,2004,62,7.8,2.35,0
"Color","Henry Hobson",256,95,9,428,"J.D. Evermore",584,131175,"Drama|Horror","Joely Richardson","Maggie ",30219,1885,"David A Cole",2,"father daughter relationship|playing against type|post apocalypse|protective father|zombie apocalypse","http://www.imdb.com/title/tt1881002/?ref_=fn_tt_tt_1",200,"English","USA","PG-13",8500000,2015,430,5.6,2.35,22000
"Color","Christopher Nolan",645,152,22000,11000,"Heath Ledger",23000,533316061,"Action|Crime|Drama|Thriller","Christian Bale","The Dark Knight ",1676169,57802,"Morgan Freeman",0,"based on comic book|dc comics|psychopath|star died before release|urban setting","http://www.imdb.com/title/tt0468569/?ref_=fn_tt_tt_1",4667,"English","USA","PG-13",1.85e+08,2008,13000,9,2.35,37000
"Color","",11,22,NA,6,"Ron Lynch",59,NA,"Animation|Comedy|Drama","Brendon Small","Home Movies             ",7458,81,"Melissa Bardin Galsky",0,"coach|friend|school|series|tv series","http://www.imdb.com/title/tt0197159/?ref_=fn_tt_tt_1",82,"English","USA","TV-PG",NA,NA,11,8.2,1.33,526
"Color","Tom Shadyac",61,78,293,567,"Udo Kier",759,72217000,"Comedy","Sean Young","Ace Ventura: Pet Detective ",216486,2462,"David Margulies",1,"detective|dolphin|mascot|nudity|stupidity","http://www.imdb.com/title/tt0109040/?ref_=fn_tt_tt_1",242,"English","USA","PG-13",1.2e+07,1994,595,6.9,1.85,0
"Color","Robert B. Weide",135,110,53,87,"Katherine Parkinson",480,2775593,"Comedy|Drama|Romance","James Corden","How to Lose Friends & Alienate People ",61269,858,"Fenella Woolgar",4,"celebrity|party|pig|starlet|writer","http://www.imdb.com/title/tt0455538/?ref_=fn_tt_tt_1",98,"English","UK","R",2.7e+07,2008,261,6.5,1.85,0
"Color","Rob Cohen",102,106,357,883,"Leslie Bibb",23000,35007180,"Action|Crime|Drama|Thriller","Paul Walker","The Skulls ",26846,26652,"William Petersen",0,"college|friend|ivy league|secret society|suicide","http://www.imdb.com/title/tt0192614/?ref_=fn_tt_tt_1",193,"English","USA","PG-13",1.5e+07,2000,1000,5.6,1.85,0
"Color","Richard Benjamin",28,80,121,587,"Jane Krakowski",836,1646664,"Comedy|Music","Damon Wayans","Marci X ",4518,2467,"Paula Garcés",2,"female protagonist|hip hop|jewish american princess|rapper|record label","http://www.imdb.com/title/tt0266747/?ref_=fn_tt_tt_1",66,"English","USA","R",2e+07,2003,624,2.8,1.85,241
"Color","Pete Travis",432,95,38,20,"Jason Cope",409,13401683,"Action|Sci-Fi","Wood Harris","Dredd ",203458,578,"Rakie Ayola",0,"brutality|dark humor|female antagonist|female warrior|post apocalypse","http://www.imdb.com/title/tt1343727/?ref_=fn_tt_tt_1",588,"English","UK","R",3.5e+07,2012,107,7.1,2.35,46000
"Color","Lee Tamahori",77,101,93,218,"Nona Gaye",287,26082914,"Action|Adventure|Crime|Thriller","Sunny Mabrey","xXx: State of the Union ",51349,993,"Xzibit",2,"coup d'etat|mutiny|president|u.s. navy|washington d.c.","http://www.imdb.com/title/tt0329774/?ref_=fn_tt_tt_1",213,"English","USA","PG-13",8.7e+07,2005,233,4.3,2.35,0
"Color","Jerry Zucker",103,112,109,261,"Douglas Haase",779,56607223,"Adventure|Comedy","Corinna Harney","Rat Race ",93367,1823,"Vince Vieluf",8,"casino|locker|money|museum|race","http://www.imdb.com/title/tt0250687/?ref_=fn_tt_tt_1",497,"English","Canada","PG-13",4.8e+07,2001,629,6.4,2.35,0
"Color","Richard Ayoade",249,97,0,594,"Paddy Considine",920,466702,"Comedy|Drama|Romance","Craig Roberts","Submarine ",65877,3275,"Sally Hawkins",1,"15 year old|school|teen comedy|teen movie|virginity","http://www.imdb.com/title/tt1440292/?ref_=fn_tt_tt_1",100,"English","UK","R",NA,2010,680,7.3,1.85,17000
" Black and White","Jean-Paul Rappeneau",69,114,22,413,"Peter Coyote",572,2353728,"Comedy|Drama|Mystery|Romance|Thriller|War","Isabelle Adjani","Bon voyage ",4293,1776,"Virginie Ledoyen",5,"actress|bordeaux|german|heavy water|nazi","http://www.imdb.com/title/tt0310778/?ref_=fn_tt_tt_1",53,"French","France","PG-13",2e+07,2003,548,6.9,2.35,235
"Color","Frank Perry",74,129,24,157,"Xander Berkeley",977,NA,"Biography|Drama","Faye Dunaway","Mommie Dearest ",10564,2014,"Diana Scarwid",1,"abusive mother|adopted daughter|borderline personality disorder|perfection|sadistic cruelty","http://www.imdb.com/title/tt0082766/?ref_=fn_tt_tt_1",161,"English","USA","R",5e+06,1981,485,6.7,1.85,0
"Color","Nicholas Ray",15,154,117,86,"David Niven",715,NA,"Action|Adventure|Drama|History|War","Ava Gardner","55 Days at Peking ",4550,1567,"John Ireland",3,"ambassador|boxer rebellion|china|colonialism|peking china","http://www.imdb.com/title/tt0056800/?ref_=fn_tt_tt_1",50,"English","USA","Unrated",9e+06,1963,490,6.8,2.2,419
"Color","Mark Herman",185,94,39,18,"Sheila Hancock",77,9030581,"Drama|War","Richard Johnson","The Boy in the Striped Pajamas ",132386,156,"Cara Horgan",0,"boy|fence|jew|nazis|poison gas","http://www.imdb.com/title/tt0914798/?ref_=fn_tt_tt_1",398,"English","UK","PG-13",12500000,2008,32,7.8,1.85,38000
" Black and White","Ken Annakin",53,178,19,196,"Richard Beymer",726,NA,"Action|Drama|History|War","Richard Burton","The Longest Day ",43270,1554,"Eddie Albert",3,"allies|d day|invasion|normandy|world war two","http://www.imdb.com/title/tt0056197/?ref_=fn_tt_tt_1",192,"English","USA","G",1e+07,1962,249,7.8,2.35,0
" Black and White","Allan Dwan",40,109,23,88,"Richard Jaeckel",183,NA,"Action|Drama|Romance|War","James Brown","Sands of Iwo Jima ",7346,510,"Forrest Tucker",0,"battle|combat|heroic military|sergeant|tarawa","http://www.imdb.com/title/tt0041841/?ref_=fn_tt_tt_1",69,"English","USA","Approved",1e+06,1949,102,7.2,1.37,624
"Color","Carol Reed",56,153,82,139,"Ron Moody",695,16800000,"Drama|Family|Musical","Oliver Reed","Oliver! ",25303,1593,"Jack Wild",1,"abuse|child|orphan|orphanage|pickpocket","http://www.imdb.com/title/tt0063385/?ref_=fn_tt_tt_1",138,"English","UK","G",1e+07,1968,275,7.5,2.35,0
"Color","Robert Redford",227,92,0,10000,"Tom Cruise",11000,14998070,"Drama|Thriller|War","Meryl Streep","Lions for Lambs ",41170,32875,"Andrew Garfield",3,"afghanistan|professor|reporter|student|university","http://www.imdb.com/title/tt0891527/?ref_=fn_tt_tt_1",298,"English","USA","R",3.5e+07,2007,10000,6.2,2.35,0
"Color","John G. Avildsen",81,126,80,225,"William Zabka",668,90800000,"Action|Drama|Family|Sport","Martin Kove","The Karate Kid ",126916,2004,"William Bassett",0,"apartment|bully|fight|karate|master","http://www.imdb.com/title/tt0087538/?ref_=fn_tt_tt_1",235,"English","USA","PG",8e+06,1984,641,7.2,1.85,0
"Color","Nancy Meyers",157,138,278,213,"Rufus Sewell",14000,63224849,"Comedy|Romance","Kate Winslet","The Holiday ",182757,17423,"Sarah Parish",3,"book|composer|house|love|self esteem","http://www.imdb.com/title/tt0457939/?ref_=fn_tt_tt_1",483,"English","USA","PG-13",8.5e+07,2006,3000,6.9,1.85,19000
"Color","Bob Saget",19,80,799,854,"John Stamos",3000,NA,"Animation|Comedy","Alyson Hannigan","Farce of the Penguins ",4322,10727,"Jim Belushi",0,"flatulence|march|penguin|south pole|spoof","http://www.imdb.com/title/tt0488539/?ref_=fn_tt_tt_1",47,"English","USA","R",NA,2006,2000,4.2,1.85,419
"Color","Raja Gosnell",100,99,67,330,"Cedric the Entertainer",826,117559438,"Action|Comedy|Crime","Nia Long","Big Momma's House ",66941,1790,"Tichina Arnold",1,"disguise|fbi|female impersonation|gender disguise|obesity","http://www.imdb.com/title/tt0208003/?ref_=fn_tt_tt_1",148,"English","USA","PG-13",3e+07,2000,436,5.1,1.85,1000
"Color","Juan José Campanella",82,106,195,0,"Diego Ramos",20,NA,"Adventure|Animation|Family|Sport","Pablo Rago","Underdogs ",6920,30,"Gabriel Almirón",4,"funfair|luna park|table football|toy comes to life|wig","http://www.imdb.com/title/tt1634003/?ref_=fn_tt_tt_1",22,"Spanish","Spain","PG",2.2e+07,2013,10,6.7,2.35,0
"Color","Eric Mendelsohn",20,88,5,301,"Edie Falco",795,NA,"Drama","Embeth Davidtz","3 Backyards ",554,1884,"Kathryn Erbe",0,"number in title","http://www.imdb.com/title/tt1314190/?ref_=fn_tt_tt_1",23,"English","USA","R",3e+05,2010,659,5.2,NA,92
"Color","Richard Donner",68,121,503,94,"Nick Chinlund",808,144731527,"Action|Crime|Thriller","Rene Russo","Lethal Weapon 3 ",128010,1446,"Stuart Wilson",2,"gangster|gun|internal affairs|police|police officer","http://www.imdb.com/title/tt0104714/?ref_=fn_tt_tt_1",136,"English","USA","R",3.5e+07,1992,277,6.7,2.35,0
" Black and White","Todd Haynes",231,135,162,228,"Heath Ledger",23000,4001121,"Biography|Drama|Music","Christian Bale","I'm Not There. ",48346,36398,"Tyrone Benskin",0,"1960s|actor|horseback riding|reporter|riding the rails","http://www.imdb.com/title/tt0368794/?ref_=fn_tt_tt_1",230,"English","USA","R",2e+07,2007,13000,7,2.35,0
"Color","Stephen Kijak",48,95,3,25,"Jacques Brel",30,NA,"Biography|Documentary|Music","Brian Eno","Scott Walker: 30 Century Man ",1006,119,"Damon Albarn",0,"avant garde|british pop|character name in title|musician|number in title","http://www.imdb.com/title/tt0486541/?ref_=fn_tt_tt_1",11,"English","UK","",5e+05,2006,27,7.3,1.85,808
"Color","David Pastor",130,84,10,394,"Kiernan Shipka",3000,90820,"Drama|Horror|Sci-Fi|Thriller","Christopher Meloni","Carriers ",35510,4368,"Lou Taylor Pucci",0,"beach|disease|latex gloves|pandemic|virus","http://www.imdb.com/title/tt0806203/?ref_=fn_tt_tt_1",119,"English","USA","PG-13",NA,2009,552,6,2.35,0
"Color","Ricki Stern",11,106,15,0,"Evelyn Jefferson",2,1111,"Crime|Documentary","Darryl Hunt","The Trials of Darryl Hunt ",771,2,"John Reeves",0,"false accusation|murder|north carolina|trial|wrongful conviction","http://www.imdb.com/title/tt0446055/?ref_=fn_tt_tt_1",10,"English","USA","PG-13",2e+05,2006,0,7.7,1.66,246
"Color","Kevin Costner",153,139,0,648,"Michael Jeter",3000,58328680,"Drama|Romance|Western","Robert Duvall","Open Range ",54096,5458,"Julian Richings",0,"boss|cattle|cowboy|rancher|violence","http://www.imdb.com/title/tt0316356/?ref_=fn_tt_tt_1",494,"English","USA","R",2.2e+07,2003,693,7.5,2.35,0
" Black and White","Elia Kazan",134,108,603,279,"Karl Malden",10000,9600000,"Crime|Drama|Romance","Marlon Brando","On the Waterfront ",100890,11094,"Rod Steiger",2,"death|dock|longshoreman|murder|union","http://www.imdb.com/title/tt0047296/?ref_=fn_tt_tt_1",281,"English","USA","Not Rated",910000,1954,416,8.2,1.85,0
"Color","Harald Zwart",212,130,91,1000,"Kevin Zegers",5000,31165421,"Fantasy|Horror|Mystery|Romance","Aidan Turner","The Mortal Instruments: City of Bones ",107028,10247,"CCH Pounder",3,"battle|demon|magic|secret|warrior","http://www.imdb.com/title/tt1538403/?ref_=fn_tt_tt_1",457,"English","USA","PG-13",6e+07,2013,2000,6,2.35,44000
"Color","Catherine Hardwicke",291,100,308,913,"Billy Burke",10000,37652565,"Fantasy|Horror|Mystery|Thriller","Gary Oldman","Red Riding Hood ",91151,15369,"Virginia Madsen",2,"death|forest|love|werewolf|werewolf bite","http://www.imdb.com/title/tt1486185/?ref_=fn_tt_tt_1",283,"English","USA","PG-13",4.2e+07,2011,2000,5.4,2.35,20000
"Color","Goran Dukic",117,88,21,772,"Patrick Fugit",1000,104077,"Comedy|Drama|Fantasy|Romance","Leslie Bibb","Wristcutters: A Love Story ",46076,4720,"Chase Ellison",2,"afterlife|camping|death|hitchhiker|suicide","http://www.imdb.com/title/tt0477139/?ref_=fn_tt_tt_1",88,"English","USA","R",1e+06,2006,835,7.4,1.78,11000
"Color","Jon Avnet",34,124,50,672,"Stockard Channing",1000,51045801,"Drama|Romance","Joe Mantegna","Up Close & Personal ",11370,3653,"Raymond Cruz",2,"journalism|news anchor|newscast|newscaster|tv journalism","http://www.imdb.com/title/tt0118055/?ref_=fn_tt_tt_1",54,"English","USA","PG-13",6e+07,1996,944,6.1,1.85,829
" Black and White","",31,25,NA,474,"Agnes Moorehead",1000,NA,"Comedy|Family|Fantasy","Elizabeth Montgomery","Bewitched             ",11427,2614,"Dick York",1,"connecticut|magic|marriage|witch|witchcraft","http://www.imdb.com/title/tt0057733/?ref_=fn_tt_tt_1",71,"English","USA","TV-G",NA,NA,960,7.6,4,0
"Color","Rob McKittrick",91,94,6,804,"Dane Cook",16000,16101109,"Comedy","Ryan Reynolds","Waiting... ",76467,19957,"Vanessa Lengies",3,"cook|dishwasher|flashing|male frontal nudity|waiter","http://www.imdb.com/title/tt0348333/?ref_=fn_tt_tt_1",236,"English","USA","R",3e+06,2005,1000,6.8,1.85,0
"Color","James Wong",216,86,70,318,"Gina Holden",440,54098051,"Horror","Chelan Simmons","Final Destination 3 ",102861,2420,"Crystal Lowe",0,"amusement park|death|fate|premonition|roller coaster","http://www.imdb.com/title/tt0414982/?ref_=fn_tt_tt_1",571,"English","Germany","R",2.5e+07,2006,346,5.8,2.35,0
"Color","Stephen Frears",155,100,350,30,"Iben Hjejle",201,2708188,"Comedy|Drama|Romance","Tom Burke","Chéri ",8924,365,"Gaye Brown",1,"age difference|courtesan|mansion|marriage|prostitute","http://www.imdb.com/title/tt1179258/?ref_=fn_tt_tt_1",43,"English","UK","R",2.3e+07,2009,123,6.2,2.35,0
"Color","",55,25,NA,395,"Jamie Farr",443,NA,"Comedy|Drama|War","David Ogden Stiers","M*A*S*H             ",36265,2195,"Mike Farrell",5,"colonel|doctor|korean war|major|nurse","http://www.imdb.com/title/tt0068098/?ref_=fn_tt_tt_1",147,"English","USA","TV-PG",NA,NA,421,8.4,4,0
"Color","Marc Abraham",99,119,18,9,"Bill Lake",20,4234040,"Biography|Drama","Dylan Authors","Flash of Genius ",14301,64,"Victoria Learn",0,"flash of genius|genius|intellectual property|professor|university","http://www.imdb.com/title/tt1054588/?ref_=fn_tt_tt_1",45,"English","USA","PG-13",2e+07,2008,18,7,2.35,0
"Color","Chad Hartigan",34,83,3,69,"Paul Eenhoorn",695,NA,"Drama","Jan Haley","This Is Martin Bonner ",733,1438,"Demetrius Grosse",0,"estranged daughter|friendship|nevada|prisoner|unlikely friendship","http://www.imdb.com/title/tt1798291/?ref_=fn_tt_tt_1",7,"English","USA","R",42000,2013,571,6.6,16,234
"Color","Ken Shapiro",14,93,2,213,"Dabney Coleman",484,NA,"Comedy|Fantasy|Sci-Fi","Brian Doyle-Murray","Modern Problems ",3904,1455,"Mary Kay Place",1,"air traffic controller|nuclear waste|orgasm|telekinesis|voodoo","http://www.imdb.com/title/tt0082763/?ref_=fn_tt_tt_1",48,"English","USA","PG",8e+06,1981,345,5,1.85,495
"Color","Kenneth Lonergan",122,111,50,612,"Rory Culkin",2000,9180275,"Drama","Matthew Broderick","You Can Count on Me ",22145,4288,"Gaby Hoffmann",0,"bank|car accident|cheating husband|new york|single mother","http://www.imdb.com/title/tt0203230/?ref_=fn_tt_tt_1",231,"English","USA","R",1200000,2000,710,7.7,1.85,756
" Black and White","Hilary Brougher",8,81,0,5,"Samantha Buck",119,18195,"Sci-Fi","James Urbaniak","The Sticky Fingers of Time ",336,154,"Terumi Matthews",0,"future|nonlinear timeline|time travel|title directed by female|writer","http://www.imdb.com/title/tt0127302/?ref_=fn_tt_tt_1",7,"English","USA","",250000,1997,24,6.3,1.85,67
"Color","Scott Derrickson",276,104,301,71,"Jon Hamm",18000,79363785,"Drama|Sci-Fi|Thriller","Keanu Reeves","The Day the Earth Stood Still ",139426,22194,"Juan Riedinger",0,"alien|earth|giant robot|military|scientist","http://www.imdb.com/title/tt0970416/?ref_=fn_tt_tt_1",698,"English","USA","PG-13",8e+07,2008,4000,5.5,2.35,0
"Color","Catherine Hardwicke",350,122,308,10000,"Taylor Lautner",17000,191449475,"Drama|Fantasy|Romance","Kristen Stewart","Twilight ",348007,44060,"Anna Kendrick",1,"blood|high school|love|school|vampire","http://www.imdb.com/title/tt1099212/?ref_=fn_tt_tt_1",1535,"English","USA","PG-13",3.7e+07,2008,12000,5.2,2.35,19000
"Color","Jay Roach",194,94,116,481,"Josh Zuckerman",645,213079163,"Action|Comedy|Crime","Verne Troyer","Austin Powers in Goldmember ",162909,2725,"Robert Wagner",2,"fem bot|prison|seductive fembot|spy|time travel","http://www.imdb.com/title/tt0295178/?ref_=fn_tt_tt_1",795,"English","USA","PG-13",6.3e+07,2002,522,6.2,2.35,0
"Color","Louis Leterrier",384,125,255,963,"Common",11000,117698894,"Crime|Mystery|Thriller","Morgan Freeman","Now You See Me ",447979,13312,"Michael Kelly",6,"bank|fbi|heist|interpol|magician","http://www.imdb.com/title/tt1670345/?ref_=fn_tt_tt_1",629,"English","USA","PG-13",7.5e+07,2013,988,7.3,2.35,105000
"Color","David Fincher",233,112,21000,237,"Dwight Yoakam",17000,95308367,"Crime|Drama|Thriller","Kristen Stewart","Panic Room ",206104,18141,"Mel Rodriguez",0,"brownstone|burglar|money|panic|panic room","http://www.imdb.com/title/tt0258000/?ref_=fn_tt_tt_1",850,"English","USA","R",4.8e+07,2002,324,6.8,2.35,0
"Color","Jay Alaimo",9,84,2,475,"Sabrina Carmichael",10000,NA,"Horror","William McNamara","The Wicked Within ",742,11257,"Patrick Muldoon",0,"after dark horrorfest","http://www.imdb.com/title/tt1943014/?ref_=fn_tt_tt_1",7,"English","USA","R",1200000,2015,500,4.6,NA,479
"Color","Jack Heller",26,90,0,120,"Katherine Waterston",322,NA,"Mystery|Thriller","Shaun Sipos","Enter Nowhere ",5025,630,"Christopher Denham",3,"cabin|going in circles|pac man|stranger|woods","http://www.imdb.com/title/tt1631707/?ref_=fn_tt_tt_1",45,"English","USA","R",5e+05,2011,178,6.6,NA,701
"Color","Donald Petrie",34,104,80,658,"Lili Taylor",8000,12793213,"Comedy|Drama|Romance","Julia Roberts","Mystic Pizza ",18286,10430,"Conchata Ferrell",4,"commitment|marriage|pizza|title appears in writing|woman wearing only a man's shirt","http://www.imdb.com/title/tt0095690/?ref_=fn_tt_tt_1",73,"English","USA","R",6e+06,1988,960,6.2,1.85,0
"Color","Bill Plympton",19,75,45,0,"Bill Martone",5,203134,"Animation|Comedy|Drama|Fantasy|Sci-Fi","Charis Michelsen","I Married a Strange Person! ",1428,7,"Richard Spore",0,"claim in title|exclamation point in title|punctuation in title|reference to babe ruth|sex","http://www.imdb.com/title/tt0119346/?ref_=fn_tt_tt_1",21,"English","USA","R",250000,1997,2,7,1.85,178
"Color","Shawn Levy",247,101,189,7000,"James Franco",15000,98711404,"Comedy|Crime|Romance|Thriller","Mila Kunis","Date Night ",127571,39822,"Steve Carell",2,"city|new york city|night|reservation|restaurant","http://www.imdb.com/title/tt1279935/?ref_=fn_tt_tt_1",207,"English","USA","PG-13",5.5e+07,2010,11000,6.3,2.35,0
"Color","Charles Herman-Wurmfeld",133,95,0,643,"Bruce McGill",934,89808372,"Comedy","Mary Lynn Rajskub","Legally Blonde 2: Red, White & Blonde ",46417,3500,"Bob Newhart",2,"animal rights|congresswoman|doorman|transvestism|washington d.c.","http://www.imdb.com/title/tt0333780/?ref_=fn_tt_tt_1",297,"English","USA","PG-13",4.5e+07,2003,655,4.6,1.85,660
"Color","Eric Schaeffer",25,98,71,658,"Bill Duke",22000,295468,"Comedy|Romance","Peter Dinklage","Never Again ",709,24382,"Michael McKean",1,"bar|gay bar|love|mother son relationship|new york","http://www.imdb.com/title/tt0244094/?ref_=fn_tt_tt_1",34,"English","USA","R",5e+05,2001,1000,6,1.85,139
"Color","Gus Van Sant",63,104,835,535,"Udo Kier",18000,6401336,"Drama","Keanu Reeves","My Own Private Idaho ",36996,19923,"Flea",2,"friend|hustler|italy|narcolepsy|traveling","http://www.imdb.com/title/tt0102494/?ref_=fn_tt_tt_1",153,"English","USA","R",2500000,1991,595,7.1,1.78,0
"Color","Leonard Nimoy",21,102,12000,801,"Ted Danson",19000,167780960,"Comedy|Drama|Family","Tom Selleck","3 Men and a Baby ",36918,21499,"Steve Guttenberg",4,"1980s|baby|heroin|package|questioned by police","http://www.imdb.com/title/tt0094137/?ref_=fn_tt_tt_1",42,"English","USA","PG",1.1e+07,1987,875,5.9,1.85,3000
"Color","Carroll Ballard",38,100,19,393,"Hope Davis",706,860002,"Adventure|Drama|Family","Eamonn Walker","Duma ",6454,1579,"Campbell Scott",0,"africa|bed|boy|cheetah|south africa","http://www.imdb.com/title/tt0361715/?ref_=fn_tt_tt_1",43,"English","USA","PG",1.2e+07,2005,442,7.3,1.85,0
"Color","Derick Martini",32,89,20000,618,"Bella Heathcote",2000,NA,"Drama|Horror|Mystery|Thriller","Kevin Zegers","The Curse of Downers Grove ",1040,4968,"Tom Arnold",1,"","http://www.imdb.com/title/tt1772261/?ref_=fn_tt_tt_1",22,"English","USA","",2e+06,2015,860,4.5,NA,0
"Color","Mikael Håfström",286,115,101,585,"50 Cent",13000,25121291,"Action|Crime|Mystery|Sci-Fi|Thriller","Sylvester Stallone","Escape Plan ",177653,15708,"Matt Gerald",1,"cia agent|escape|muslim|prison|ship","http://www.imdb.com/title/tt1211956/?ref_=fn_tt_tt_1",279,"English","USA","R",5e+07,2013,1000,6.7,2.35,34000
"Color","Paul Weitz",153,107,80,841,"Dennis Quaid",2000,7156725,"Comedy|Music","Judy Greer","American Dreamz ",22639,5992,"Chris Klein",6,"chief of staff|contest|president|singing|terrorist","http://www.imdb.com/title/tt0465142/?ref_=fn_tt_tt_1",217,"English","USA","PG-13",1.9e+07,2006,2000,5.5,1.85,300
"Color","Stéphane Aubier",99,80,2,186,"Megan Mullally",6000,71442,"Animation|Comedy|Crime|Drama|Family","Mackenzie Foy","Ernest & Celestine ",12029,6829,"Lambert Wilson",0,"bear|dentist|friendship|mouse|prejudice","http://www.imdb.com/title/tt1816518/?ref_=fn_tt_tt_1",32,"French","France","PG",9600000,2012,637,7.9,1.85,0
"Color","Mike Nichols",45,122,0,191,"Bob Balaban",643,NA,"Comedy|Drama|War","Bob Newhart","Catch-22 ",17277,2032,"Martin Balsam",0,"catch 22|friend|insanity|kneed in the groin|military","http://www.imdb.com/title/tt0065528/?ref_=fn_tt_tt_1",124,"English","USA","R",1.8e+07,1970,559,7.2,2.35,0
"Color","James Mangold",131,120,446,1000,"Sylvester Stallone",22000,44886089,"Crime|Drama|Thriller","Robert De Niro","Cop Land ",69576,40117,"Janeane Garofalo",3,"corruption|faked death|falling off a roof|internal affairs|nypd","http://www.imdb.com/title/tt0118887/?ref_=fn_tt_tt_1",207,"English","USA","R",1e+07,1997,13000,6.9,1.85,2000
" Black and White","Henry Bean",84,98,21,76,"Theresa Russell",33000,406035,"Drama","Ryan Gosling","The Believer ",30314,33441,"Summer Phoenix",0,"jew|jewish nazi|nazism|racism|skinhead","http://www.imdb.com/title/tt0247199/?ref_=fn_tt_tt_1",159,"English","USA","R",1500000,2001,243,7.2,1.66,0
"Color","Anne Fontaine",141,112,105,748,"Naomi Watts",18000,317125,"Drama|Romance","Robin Wright","Adore ",23334,25269,"Ben Mendelsohn",0,"beach|friend|friendship|happiness|neighbor","http://www.imdb.com/title/tt2103267/?ref_=fn_tt_tt_1",87,"English","Australia","R",1.6e+07,2013,6000,6.2,2.35,0
"Color","David McNally",155,107,18,560,"Tyra Banks",811,60786269,"Comedy|Drama|Music|Romance","Adam Garcia","Coyote Ugly ",90539,3106,"Izabella Miko",5,"girl in panties|lift skirt|sexual attraction|short shorts|songwriter","http://www.imdb.com/title/tt0200550/?ref_=fn_tt_tt_1",379,"English","USA","PG-13",4.5e+07,2000,625,5.6,2.35,0
" Black and White","Steven Soderbergh",183,105,0,308,"Beau Bridges",845,1304837,"Drama|Mystery|Thriller","Tony Curran","The Good German ",21481,2355,"Leland Orser",2,"american|driver|journalist|russian|secret","http://www.imdb.com/title/tt0452624/?ref_=fn_tt_tt_1",175,"English","USA","R",3.2e+07,2006,552,6.1,1.66,559
"Color","David Cronenberg",157,98,0,258,"John Neville",530,1641788,"Drama|Mystery|Thriller","Miranda Richardson","Spider ",30096,1381,"Lynn Redgrave",0,"halfway house|key|reality|schizophrenia|spider","http://www.imdb.com/title/tt0278731/?ref_=fn_tt_tt_1",213,"English","Canada","R",8e+06,2002,387,6.8,1.78,0
"Color","Mark Waters",159,97,70,625,"Amy Poehler",2000,86049418,"Comedy","Tina Fey","Mean Girls ",245989,5032,"Neil Flynn",4,"bully|clique|high school|high school girl|secret","http://www.imdb.com/title/tt0377092/?ref_=fn_tt_tt_1",554,"English","USA","PG-13",1.7e+07,2004,1000,7,1.85,0
"Color","J.J. Abrams",518,127,14000,981,"Leonard Nimoy",26000,257704099,"Action|Adventure|Sci-Fi","Chris Hemsworth","Star Trek ",504419,39284,"Bruce Greenwood",0,"box office hit|future|lifted by the throat|star trek|vulcan","http://www.imdb.com/title/tt0796366/?ref_=fn_tt_tt_1",1559,"English","USA","PG-13",1.5e+08,2009,12000,8,2.35,19000
"Color","Dan O'Bannon",203,108,228,358,"Clu Gulager",431,NA,"Comedy|Horror|Sci-Fi","Linnea Quigley","The Return of the Living Dead ",39856,2020,"Beverly Randolph",0,"crematorium|female frontal nudity|naked dead woman|paramedic|poison gas","http://www.imdb.com/title/tt0089907/?ref_=fn_tt_tt_1",300,"English","USA","R",4e+06,1985,426,7.3,1.85,0
"Color","Tom Tykwer",226,147,670,16,"David Calder",177,2208939,"Crime|Drama|Fantasy","Michael Smiley","Perfume: The Story of a Murderer ",190490,253,"Simon Chandler",0,"18th century|perfume|scent|sense of smell|smell","http://www.imdb.com/title/tt0396171/?ref_=fn_tt_tt_1",482,"English","Germany","R",5e+07,2006,27,7.5,2.35,26000
"Color","Taedong Park",8,85,0,196,"Tom Arnold",1000,NA,"Adventure|Animation","Drake Bell","Jungle Shuffle ",162,2259,"Amanda Troop",0,"","http://www.imdb.com/title/tt2722786/?ref_=fn_tt_tt_1",2,"English","South Korea","",1e+07,2014,618,4.8,NA,186
"Color","Roman Polanski",172,133,2000,541,"Frank Langella",40000,18653746,"Mystery|Thriller","Johnny Depp","The Ninth Gate ",137722,42344,"Lena Olin",1,"bare butt|gnosticism|lucifer|rare book|sex","http://www.imdb.com/title/tt0142688/?ref_=fn_tt_tt_1",638,"English","Spain","R",3.8e+07,1999,903,6.7,2.35,0
"Color","Richard Linklater",231,99,0,84,"Brandon Smith",11000,9203192,"Comedy|Crime|Drama","Matthew McConaughey","Bernie ",45396,11328,"Rick Dial",1,"funeral|stockbroker|texas|vacation|widow","http://www.imdb.com/title/tt1704573/?ref_=fn_tt_tt_1",136,"English","USA","PG-13",5e+06,2011,106,6.8,1.85,15000
"Color","Steve James",53,170,23,2,"Arthur Agee",7,7830611,"Documentary|Drama|Sport","William Gates","Hoop Dreams ",18980,15,"Isiah Thomas",0,"athlete|basketball|high school|high school student|school","http://www.imdb.com/title/tt0110057/?ref_=fn_tt_tt_1",74,"English","USA","PG-13",7e+05,1994,6,8.3,1.33,0
"Color","Joel Coen",197,107,0,577,"Tim Blake Nelson",1000,45506619,"Adventure|Comedy|Crime|Music","Holly Hunter","O Brother, Where Art Thou? ",225102,3066,"Daniel von Bargen",3,"baby|bank|blind prophet|convict|sirens","http://www.imdb.com/title/tt0190590/?ref_=fn_tt_tt_1",862,"English","UK","PG-13",2.6e+07,2000,596,7.8,2.35,16000
"Color","Jon Turteltaub",235,109,226,370,"Omar Benson Miller",12000,63143812,"Action|Adventure|Family|Fantasy","Nicolas Cage","The Sorcerer's Apprentice ",124185,13388,"Robert Capron",0,"chosen one|enchanted object|love|spell|training","http://www.imdb.com/title/tt0963966/?ref_=fn_tt_tt_1",238,"English","USA","PG",1.5e+08,2010,418,6.1,2.35,11000
"Color","Craig Gillespie",178,117,44,531,"Abraham Benrubi",788,27550735,"Action|Drama|History|Thriller","Michael Raymond-James","The Finest Hours ",27481,3524,"Graham McTavish",0,"1950s|coast guard|oil tanker|sinking ship|survival","http://www.imdb.com/title/tt2025690/?ref_=fn_tt_tt_1",113,"English","USA","PG-13",NA,2016,562,6.8,2.35,12000
"Color","Trent Cooper",37,89,0,323,"Larry the Cable Guy",690,15655665,"Comedy|Romance","Thomas F. Wilson","Larry the Cable Guy: Health Inspector ",9104,2135,"Megyn Price",2,"diner|food poisoning|health inspector|restaurant|undercover","http://www.imdb.com/title/tt0462395/?ref_=fn_tt_tt_1",112,"English","USA","PG-13",4e+06,2006,400,3.1,1.33,110
" Black and White","Steven Zaillian",127,128,234,581,"Anthony Hopkins",14000,7221458,"Drama|Thriller","Kate Winslet","All the King's Men ",20740,27614,"Kevin Dunn",0,"governor|journalist|louisiana|mistress|politician","http://www.imdb.com/title/tt0405676/?ref_=fn_tt_tt_1",178,"English","Germany","PG-13",5.5e+07,2006,12000,6.2,1.85,0
"Color","Terry Gilliam",156,118,0,551,"Michael Jeter",40000,10562387,"Adventure|Comedy|Drama","Johnny Depp","Fear and Loathing in Las Vegas ",213226,43105,"Ellen Barkin",0,"american dream|convertible|drugs|journalist|lawyer","http://www.imdb.com/title/tt0120669/?ref_=fn_tt_tt_1",648,"English","USA","R",18500000,1998,693,7.7,2.35,15000
"Color","Frank Nissen",45,68,0,253,"Brenda Blethyn",304,18081626,"Animation|Family|Fantasy|Mystery","Kath Soucie","Pooh's Heffalump Movie ",4180,861,"John Fiedler",0,"creature|forest|mother son relationship|rabbit|winnie the pooh","http://www.imdb.com/title/tt0407121/?ref_=fn_tt_tt_1",32,"English","USA","G",2e+07,2005,286,6.4,1.85,264
"Color","Randall Miller",1,34,19,362,"Elden Henson",882,333658,"Comedy|Family|Musical|Romance|Short","William Hurt","Marilyn Hotchkiss' Ballroom Dancing and Charm School ",97,1967,"Michael Bower",0,"student film|wonder years","http://www.imdb.com/title/tt0283465/?ref_=fn_tt_tt_1",2,"English","USA","",34000,1990,577,7.1,NA,16
"Color","Michael Gornick",95,85,10,178,"Holt McCallany",3000,14000000,"Comedy|Fantasy|Horror|Thriller","George Kennedy","Creepshow 2 ",15956,3617,"Dorothy Lamour",0,"anthology|hit and run|hit by a car|living statue|melting woman","http://www.imdb.com/title/tt0092796/?ref_=fn_tt_tt_1",118,"English","USA","R",3500000,1987,273,6,1.85,1000
"Color","Stevan Mena",60,90,25,10,"Stevan Mena",169,NA,"Crime|Horror|Mystery|Thriller","R. Brandon Johnson","Malevolence ",2413,206,"Richard Glover",0,"abandoned house|bank|robber|swing|witness","http://www.imdb.com/title/tt0388230/?ref_=fn_tt_tt_1",112,"English","USA","R",2e+05,2003,25,5.1,1.33,198
"Color","Cary Bell",NA,78,0,0,"Stacie Evans",0,NA,"Documentary","Abigail Evans","Butterfly Girl ",27,0,"Emily Gorell",0,"","http://www.imdb.com/title/tt2421956/?ref_=fn_tt_tt_1",1,"English","USA","",180000,2014,0,8.7,NA,88
"Color","Bernardo Bertolucci",120,106,973,48,"Stefania Sandrelli",319,NA,"Drama","Jean-Louis Trintignant","The Conformist ",17813,500,"Dominique Sanda",1,"fascist|gun|italy|nudity|sexuality","http://www.imdb.com/title/tt0065571/?ref_=fn_tt_tt_1",101,"Italian","Italy","R",750000,1970,90,8.1,1.66,0
"Color","Jason Eisener",272,86,59,104,"Robb Wells",694,703002,"Action|Comedy|Thriller","Gregory Smith","Hobo with a Shotgun ",37495,1249,"Molly Dunsworth",4,"hobo|pedophile|rampage|shotgun|vigilante","http://www.imdb.com/title/tt1640459/?ref_=fn_tt_tt_1",230,"English","Canada","Not Rated",3e+06,2011,324,6.1,2.35,37000
"Color","Barbet Schroeder",136,115,58,401,"Chris Penn",33000,31874869,"Crime|Mystery|Thriller","Ryan Gosling","Murder by Numbers ",43574,34606,"Agnes Bruckner",0,"disposing of a dead body|high school student|murder|sociopath|teenage boy","http://www.imdb.com/title/tt0264935/?ref_=fn_tt_tt_1",302,"English","USA","R",5e+07,2002,455,6.1,1.85,0
"Color","Wayne Wang",96,106,61,649,"Luke Benward",907,32645546,"Comedy|Drama|Family","Cicely Tyson","Because of Winn-Dixie ",8427,3462,"Eva Marie Saint",5,"10 year old|dog|florida|girl|supermarket","http://www.imdb.com/title/tt0317132/?ref_=fn_tt_tt_1",88,"English","USA","PG",1.4e+07,2005,807,6.4,1.85,1000
"Color","Roland Joffé",10,109,596,283,"Alice Englert",622,NA,"Action|Adventure|Romance|Sci-Fi","Tamsin Egerton","The Lovers ",2138,1982,"Bipasha Basu",3,"1770s|british india|great barrier reef|india|ring","http://www.imdb.com/title/tt1321869/?ref_=fn_tt_tt_1",15,"English","Belgium","R",NA,2015,525,4.5,NA,677
"Color","Rod Lurie",110,131,37,507,"Delroy Lindo",968,18208078,"Action|Drama|Thriller","Clifton Collins Jr.","The Last Castle ",57100,3012,"Michael Irby",3,"colonel|general|military|prison|three star general","http://www.imdb.com/title/tt0272020/?ref_=fn_tt_tt_1",281,"English","USA","R",6e+07,2001,848,6.9,2.35,0
"Color","Daston Kalili",NA,127,2,0,"Rai Alexandra",2,NA,"Thriller","Daston Kalili","Insomnia Manica ",16,2,"Chin-Chien Chang",0,"","http://www.imdb.com/title/tt0455556/?ref_=fn_tt_tt_1",3,"English","USA","",5e+05,2005,0,5.8,1.33,0
"Color","Daniel Stamm",311,87,13,308,"Ashley Bell",463,40990055,"Drama|Horror|Thriller","Caleb Landry Jones","The Last Exorcism ",41509,1958,"Patrick Fabian",0,"cult film|documentary crew|exorcism|found footage|satanic ritual","http://www.imdb.com/title/tt1320244/?ref_=fn_tt_tt_1",300,"English","France","PG-13",1800000,2010,400,5.6,1.85,0
"Color","Renny Harlin",48,104,212,380,"Gilbert Gottfried",879,21413502,"Action|Adventure|Comedy|Crime|Music|Mystery","Lauren Holly","The Adventures of Ford Fairlane ",14429,2795,"David Patrick Kelly",5,"detective|groupie|murder|music industry|rock n roll","http://www.imdb.com/title/tt0098987/?ref_=fn_tt_tt_1",113,"English","USA","R",4e+07,1990,560,6.3,2.35,2000
"Color","Kriv Stenders",54,92,25,110,"Keisha Castle-Hughes",509,NA,"Biography|Comedy|Drama|Family|Romance","Noah Taylor","Red Dog ",13003,1248,"Luke Ford",0,"australian|based on true events|dog|love|search","http://www.imdb.com/title/tt0803061/?ref_=fn_tt_tt_1",80,"English","Australia","PG",8500000,2011,446,7.5,2.35,10000
"Color","Christopher Guest",97,91,378,345,"Christopher Guest",658,17508936,"Comedy|Music","Michael McKean","A Mighty Wind ",22408,1660,"Laura Harris",0,"concert|mockumentary|musician|new york city|singer","http://www.imdb.com/title/tt0310281/?ref_=fn_tt_tt_1",272,"English","USA","PG-13",NA,2003,378,7.3,1.85,0
"Color","Mark Romanek",328,103,132,844,"Charlie Rowe",10000,2412045,"Drama|Romance|Sci-Fi","Andrew Garfield","Never Let Me Go ",109873,12867,"Charlotte Rampling",0,"boarding school|childhood|love|love triangle|organ donation","http://www.imdb.com/title/tt1334260/?ref_=fn_tt_tt_1",320,"English","UK","R",1.5e+07,2010,882,7.2,2.35,33000
"Color","Steve Pink",90,100,38,460,"Regina Hall",833,48637684,"Comedy|Romance","Joe Lo Truglio","About Last Night ",16979,2800,"Bryan Callen",4,"bedroom|boyfriend girlfriend relationship|hug|interrupted sex|urban setting","http://www.imdb.com/title/tt1826590/?ref_=fn_tt_tt_1",42,"English","USA","R",12500000,2014,807,6.1,2.35,0
"Color","Harold Ramis",55,98,11000,624,"Randy Quaid",816,61400000,"Adventure|Comedy","Beverly D'Angelo","National Lampoon's Vacation ",71183,3617,"Jane Krakowski",1,"amusement park|dog|family vacation|national lampoon series|vacation","http://www.imdb.com/title/tt0085995/?ref_=fn_tt_tt_1",183,"English","USA","R",1.5e+07,1983,695,7.4,1.85,0
"Color","Marc Schölermann",79,95,3,448,"Larry Drake",905,108662,"Crime|Horror|Thriller","John de Lancie","Pathology ",26849,3185,"Johnny Whitworth",0,"corpse|dark humor|medical school|murder|pathology","http://www.imdb.com/title/tt0964539/?ref_=fn_tt_tt_1",107,"English","USA","R",8e+06,2008,513,6,2.35,3000
"Color","Andy Fickman",112,110,99,835,"Kyra Sedgwick",12000,90636983,"Comedy|Family|Sport","Dwayne Johnson","The Game Plan ",44021,15170,"Madison Pettis",0,"family relationships|football movie|publicist|sports team|tween girl","http://www.imdb.com/title/tt0492956/?ref_=fn_tt_tt_1",83,"English","USA","PG",2.2e+07,2007,941,6.2,2.35,0
"Color","Thorbjørn Christoffersen",2,90,0,13,"Frank Hvam",122,NA,"Action|Adventure|Animation|Comedy|Sci-Fi","Iben Hjejle","Journey to Saturn ",1828,197,"Casper Christensen",0,"crew|cult film|denmark|earth|wristwatch","http://www.imdb.com/title/tt1095423/?ref_=fn_tt_tt_1",6,"Danish","Denmark","Not Rated",NA,2008,33,5.7,1.85,77
"Color","Pan Nalin",19,115,95,0,"Pant Shirt Baba",0,NA,"Biography|Documentary|Drama","Bhole Baba","Faith Connections ",113,0,"Shriman Umeshanad Brahmachari",1,"faith|ganja|kumbh mela|little boy|orphan","http://www.imdb.com/title/tt2768766/?ref_=fn_tt_tt_1",3,"Hindi","India","",550000,2013,0,7,1.85,126
"Color","Brian Gibson",19,118,13,2,"Virginia Capers",90,39100956,"Biography|Drama|Music","Rae'Ven Kelly","What's Love Got to Do with It ",13442,114,"Dororthy Thorton",0,"abusive husband|love|singer|tina turner|violence","http://www.imdb.com/title/tt0108551/?ref_=fn_tt_tt_1",59,"English","USA","R",NA,1993,22,7.2,1.85,0
"Color","James Cox",12,91,10,293,"Powers Boothe",924,NA,"Comedy|Drama","Jon Mack","Straight A's ",3605,2654,"Josh Meyers",3,"addict|paternity|rascal|swimming pool|texas","http://www.imdb.com/title/tt2024506/?ref_=fn_tt_tt_1",20,"English","USA","R",2e+06,2013,472,5.7,NA,0
"Color","Frank Coraci",188,120,153,447,"Steve Coogan",1000,24004159,"Action|Adventure|Comedy","Jim Broadbent","Around the World in 80 Days ",68720,3175,"Cécile De France",0,"19th century|around the world|inventor|martial arts|train","http://www.imdb.com/title/tt0327437/?ref_=fn_tt_tt_1",191,"English","USA","PG",1.1e+08,2004,1000,5.8,2.35,0
"Color","Jake Scott",112,110,26,146,"Ally Sheedy",17000,152857,"Drama","Kristen Stewart","Welcome to the Rileys ",19979,18236,"Kerry Cahill",3,"businessman|prostitute|street|stripper|travel","http://www.imdb.com/title/tt1183923/?ref_=fn_tt_tt_1",56,"English","UK","R",NA,2010,793,7,1.85,0
"Color","Miguel Arteta",119,81,44,3000,"Steve Carell",35000,66950483,"Comedy|Family","Bella Thorne","Alexander and the Terrible, Horrible, No Good, Very Bad Day ",29738,47677,"Jennifer Garner",6,"bad day|based on book|birthday|job interview|long title","http://www.imdb.com/title/tt1698641/?ref_=fn_tt_tt_1",85,"English","USA","PG",2.8e+07,2014,7000,6.2,2.39,12000
"Color","Paul Thomas Anderson",398,158,0,104,"Paul F. Tompkins",272,40218903,"Drama","Jim Meskimen","There Will Be Blood ",372990,533,"Kevin Breznahan",0,"alcoholic|alcoholism|money|oil|turn of the century","http://www.imdb.com/title/tt0469494/?ref_=fn_tt_tt_1",1107,"English","USA","R",2.5e+07,2007,111,8.1,2.35,16000
"Color","Laurent Tirard",78,120,2,80,"Ludivine Sagnier",809,634277,"Comedy|History","Romain Duris","Molière ",5166,1651,"Fabrice Luchini",1,"deathbed|play|playwright|prison|theater","http://www.imdb.com/title/tt0796335/?ref_=fn_tt_tt_1",27,"French","France","PG-13",1.6e+07,2007,521,7.3,2.35,815
"Color","Steven Soderbergh",223,190,0,215,"Jacob Vargas",599,124107476,"Crime|Drama|Thriller","Michael O'Neill","Traffic ",170684,1418,"James Lew",0,"cocaine|drug smuggling|interlinked stories|judge|mexico","http://www.imdb.com/title/tt0181865/?ref_=fn_tt_tt_1",867,"English","USA","R",4.8e+07,2000,399,7.6,1.85,0
"Color","Jeff Crook",8,90,5,372,"Mario Cimarro",601,NA,"Action|Crime|Drama|Thriller","Nicholas Gonzalez","Rockaway ",355,2395,"Ricardo Chavira",1,"one word title","http://www.imdb.com/title/tt0796355/?ref_=fn_tt_tt_1",6,"English","USA","R",2e+06,2007,453,4.6,2.35,44
"Color","Steven Quale",277,92,77,495,"Jacqueline MacInnes Wood",703,42575718,"Horror","Emma Bell","Final Destination 5 ",83788,3074,"Courtney B. Vance",0,"blood splatter|death|eyeball run over by car|latex gloves|suspension bridge","http://www.imdb.com/title/tt1622979/?ref_=fn_tt_tt_1",227,"English","USA","R",4e+07,2011,682,5.9,2.35,20000
"Color","Lisa Cholodenko",323,106,450,712,"Mia Wasikowska",14000,20803237,"Comedy|Drama","Josh Hutcherson","The Kids Are All Right ",110616,18645,"Yaya DaCosta",1,"biological father|college|motorcycle|sperm|sperm donor","http://www.imdb.com/title/tt0842926/?ref_=fn_tt_tt_1",291,"English","USA","R",3500000,2010,3000,7.1,1.85,16000
"Color","Julie Taymor",156,133,278,107,"T.V. Carpio",5000,24343673,"Drama|Fantasy|Musical|Romance","Jim Sturgess","Across the Universe ",91863,5405,"Robert Clohessy",0,"anti war|liverpool|love|protest|song","http://www.imdb.com/title/tt0445922/?ref_=fn_tt_tt_1",524,"English","USA","PG-13",4.5e+07,2007,117,7.4,2.35,14000
"Color","Susan Seidelman",35,105,39,183,"Michael Nouri",267,3123749,"Comedy|Romance","Dyan Cannon","Boynton Beach Club ",746,1231,"Brenda Vaccaro",8,"title spoken by character","http://www.imdb.com/title/tt0439478/?ref_=fn_tt_tt_1",27,"English","USA","R",1500000,2005,225,6.5,1.85,88
"Color","Uwe Boll",143,92,892,492,"Udo Kier",783,1550000,"Action|Adventure|Fantasy|Horror","Meat Loaf","BloodRayne ",30628,2930,"Michael Paré",2,"escape|half human|king|vampire|vampire hunter","http://www.imdb.com/title/tt0383222/?ref_=fn_tt_tt_1",471,"English","USA","R",2.5e+07,2005,595,2.9,2.35,937
"Color","Howard Deutch",74,98,41,900,"Matthew Perry",13000,16323969,"Comedy|Crime|Thriller","Bruce Willis","The Whole Ten Yards ",45775,18085,"Natasha Henstridge",5,"dentist|face slap|flashback|hitman|killing an animal","http://www.imdb.com/title/tt0327247/?ref_=fn_tt_tt_1",112,"English","USA","PG-13",4e+07,2004,2000,5.5,1.85,462
"Color","Yorgos Lanthimos",211,94,252,14,"Mary Tsoni",47,110197,"Drama|Thriller","Angeliki Papoulia","Dogtooth ",44864,126,"Sissy Petropoulou",0,"fellatio|isolated house|overprotective father|social isolation|unsimulated sex","http://www.imdb.com/title/tt1379182/?ref_=fn_tt_tt_1",170,"Greek","Greece","Unrated",NA,2009,37,7.3,2.35,13000
"Color","Andrew Niccol",360,109,487,3000,"Olivia Wilde",20000,37553932,"Action|Sci-Fi|Thriller","Matt Bomer","In Time ",304318,34011,"Justin Timberlake",2,"currency|future|murder|on the run|time","http://www.imdb.com/title/tt1637688/?ref_=fn_tt_tt_1",463,"English","USA","PG-13",4e+07,2011,10000,6.7,2.35,52000
"Color","Matthew Watts",3,86,0,304,"Cheyenne Jackson",873,NA,"Comedy|Romance","Jennifer Lafleur","Mutual Friends ",64,2830,"Michael Stahl-David",1,"bromance|manhattan new york city|new york city|photograph|surprise","http://www.imdb.com/title/tt2112209/?ref_=fn_tt_tt_1",3,"English","USA","",450000,2013,469,6.8,NA,31
" Black and White","Robinson Devor",18,88,14,3,"Eugene Roche",142,110720,"Comedy","Marilyn Rising","The Woman Chaser ",524,168,"Max Kerstein",0,"car salesman|filmmaking|pulp fiction|santa claus suit|truck driver","http://www.imdb.com/title/tt0217894/?ref_=fn_tt_tt_1",22,"English","USA","",1200000,1999,23,7.3,NA,73
"Color","Nelson McCormick",121,101,29,429,"Paige Turco",812,29062561,"Crime|Thriller","Sela Ward","The Stepfather ",23424,3292,"Skyler Samuels",0,"head dunked in water|military school|plastic bag|playing a video game|suffocating","http://www.imdb.com/title/tt0814335/?ref_=fn_tt_tt_1",119,"English","USA","PG-13",NA,2009,533,5.6,2.35,0
"Color","Paul Weitz",180,98,80,708,"Blythe Danner",22000,148383780,"Comedy|Romance","Robert De Niro","Little Fockers ",85531,24082,"Teri Polo",10,"birthday|critically bashed|male nurse|nurse|suspicion","http://www.imdb.com/title/tt0970866/?ref_=fn_tt_tt_1",152,"English","USA","PG-13",1e+08,2010,713,5.5,1.85,0
"Color","Michael Moore",40,91,909,42,"Pat Boone",909,6706368,"Documentary","Michael Moore","Roger & Me ",22800,1048,"Bob Eubanks",0,"factory|flint michigan|general motors|michigan|quest","http://www.imdb.com/title/tt0098213/?ref_=fn_tt_tt_1",133,"English","USA","R",160000,1989,91,7.5,1.66,667
"Color","Willard Huyck",81,110,8,322,"Jeffrey Jones",1000,16295774,"Action|Adventure|Comedy|Romance|Sci-Fi","Lea Thompson","Howard the Duck ",33669,3000,"Jordan Prentice",1,"alien|duck|laser|planet|singer","http://www.imdb.com/title/tt0091225/?ref_=fn_tt_tt_1",269,"English","USA","PG",3.5e+07,1986,692,4.6,1.85,0
"Color","Steven Spielberg",470,122,14000,1000,"Ray Winstone",11000,317011114,"Action|Adventure|Fantasy","Harrison Ford","Indiana Jones and the Kingdom of the Crystal Skull ",333847,14959,"Jim Broadbent",2,"cult figure|femme fatale|indiana jones|unsubtitled foreign language|year 1957","http://www.imdb.com/title/tt0367882/?ref_=fn_tt_tt_1",2054,"English","USA","PG-13",1.85e+08,2008,1000,6.2,2.35,5000
"Color","Christopher McQuarrie",117,119,188,35,"Nicky Katt",187,6047856,"Action|Crime|Drama|Thriller","Kristin Lehman","The Way of the Gun ",27536,358,"Dylan Kussman",4,"criminal|drifter|gangster|money|surrogate mother","http://www.imdb.com/title/tt0202677/?ref_=fn_tt_tt_1",327,"English","USA","R",8500000,2000,127,6.7,1.85,1000
"Color","Kirk Jones",94,91,52,482,"David Kelly",773,24788807,"Comedy","James Nesbitt","Waking Ned Devine ",21245,1965,"Fionnula Flanagan",0,"dead body|death|lottery|small town|village","http://www.imdb.com/title/tt0166396/?ref_=fn_tt_tt_1",213,"English","UK","PG",3e+06,1998,588,7.4,2.35,0
"Color","Hue Rhodes",45,85,0,966,"Steve Buscemi",22000,100669,"Comedy|Drama","Peter Dinklage","Saint John of Las Vegas ",2522,36885,"Romany Malco",1,"city name in title|male frontal nudity|place name in title","http://www.imdb.com/title/tt1276105/?ref_=fn_tt_tt_1",11,"English","USA","R",3800000,2009,12000,5.8,2.35,407
"Color","Gary Fleder",83,102,39,259,"Mekhi Phifer",1000,6114237,"Drama|Mystery|Sci-Fi|Thriller","Gary Dourdan","Impostor ",19986,2664,"Tim Guinee",4,"alien|android|bomb|future|weapon","http://www.imdb.com/title/tt0160399/?ref_=fn_tt_tt_1",207,"English","USA","R",4e+07,2001,1000,6.2,1.85,892
"Color","Barry Levinson",108,134,272,215,"James Pickens Jr.",548,36976367,"Drama|Mystery|Sci-Fi|Thriller","Peter Coyote","Sphere ",81611,1044,"Huey Lewis",3,"manifestation|ocean|spacecraft|spaceship|sphere","http://www.imdb.com/title/tt0120184/?ref_=fn_tt_tt_1",274,"English","USA","PG-13",7.5e+07,1998,270,6,2.35,0
" Black and White","Lee Tamahori",264,133,93,746,"Colin Salmon",769,160201106,"Action|Adventure|Thriller","Toby Stephens","Die Another Day ",169914,2538,"Rick Yune",0,"catfight|clinic|colonel|diamond|patricide","http://www.imdb.com/title/tt0246460/?ref_=fn_tt_tt_1",1185,"English","UK","PG-13",1.42e+08,2002,766,6.1,2.35,0
"Color","Sam Raimi",291,121,0,4000,"James Franco",24000,403706375,"Action|Adventure|Fantasy|Romance","J.K. Simmons","Spider-Man ",544665,40484,"Kirsten Dunst",0,"evil|goblin|spider|spider man|superhero","http://www.imdb.com/title/tt0145487/?ref_=fn_tt_tt_1",2012,"English","USA","PG-13",1.39e+08,2002,11000,7.3,1.85,5000
" Black and White","Tim Burton",148,127,13000,940,"Bill Murray",40000,5887457,"Biography|Comedy|Drama","Johnny Depp","Ed Wood ",142416,56585,"Martin Landau",1,"1950s|director|friend|friendship|transvestism","http://www.imdb.com/title/tt0109707/?ref_=fn_tt_tt_1",420,"English","USA","R",1.8e+07,1994,13000,7.9,1.85,0
"Color","Matthew O'Callaghan",87,78,5,1000,"Frank Welker",8000,58336565,"Adventure|Animation|Comedy|Family","Will Ferrell","Curious George ",12845,11124,"Alexander Gould",0,"hat|monkey|museum|shrine|yellow","http://www.imdb.com/title/tt0381971/?ref_=fn_tt_tt_1",118,"English","USA","G",5e+07,2006,2000,6.6,1.85,624
"Color","Garry Marshall",103,116,0,995,"Christopher Meloni",8000,152149590,"Comedy|Romance","Julia Roberts","Runaway Bride ",74274,12790,"Hector Elizondo",2,"bride|columnist|journalist|maryland|wedding","http://www.imdb.com/title/tt0163187/?ref_=fn_tt_tt_1",255,"English","USA","PG",7e+07,1999,3000,5.5,2.35,0
"Color","Quentin Tarantino",215,178,16000,857,"Eric Stoltz",13000,107930000,"Crime|Drama","Bruce Willis","Pulp Fiction ",1324680,16557,"Phil LaMarr",1,"black comedy|cunnilingus|neo noir|nonlinear timeline|postmodern","http://www.imdb.com/title/tt0110912/?ref_=fn_tt_tt_1",2195,"English","USA","R",8e+06,1994,902,8.9,2.35,45000
"Color","Terry Gilliam",230,142,0,1000,"Bob Hoskins",22000,9929000,"Drama|Sci-Fi","Robert De Niro","Brazil ",152306,29475,"Jim Broadbent",0,"black comedy|bureaucracy|dream|terrorist|wrongful arrest","http://www.imdb.com/title/tt0088846/?ref_=fn_tt_tt_1",513,"English","UK","R",1.5e+07,1985,5000,8,1.85,16000
"Color","Alain Resnais",129,104,752,59,"Sara Forestier",412,403649,"Drama|Romance","Mathieu Amalric","Wild Grass ",3174,799,"Edouard Baer",0,"dentist|letter|pilot|skateboard|wallet","http://www.imdb.com/title/tt1156143/?ref_=fn_tt_tt_1",31,"French","France","PG",NA,2009,74,6.3,2.35,512
"Color","Vicente Amorim",67,92,6,227,"Jodie Whittaker",10000,23091,"Drama|Romance|War","Viggo Mortensen","Good ",5664,11091,"Steven Mackintosh",1,"censorship|children|corpse|heil hitler|suffering","http://www.imdb.com/title/tt0436364/?ref_=fn_tt_tt_1",42,"English","UK","R",1.5e+07,2008,304,6.2,2.35,921
"Color","David Jacobson",74,108,12,710,"Bruce Dern",2000,568695,"Drama|Romance|Thriller","Hunter Parrish","Down in the Valley ",16617,3921,"Rory Culkin",2,"beach|cowboy|cowboy hat|neo western|valley","http://www.imdb.com/title/tt0398027/?ref_=fn_tt_tt_1",110,"English","USA","R",8e+06,2005,844,6.5,2.35,412
"Color","",26,42,NA,376,"Eric McCormack",1000,NA,"Crime|Drama|Mystery|Thriller","LeVar Burton","Perception             ",15612,2240,"Scott Wolf",1,"","http://www.imdb.com/title/tt1714204/?ref_=fn_tt_tt_1",29,"English","USA","TV-14",NA,NA,440,7.5,16,0
"Color","George Clooney",181,113,0,89,"David Julian Hirsh",504,NA,"Biography|Comedy|Crime|Drama|Romance|Thriller","Dick Clark","Confessions of a Dangerous Mind ",71596,810,"Jennifer Hall",0,"broken nose|kgb|marriage proposal|playboy mansion|sistine chapel","http://www.imdb.com/title/tt0270288/?ref_=fn_tt_tt_1",276,"English","USA","R",2.9e+07,2002,147,7.1,2.35,3000
"Color","Renny Harlin",199,105,212,811,"Michael Rapaport",1000,73648142,"Action|Sci-Fi|Thriller","LL Cool J","Deep Blue Sea ",99043,3697,"Saffron Burrows",1,"alzheimer's disease|experiment|human versus shark|research|underwater headquarters","http://www.imdb.com/title/tt0149261/?ref_=fn_tt_tt_1",643,"English","USA","R",6e+07,1999,975,5.8,2.35,0
"Color","Clint Eastwood",279,135,16000,310,"Chris Bauer",23000,33574332,"Drama|History|War","Paul Walker","Flags of Our Fathers ",101221,24468,"Tom McCarthy",0,"imperial japan|japan|japanese army|japanese soldier|world war two","http://www.imdb.com/title/tt0418689/?ref_=fn_tt_tt_1",415,"English","USA","R",9e+07,2006,638,7.1,2.35,0
"Color","Sydney Pollack",94,116,521,481,"Sydney Pollack",13000,177200000,"Comedy|Drama|Romance","Bill Murray","Tootsie ",77366,14701,"Teri Garr",1,"actor|actress|friend|love|reputation","http://www.imdb.com/title/tt0084805/?ref_=fn_tt_tt_1",194,"English","USA","PG",2.2e+07,1982,521,7.4,2.35,0
"Color","",14,105,NA,5,"Bruce Alexander",325,NA,"Crime|Drama|Mystery","David Jason","A Touch of Frost             ",4438,344,"John Lyons",1,"cult tv|death|detective inspector|four word title|internal affairs","http://www.imdb.com/title/tt0108967/?ref_=fn_tt_tt_1",33,"English","UK","",NA,NA,7,7.8,1.33,361
"Color","Lajos Koltai",73,134,45,0,"Péter Fancsikai",9,195888,"Drama|Romance|War","Marcell Nagy","Fateless ",5603,11,"Bálint Péntek",0,"bus|death|gay slur|hatred|jewish","http://www.imdb.com/title/tt0367082/?ref_=fn_tt_tt_1",45,"Hungarian","Hungary","R",2.5e+09,2005,2,7.1,2.35,607
" Black and White","Oliver Stone",339,141,0,404,"Shea Whigham",749,47307550,"Crime|Drama|Thriller","Demián Bichir","Savages ",104301,1948,"Gary Stretch",4,"arms tied overhead|damsel in distress|dea|marijuana|southern california","http://www.imdb.com/title/tt1615065/?ref_=fn_tt_tt_1",269,"English","USA","R",4.5e+07,2012,463,6.5,2.35,28000
"Color","Ronny Yu",95,93,31,57,"Junix Inocian",783,5204007,"Action|Comedy|Crime|Thriller","Meat Loaf","Formula 51 ",42876,1044,"Paul Barber",2,"american in the uk|drug lord|drugs|gangster|organized crime","http://www.imdb.com/title/tt0227984/?ref_=fn_tt_tt_1",167,"English","UK","R",2.8e+07,2001,132,6.3,2.35,0
"Color","Jeremy Leven",44,97,19,977,"Marlon Brando",40000,22200000,"Comedy|Drama|Romance","Johnny Depp","Don Juan DeMarco ",41310,52122,"Faye Dunaway",3,"don juan|mental institution|patient|psychiatrist|retirement","http://www.imdb.com/title/tt0112883/?ref_=fn_tt_tt_1",117,"English","USA","PG-13",2.5e+07,1994,10000,6.8,1.85,0
"Color","Lana Wachowski",120,109,0,126,"Kevin Michael Richardson",3000,3798532,"Crime|Drama|Romance|Thriller","Christopher Meloni","Bound ",41138,3668,"Peter Spellos",0,"gangster|lesbian|mafia|money|neo noir","http://www.imdb.com/title/tt0115736/?ref_=fn_tt_tt_1",208,"English","USA","R",4500000,1996,441,7.4,1.85,2000
"Color","Robert Rodriguez",93,104,0,4000,"Steve Buscemi",16000,25625110,"Action|Crime|Thriller","Quentin Tarantino","Desperado ",138707,33758,"Salma Hayek",0,"crushed by a car|female frontal nudity|female nudity|female rear nudity|one against many","http://www.imdb.com/title/tt0112851/?ref_=fn_tt_tt_1",202,"English","USA","R",7e+06,1995,12000,7.2,1.85,0
"Color","Lawrence Guterman",78,94,6,227,"Traylor Howard",490,17010646,"Comedy|Family|Fantasy","Jamie Kennedy","Son of the Mask ",40751,1195,"Ben Stein",0,"baby|cartoon on tv|cartoonist|dog|mask","http://www.imdb.com/title/tt0362165/?ref_=fn_tt_tt_1",239,"English","USA","PG",8.4e+07,2005,294,2.2,1.85,881
"Color","Kevin Reynolds",138,131,58,720,"James Frain",15000,54228104,"Action|Adventure|Drama|Romance|Thriller","Henry Cavill","The Count of Monte Cristo ",104991,17152,"Michael Wincott",1,"count|escape|island|revenge|sailor","http://www.imdb.com/title/tt0245844/?ref_=fn_tt_tt_1",544,"English","UK","PG-13",3.5e+07,2002,1000,7.7,1.85,0
"Color","Steve Miner",31,110,49,427,"Usher Raymond",1000,623374,"Action|Adventure|Drama|Thriller|Western","Tom Skerritt","Texas Rangers ",4757,2120,"Leonor Varela",2,"army|mexican|orphan|texas|texas ranger","http://www.imdb.com/title/tt0193560/?ref_=fn_tt_tt_1",67,"English","USA","PG-13",3.8e+07,2001,569,5.2,2.35,474
"Color","Alan Parker",141,130,317,256,"Kate Winslet",18000,19593740,"Crime|Drama|Thriller","Kevin Spacey","The Life of David Gale ",88270,32637,"Matt Craven",0,"activist|death|death row|murder|texas","http://www.imdb.com/title/tt0289992/?ref_=fn_tt_tt_1",420,"English","USA","R",5e+07,2003,14000,7.5,2.35,0
"Color","Victor Nunez",61,113,9,42,"Patricia Richardson",402,9054736,"Drama","Peter Fonda","Ulee's Gold ",5744,787,"Vanessa Zima",1,"beekeeper|bound and gagged|dysfunctional family|man with glasses|tied to a chair","http://www.imdb.com/title/tt0120402/?ref_=fn_tt_tt_1",57,"English","USA","R",2700000,1997,222,7.1,1.66,381
"Color","Gurinder Chadha",119,122,98,397,"Martin Henderson",729,6601079,"Comedy|Drama|Musical|Romance","Indira Varma","Bride & Prejudice ",17436,2321,"Anupam Kher",1,"bollywood|india|jane austen|london england|travel","http://www.imdb.com/title/tt0361411/?ref_=fn_tt_tt_1",276,"English","UK","PG-13",7e+06,2004,579,6.2,2.35,0
"Color","Jake Goldberger",39,87,2,99,"M. Emmet Walsh",592,NA,"Drama|Mystery|Thriller","Pruitt Taylor Vince","Don McKay ",2050,1227,"Robert Wahlberg",1,"dead body|dead body in a freezer|dead body wrapped in carpet|person in a car trunk|school janitor","http://www.imdb.com/title/tt1281374/?ref_=fn_tt_tt_1",17,"English","USA","R",NA,2009,521,5.9,1.85,275
"Color","David Bowers",135,85,42,586,"Kate Winslet",20000,64459316,"Adventure|Animation|Comedy|Family","Hugh Jackman","Flushed Away ",85086,35161,"David Suchet",0,"boat|frog|rat|sewer|toad","http://www.imdb.com/title/tt0424095/?ref_=fn_tt_tt_1",122,"English","UK","PG",1.49e+08,2006,14000,6.7,1.85,0
"Color","Vic Sarin",37,101,24,130,"Aidan Quinn",933,NA,"Drama|Family","Connie Nielsen","A Shine of Rainbows ",1696,1940,"John Bell",2,"island|love|new home|orphan|rainbow","http://www.imdb.com/title/tt1014774/?ref_=fn_tt_tt_1",19,"English","Canada","PG",6e+06,2009,767,7.2,2.35,1000
"Color","Eric Leighton",145,82,0,388,"D.B. Sweeney",1000,137748063,"Adventure|Animation|Family|Thriller","Alfre Woodard","Dinosaur ",38438,2945,"Della Reese",1,"egg|iguanodon|lemur|meteor|nesting grounds","http://www.imdb.com/title/tt0130623/?ref_=fn_tt_tt_1",241,"English","USA","PG",127500000,2000,558,6.5,1.85,0
"Color","Wes Anderson",536,99,0,670,"Tom Wilkinson",13000,59073773,"Adventure|Comedy|Crime|Drama","Bill Murray","The Grand Budapest Hotel ",475518,15082,"F. Murray Abraham",0,"first person narration|hotel|lobby boy|mentor protege relationship|painting","http://www.imdb.com/title/tt2278388/?ref_=fn_tt_tt_1",644,"English","USA","R",2.5e+07,2014,1000,8.1,1.37,149000
"Color","Todd Graff",98,118,650,715,"Jeremy Jordan",1000,30920167,"Comedy|Music","Dolly Parton","Joyful Noise ",6476,3389,"Jesse L. Martin",4,"bare chested male|chips|two word title","http://www.imdb.com/title/tt1710396/?ref_=fn_tt_tt_1",71,"English","USA","PG-13",2.5e+07,2012,773,5.7,2.35,0
"Color","Luis Mandoki",85,131,43,362,"John Savage",18000,52799004,"Drama|Romance","Robin Wright","Message in a Bottle ",28942,19815,"Raphael Sbarge",0,"beach|bottle|jogging|letter|love","http://www.imdb.com/title/tt0139462/?ref_=fn_tt_tt_1",223,"English","USA","PG-13",5.5e+07,1999,652,6.1,2.35,0
"Color","Len Wiseman",226,133,235,105,"Kevin Grevioux",955,51483949,"Action|Fantasy|Thriller","Sophia Myles","Underworld ",208092,1777,"Shane Brolly",0,"blood|death|hybrid|vampire|werewolf","http://www.imdb.com/title/tt0320691/?ref_=fn_tt_tt_1",806,"English","UK","R",2.2e+07,2003,593,7,2.35,0
"Color","Clark Johnson",161,107,69,206,"David Rasche",310,36279230,"Action|Crime|Thriller","Blair Brown","The Sentinel ",42144,1352,"Martin Donovan",0,"first lady|framed|investigation|president|secret service","http://www.imdb.com/title/tt0443632/?ref_=fn_tt_tt_1",213,"English","USA","PG-13",6e+07,2006,219,6.1,2.35,690
"Color","John Stephenson",9,100,0,149,"Hans Matheson",2000,2209479,"Drama|Family","Samantha Barks","The Christmas Candle ",844,2909,"Lesley Manville",0,"angel|candle|christmas|miracle|village","http://www.imdb.com/title/tt2739338/?ref_=fn_tt_tt_1",34,"English","UK","PG",NA,2013,627,5.8,NA,962
"Color","Christopher Spencer",61,170,25,55,"Amber Rose Revah",329,59696176,"Biography|Drama|History","Roma Downey","Son of God ",15448,775,"Darwin Shaw",1,"bare chested male bondage|crucifixion|loincloth|reference to god|resurrection","http://www.imdb.com/title/tt3210686/?ref_=fn_tt_tt_1",174,"English","USA","PG-13",2.2e+07,2014,134,5.6,2.35,15000
"Color","Michael Hoffman",85,118,97,437,"Gerald McRaney",775,26761283,"Drama|Romance","Luke Bracey","The Best of Me ",43084,3197,"Clarke Peters",0,"adultery|based on novel|heart transplant|infidelity|protective male","http://www.imdb.com/title/tt1972779/?ref_=fn_tt_tt_1",99,"English","USA","PG-13",2.6e+07,2014,523,6.7,2.35,19000
"Color","Diane Keaton",82,94,0,235,"Celia Weston",374,36037909,"Comedy|Drama","Adam Arkin","Hanging Up ",10132,1238,"Jesse James",3,"actress|clown costume|magazine|party planner|soap opera actress","http://www.imdb.com/title/tt0162983/?ref_=fn_tt_tt_1",130,"English","Germany","PG-13",6e+07,2000,258,4.7,1.85,390
"Color","Lauren Lazin",26,112,2,321,"Gary Coleman",786,7707563,"Biography|Documentary|Music","James Cagney","Tupac: Resurrection ",7687,2638,"Todd Bridges",0,"hip hop|name in title|rap star|rapper|reference to tupac shakur","http://www.imdb.com/title/tt0343121/?ref_=fn_tt_tt_1",32,"English","USA","R",NA,2003,633,8,1.85,0
"Color","Aleksandr Veledinskiy",8,120,0,22,"Elena Lyadova",114,NA,"Adventure|Drama","Konstantin Khabenskiy","The Geographer Drank His Globe Away ",2488,183,"Eugenia Khirivskaya",0,"rafting|russia|school|student|teacher","http://www.imdb.com/title/tt3155604/?ref_=fn_tt_tt_1",3,"Russian","Russia","",4e+06,2013,45,7.5,NA,282
"Color","Paul McGuigan",202,110,118,1000,"Morgan Freeman",13000,22494487,"Crime|Drama|Mystery|Thriller","Bruce Willis","Lucky Number Slevin ",262153,26451,"Dorian Missick",3,"coroner|death|gay son|love|mistaken identity","http://www.imdb.com/title/tt0425210/?ref_=fn_tt_tt_1",507,"English","Germany","R",2.7e+07,2006,11000,7.8,2.35,10000
"Color","Franco Zeffirelli",62,117,160,55,"Joan Plowright",718,14348123,"Comedy|Drama|War","Lily Tomlin","Tea with Mussolini ",9323,1148,"Paolo Seganti",6,"ambassador|american|art|english|italy","http://www.imdb.com/title/tt0120857/?ref_=fn_tt_tt_1",157,"English","Italy","PG",1.2e+07,1999,330,6.9,1.85,970
"Color","Ken Kwapis",161,129,42,49,"Sabrina Revelle",97,93952276,"Comedy|Drama|Romance","Carmen Perez","He's Just Not That Into You ",132048,318,"Sachiko Ishida",7,"advertising|bar|dating|lingerie slip|six word title","http://www.imdb.com/title/tt1001508/?ref_=fn_tt_tt_1",203,"English","USA","PG-13",4e+07,2009,50,6.4,2.35,12000
"Color","Ron Howard",175,110,2000,636,"T.J. Thyne",1000,260031035,"Comedy|Family|Fantasy","Clint Howard","How the Grinch Stole Christmas ",141414,4146,"Molly Shannon",0,"box office hit|christmas|materialism|public humiliation|snowflake","http://www.imdb.com/title/tt0170016/?ref_=fn_tt_tt_1",482,"English","USA","PG",1.23e+08,2000,722,6,1.85,0
"Color","Paul Mazursky",21,91,150,150,"Ryan O'Neal",979,2104000,"Comedy|Crime|Drama","Chazz Palminteri","Faithful ",1595,1679,"Paul Mazursky",3,"bathroom|bathtub|female protagonist|flashback|kitchen","http://www.imdb.com/title/tt0116269/?ref_=fn_tt_tt_1",19,"English","USA","R",1.3e+07,1996,385,5.9,1.85,69
"Color","Craig Bolotin",39,99,7,730,"Vanessa Williams",3000,5871603,"Drama|Thriller","Rosario Dawson","Light It Up ",3116,6485,"Robert Ri'chard",3,"black cop|die hard scenario|hostage negotiator|police|police brutality","http://www.imdb.com/title/tt0172726/?ref_=fn_tt_tt_1",39,"English","USA","R",1.3e+07,1999,1000,6,1.85,251
"Color","George Jackson",12,94,0,287,"Tisha Campbell-Martin",901,19281235,"Comedy|Drama|Music|Romance","William Schallert","House Party 2 ",3571,2523,"Helen Martin",0,"college|misogyny|money|new friend|party","http://www.imdb.com/title/tt0102065/?ref_=fn_tt_tt_1",11,"English","USA","R",5e+06,1991,413,5.1,1.85,232
"Color","Mario Van Peebles",12,95,535,608,"Cinda McCain",1000,27012,"Drama","Tom Skerritt","Redemption Road ",440,3586,"Luke Perry",4,"death of loved one|loss of father|loss of loved one|musician|singer","http://www.imdb.com/title/tt1470020/?ref_=fn_tt_tt_1",9,"English","USA","PG-13",NA,2010,646,5.9,2.35,279
"Color","Jonathan Newman",28,100,3,88,"Keeley Hawes",2000,4756,"Adventure|Family|Fantasy","Ioan Gruffudd","The Adventurer: The Curse of the Midas Box ",4191,2450,"Oliver Stark",4,"based on novel|drowning|hanging from a flagpole|hanging from a rope|magic","http://www.imdb.com/title/tt1376213/?ref_=fn_tt_tt_1",32,"English","UK","PG",2.5e+07,2013,228,5.4,2.35,0
"Color","Noah Buschel",66,95,8,399,"Amy Ryan",529,17580,"Drama","Merritt Wever","The Missing Person ",1268,2749,"Paul Adelstein",3,"cellphone|detective|missing person|private detective|train","http://www.imdb.com/title/tt1105512/?ref_=fn_tt_tt_1",23,"English","USA","",1500000,2009,423,6.2,1.85,195
"Color","David Kellogg",70,110,16,692,"Rene Auberjonois",2000,97360069,"Action|Adventure|Comedy|Family|Sci-Fi","Matthew Broderick","Inspector Gadget ",36491,5320,"Rupert Everett",0,"actor playing multiple roles|claw|gadget|inspector|police","http://www.imdb.com/title/tt0141369/?ref_=fn_tt_tt_1",231,"English","USA","PG",7.5e+07,1999,710,4.1,1.85,509
"Color","Glenn Ficarra",310,118,43,7000,"Emma Stone",33000,84244877,"Comedy|Drama|Romance","Ryan Gosling","Crazy, Stupid, Love. ",375456,57426,"Steve Carell",7,"bar|divorce|friend|girl|male objectification","http://www.imdb.com/title/tt1570728/?ref_=fn_tt_tt_1",292,"English","USA","PG-13",5e+07,2011,15000,7.4,2.39,44000
" Black and White","Kar-Wai Wong",194,129,0,576,"Tony Chiu Wai Leung",878,261481,"Drama|Romance|Sci-Fi","Li Gong","2046 ",41496,2378,"Maggie Cheung",0,"number in title|train|woman slaps a man|woman slaps man|written by director","http://www.imdb.com/title/tt0212712/?ref_=fn_tt_tt_1",210,"Cantonese","Hong Kong","R",1.2e+07,2004,643,7.5,2.35,0
"Color","Edward Burns",36,98,0,73,"Michael McGlone",138,10246600,"Comedy|Drama|Romance","Shari Albert","The Brothers McMullen ",6375,388,"Maxine Bahns",0,"abusive father|critically acclaimed|loss of father|love|true love","http://www.imdb.com/title/tt0112585/?ref_=fn_tt_tt_1",36,"English","USA","R",25000,1995,111,6.6,1.85,265
"Color","Alejandro G. Iñárritu",285,143,0,51,"Harriet Walter",11000,34300771,"Drama","Brad Pitt","Babel ",243799,11248,"Dermot Crowley",3,"american|destiny|mexican border|multiple perspectives|muslim","http://www.imdb.com/title/tt0449467/?ref_=fn_tt_tt_1",908,"English","France","R",2.5e+07,2006,119,7.5,1.85,0
"Color","Colin Trevorrow",271,86,365,522,"Mark Duplass",934,4007792,"Comedy|Drama|Romance","Mary Lynn Rajskub","Safety Not Guaranteed ",101287,2714,"Jeff Garlin",0,"classified ad|intern|magazine|time machine|time travel","http://www.imdb.com/title/tt1862079/?ref_=fn_tt_tt_1",260,"English","USA","R",750000,2012,830,7,2.35,31000
"Color","Dominic Sena",166,101,57,230,"Bashar Rahal",1000,10268846,"Action|Crime|Mystery|Thriller","Tom Skerritt","Whiteout ",31918,1947,"Shawn Doyle",1,"antarctica|geologist|investigation|u.s. marshal|winter","http://www.imdb.com/title/tt0365929/?ref_=fn_tt_tt_1",142,"English","USA","R",3.5e+07,2009,603,5.5,2.35,0
"Color","Ruben Fleischer",415,113,181,300,"Brandon Molale",33000,45996718,"Action|Crime|Drama|Thriller","Ryan Gosling","Gangster Squad ",173530,34738,"Wade Williams",3,"good versus evil|machine gun|mobster|police vigilantism|year 1949","http://www.imdb.com/title/tt1321870/?ref_=fn_tt_tt_1",264,"English","USA","R",6e+07,2013,301,6.7,2.35,40000
"Color","Sean Anders",102,129,51,630,"Michael Cudlitz",948,8396942,"Adventure|Comedy|Romance","Katrina Bowden","Sex Drive ",72715,4324,"Alice Greczyn",1,"amish|friend|friendship|high school|virgin","http://www.imdb.com/title/tt1135985/?ref_=fn_tt_tt_1",103,"English","USA","R",1.9e+07,2008,822,6.5,1.85,0
"Color","Vijay Chandar",3,155,0,61,"T.R. Silambarasan",141,NA,"Comedy|Romance","Hansika Motwani","Vaalu ",563,349,"Brahmanandam",2,"","http://www.imdb.com/title/tt3566698/?ref_=fn_tt_tt_1",6,"Tamil","India","",1.5e+08,2015,77,5.1,NA,82
"Color","Jaco Booyens",NA,90,37,0,"Sebastian Aguilar",210,NA,"Drama|Thriller","Nicole Smolen","8 Days ",44,210,"Ivette Alvarez",1,"","http://www.imdb.com/title/tt3111864/?ref_=fn_tt_tt_1",3,"English","USA","PG-13",2500000,2014,0,6.9,NA,224
"Color","David O. Russell",183,107,737,678,"Lily Tomlin",6000,12784713,"Comedy","Naomi Watts","I Heart Huckabees ",56813,8094,"Isabelle Huppert",11,"coincidence|cult film|overalls|suburb|vomiting","http://www.imdb.com/title/tt0356721/?ref_=fn_tt_tt_1",381,"English","USA","R",2.2e+07,2004,718,6.7,2.35,0
"Color","Mike Binder",91,121,57,664,"Gillian Jacobs",1000,21569041,"Drama","Jennifer Ehle","Black or White ",8058,3745,"Jillian Estell",2,"color in title","http://www.imdb.com/title/tt2883434/?ref_=fn_tt_tt_1",57,"English","USA","PG-13",9e+06,2014,837,6.6,2.35,0
"Color","David Fincher",216,127,21000,360,"Brad Pitt",11000,100125340,"Crime|Drama|Mystery|Thriller","Morgan Freeman","Se7en ",1023511,22678,"Reg E. Cathey",0,"detective|police partner|serial killer|serial murder|seven deadly sins","http://www.imdb.com/title/tt0114369/?ref_=fn_tt_tt_1",1080,"English","USA","R",3.3e+07,1995,11000,8.6,2.35,39000
" Black and White","Martin Campbell",400,144,258,834,"Tobias Menzies",6000,167007184,"Action|Adventure|Thriller","Eva Green","Casino Royale ",470483,9125,"Ivana Milicevic",1,"casino|espionage|free running|james bond|terrorist","http://www.imdb.com/title/tt0381061/?ref_=fn_tt_tt_1",2301,"English","UK","PG-13",1.5e+08,2006,1000,8,2.35,0
"Color","Lasse Hallström",184,115,529,325,"Noah Lomax",576,71346930,"Drama|Romance|Thriller","David Lyons","Safe Haven ",78008,1554,"Mimi Kirkland",0,"abusive husband|chick flick|north carolina|secret|widower","http://www.imdb.com/title/tt1702439/?ref_=fn_tt_tt_1",160,"English","USA","PG-13",2.8e+07,2013,447,6.7,2.35,23000
" Black and White","Stacy Peralta",86,91,147,5,"Jay Adams",22,1293295,"Documentary|Sport","Tony Alva","Dogtown and Z-Boys ",10366,54,"Jeff Ament",0,"california|drought|playground|skateboarding|surfer","http://www.imdb.com/title/tt0275309/?ref_=fn_tt_tt_1",88,"English","USA","PG-13",NA,2001,20,7.7,1.37,0
"Color","Gaspar Noé",192,99,929,9,"Albert Dupontel",56,753501,"Crime|Drama|Mystery|Thriller","Philippe Nahon","Irreversible ",87244,118,"Jo Prestia",0,"long take|male frontal nudity|revenge|reverse chronology|vengeance","http://www.imdb.com/title/tt0290673/?ref_=fn_tt_tt_1",664,"French","France","Not Rated",NA,2002,46,7.4,2.35,13000
"Color","Kevin Rodney Sullivan",104,105,8,278,"Nicole Sullivan",1000,67962333,"Comedy|Romance","Bernie Mac","Guess Who ",33887,2689,"Sherri Shepherd",2,"argument|engagement|family relationships|love|undressing","http://www.imdb.com/title/tt0372237/?ref_=fn_tt_tt_1",160,"English","USA","PG-13",3.5e+07,2005,358,5.9,1.85,919
"Color","Tim Burton",132,106,13000,733,"Martin Short",20000,37754208,"Action|Comedy|Sci-Fi","Natalie Portman","Mars Attacks! ",172217,22590,"Lukas Haas",3,"alien|general|martian|president|weapon","http://www.imdb.com/title/tt0116996/?ref_=fn_tt_tt_1",405,"English","USA","PG-13",7e+07,1996,770,6.3,2.35,0
"Color","Mike Leigh",103,154,608,149,"Dexter Fletcher",1000,6201757,"Biography|Comedy|Drama|History|Music|Musical","Jim Broadbent","Topsy-Turvy ",10037,1690,"Lesley Manville",1,"19th century|exhibition|gilbert and sullivan|gilbert and sullivan's princess ida|japanese","http://www.imdb.com/title/tt0151568/?ref_=fn_tt_tt_1",202,"English","UK","R",1e+07,1999,452,7.4,1.66,608
"Color","Joseph Sargent",80,92,114,434,"Mario Van Peebles",912,20763013,"Adventure|Horror|Thriller","Judith Barsi","Jaws: The Revenge ",30840,2355,"Lynn Whitfield",0,"banana boat|boat|christmas|sea|shark","http://www.imdb.com/title/tt0093300/?ref_=fn_tt_tt_1",383,"English","USA","PG-13",2.3e+07,1987,535,2.8,2.35,0
"Color","Uli Edel",160,184,34,155,"Alexandra Maria Lara",486,476270,"Action|Biography|Crime|Drama","Moritz Bleibtreu","The Baader Meinhof Complex ",29602,1601,"Martina Gedeck",2,"bonn germany|failed kidnapping|handcuffs|projectile|terrorist","http://www.imdb.com/title/tt0765432/?ref_=fn_tt_tt_1",110,"German","Germany","R",2e+07,2008,471,7.4,1.85,0
"Color","Tamara Jenkins",201,114,84,338,"David Zayas",22000,6610326,"Comedy|Drama","Philip Seymour Hoffman","The Savages ",32188,23770,"Gbenga Akinnagbe",0,"arizona|dementia|married man|sun city arizona|writing","http://www.imdb.com/title/tt0775529/?ref_=fn_tt_tt_1",127,"English","USA","R",NA,2007,929,7.2,1.85,0
"Color","Maurizio Benazzo",15,85,0,0,"Jasper Johal",66,381225,"Documentary","The Dalai Lama","Short Cut to Nirvana: Kumbh Mela ",131,66,"Swami Krishnanad",0,"","http://www.imdb.com/title/tt0420723/?ref_=fn_tt_tt_1",13,"English","USA","Unrated",2e+05,2004,0,7.2,1.78,30
"Color","Russell Mulcahy",14,88,85,40,"Gina Bellman",825,NA,"Action|Drama|Thriller","Christopher Heyerdahl","Silent Trigger ",2699,1432,"Conrad Dunn",0,"assassin|die hard scenario|rangefinder|soldier|veteran","http://www.imdb.com/title/tt0117653/?ref_=fn_tt_tt_1",29,"English","Canada","R",9e+06,1996,476,5.6,2.35,154
"Color","Ang Lee",267,138,0,258,"Regi Davis",820,132122995,"Action|Sci-Fi","Kevin Rankin","Hulk ",212106,1814,"Celia Weston",0,"1980s|c 130 hercules|monster|panzer|san francisco california","http://www.imdb.com/title/tt0286716/?ref_=fn_tt_tt_1",1445,"English","USA","PG-13",1.37e+08,2003,300,5.7,1.85,0
" Black and White","Frank Miller",339,102,436,6000,"Bruce Willis",23000,13750556,"Action|Crime|Thriller","Joseph Gordon-Levitt","Sin City: A Dame to Kill For ",111102,49433,"Eva Green",3,"box office flop|female frontal nudity|female rear nudity|jackpot|rescue","http://www.imdb.com/title/tt0458481/?ref_=fn_tt_tt_1",239,"English","USA","R",6.5e+07,2014,13000,6.5,1.85,32000
"Color","Ruba Nadda",36,93,55,5,"Bonnie Lee Bouman",223,4063,"Drama|Mystery|Romance|Thriller","Saad Siddiqui","Inescapable ",2086,242,"Fadia Nadda",3,"","http://www.imdb.com/title/tt1844203/?ref_=fn_tt_tt_1",20,"English","Canada","R",4e+06,2012,11,5.2,2.35,657
"Color","Brian Robbins",51,107,48,940,"Ellen Albertini Dow",1000,12372410,"Comedy|Sport","Oliver Platt","Ready to Rumble ",11709,4971,"Martin Landau",1,"gay subtext|homoerotic fight|homoeroticism|homosexual subtext|wcw wrestling","http://www.imdb.com/title/tt0217756/?ref_=fn_tt_tt_1",101,"English","USA","PG-13",2.4e+07,2000,957,5.3,1.85,650
"Color","Rupert Wyatt",175,111,81,81,"Cjon Saulsberry",3000,33631221,"Crime|Drama|Thriller","George Kennedy","The Gambler ",48559,3784,"Griffin Cleveland",1,"dog|gambler|gambling|gangster|professor","http://www.imdb.com/title/tt2039393/?ref_=fn_tt_tt_1",145,"English","USA","R",2.5e+07,2014,571,6,2.35,0
"Color","Ryan Smith",34,90,4,258,"Madison Lintz",523,NA,"Fantasy|Horror|Mystery|Thriller","Sandra Ellis Lafferty","After ",3699,1553,"Karolina Wydra",0,"coma|crash","http://www.imdb.com/title/tt1799508/?ref_=fn_tt_tt_1",27,"English","USA","PG-13",650000,2012,385,5.4,2.35,1000
"Color","Tony Gilroy",299,119,209,521,"Denis O'Hare",1000,49024969,"Crime|Drama|Mystery|Thriller","Tom Wilkinson","Michael Clayton ",133367,3284,"Sydney Pollack",0,"attorney|debt|fixer|law|law firm","http://www.imdb.com/title/tt0465538/?ref_=fn_tt_tt_1",363,"English","USA","R",2.5e+07,2007,896,7.3,2.35,0
"Color","Blair Erickson",78,87,0,302,"Katia Winter",696,NA,"Horror|Thriller","Monique Candelaria","Banshee Chapter ",6265,1618,"Michael McMillian",1,"experiment|lsd|missing friend|mk ultra|radio broadcast","http://www.imdb.com/title/tt2011276/?ref_=fn_tt_tt_1",56,"English","Germany","R",950000,2013,371,5.5,NA,2000
"Color","Nick Cassavetes",177,123,415,545,"Kevin Connolly",33000,64286,"Drama|Romance","Ryan Gosling","The Notebook ",396396,34495,"Gena Rowlands",0,"class differences|letter|nursing home|second chance|summer love","http://www.imdb.com/title/tt0332280/?ref_=fn_tt_tt_1",1111,"English","USA","PG-13",2.9e+07,2004,638,7.9,2.35,57000
"Color","Brian De Palma",147,142,0,638,"F. Murray Abraham",14000,44700000,"Crime|Drama","Al Pacino","Scarface ",537442,16464,"Mary Elizabeth Mastrantonio",0,"assassination attempt|capitalism|cocaine|cuban american|cuban refugee","http://www.imdb.com/title/tt0086250/?ref_=fn_tt_tt_1",851,"English","USA","R",2.5e+07,1983,670,8.3,2.35,19000
"Color","John Landis",125,148,644,326,"Aretha Franklin",1000,54200000,"Action|Comedy|Crime|Music","John Belushi","The Blues Brothers ",142448,2566,"Ray Charles",1,"band|catholic|money|parolee|prison","http://www.imdb.com/title/tt0080455/?ref_=fn_tt_tt_1",319,"English","USA","R",2.7e+07,1980,809,7.9,1.85,14000
"Color","James Manera",12,99,0,361,"Greg Germann",578,830210,"Drama|Mystery|Sci-Fi","Joaquim de Almeida","Atlas Shrugged: Who Is John Galt? ",1900,3382,"Kristoffer Polaha",0,"box office flop|critically bashed|economy|individual versus society|rescue","http://www.imdb.com/title/tt2800038/?ref_=fn_tt_tt_1",56,"English","USA","PG-13",5e+06,2014,435,4.4,NA,0
"Color","David Cross",20,96,0,396,"Matt Walsh",782,NA,"Comedy|Drama","Jason Ritter","Hits ",1359,2607,"Amy Sedaris",1,"courtroom|independent film|internet|small town|youtube","http://www.imdb.com/title/tt3145220/?ref_=fn_tt_tt_1",8,"English","USA","",1e+06,2014,490,5.8,1.78,903
"Color","Renny Harlin",109,116,212,462,"Estella Warren",13000,32616869,"Action|Drama|Sport","Sylvester Stallone","Driven ",34435,14780,"Cristián de la Fuente",0,"car race|german|race car|race car driver|rookie","http://www.imdb.com/title/tt0132245/?ref_=fn_tt_tt_1",346,"English","USA","PG-13",7.2e+07,2001,658,4.5,2.35,886
"Color","Éric Tessier",9,99,0,6,"Michel Côté",50,NA,"Action|Drama|Horror|Thriller","Patrick Huard","Sur le seuil ",1003,79,"Jean Pierre Bergeron",0,"canadian gothic|hospital|murder|paranormal|supernatural","http://www.imdb.com/title/tt0380732/?ref_=fn_tt_tt_1",5,"French","Canada","",3200000,2003,16,6.6,1.85,39
"Color","Terence Young",167,115,92,177,"Daniela Bianchi",559,24800000,"Action|Adventure|Thriller","Robert Shaw","From Russia with Love ",89403,1456,"Lois Maxwell",0,"assassin|british agent|british secret service|decoder|russian","http://www.imdb.com/title/tt0057076/?ref_=fn_tt_tt_1",358,"English","UK","Approved",2e+06,1963,201,7.5,1.37,0
"Color","Phil Alden Robinson",176,124,31,497,"Bruce McGill",11000,118471320,"Action|Drama|Thriller","Morgan Freeman","The Sum of All Fears ",86504,12556,"Philip Baker Hall",0,"analyst|cia|nuclear bomb|nuclear weapons|russia","http://www.imdb.com/title/tt0164184/?ref_=fn_tt_tt_1",568,"English","USA","PG-13",6.8e+07,2002,655,6.4,2.35,0
"Color","Jason Moore",223,112,36,746,"Hana Mae Lee",10000,64998368,"Comedy|Music|Romance","Anna Kendrick","Pitch Perfect ",213898,12676,"Ben Platt",4,"a cappella|competition|dj|female protagonist|lesbian","http://www.imdb.com/title/tt1981677/?ref_=fn_tt_tt_1",250,"English","USA","PG-13",1.7e+07,2012,751,7.2,1.85,36000
"Color","Carlos Carrera",85,118,12,67,"Ana Claudia Talancón",201,5709616,"Drama|Romance","Damián Alcázar","El crimen del padre Amaro ",11088,546,"Pedro Armendáriz Jr.",0,"church|love|mexico|politics|priest","http://www.imdb.com/title/tt0313196/?ref_=fn_tt_tt_1",110,"Spanish","Mexico","R",1800000,2002,163,6.8,1.85,544
"Color","George Miller",208,93,750,28,"Steve Bisley",728,NA,"Action|Adventure|Sci-Fi|Thriller","Hugh Keays-Byrne","Mad Max ",152232,928,"Joanne Samuel",0,"biker|motorcycle|motorcycle gang|post apocalypse|woman wearing only a man's shirt","http://www.imdb.com/title/tt0079501/?ref_=fn_tt_tt_1",303,"English","Australia","R",2e+05,1979,76,7,2.35,10000
"Color","Michael Winterbottom",78,101,187,127,"Ava Acres",554,NA,"Drama","Cara Delevingne","The Face of an Angel ",2863,1041,"Sara Stewart",2,"","http://www.imdb.com/title/tt2967008/?ref_=fn_tt_tt_1",25,"English","UK","Not Rated",NA,2014,213,4.7,2.35,488
"Color","Dan Perri",1,100,0,338,"David Proval",749,NA,"Comedy|Drama|Mystery|Romance|Thriller","Travis Myers","Sharkskin ",6,1814,"Carmen Argenziano",0,"","http://www.imdb.com/title/tt2317796/?ref_=fn_tt_tt_1",1,"English","USA","",2100000,2015,354,6.7,2.39,14
"Color","John Woo",196,119,610,716,"Joe Morton",834,53789313,"Action|Mystery|Sci-Fi|Thriller","Ivana Milicevic","Paycheck ",89816,3637,"Callum Rennie",0,"anti hero|babe scientist|engineer|memory|money","http://www.imdb.com/title/tt0338337/?ref_=fn_tt_tt_1",347,"English","USA","PG-13",6e+07,2003,780,6.3,2.35,0
"Color","Simon Wells",132,88,25,433,"Dan Fogler",921,21379315,"Action|Adventure|Animation|Comedy|Family|Sci-Fi","Elisabeth Harnois","Mars Needs Moms ",17590,2652,"Tom Everett Scott",0,"boy|martian|rescue|robot|sexism","http://www.imdb.com/title/tt1305591/?ref_=fn_tt_tt_1",112,"English","USA","PG",1.5e+08,2011,562,5.4,2.35,0
"Color","Gary Winick",159,105,56,22,"Marcia DeBonis",898,53021560,"Comedy|Drama|Romance","Vanessa Redgrave","Letters to Juliet ",74630,1026,"Luisa Ranieri",1,"chick flick|female protagonist|italian stereotype|man in a swimsuit|verona italy","http://www.imdb.com/title/tt0892318/?ref_=fn_tt_tt_1",156,"English","USA","PG",3e+07,2010,60,6.5,2.35,13000
"Color","Brian De Palma",154,110,0,898,"Kristin Scott Thomas",10000,180965237,"Action|Adventure|Thriller","Tom Cruise","Mission: Impossible ",300542,12760,"Vanessa Redgrave",0,"disguise|mission|spy|stealing|traitor","http://www.imdb.com/title/tt0117060/?ref_=fn_tt_tt_1",378,"English","USA","PG-13",8e+07,1996,1000,7.1,2.35,0
"Color","Andrew Haigh",143,97,131,67,"Chris New",507,469947,"Drama|Romance","Tom Cullen","Weekend ",19846,654,"Vauxhall Jermaine",0,"coming out|fellatio|male in bathtub|male nudity|nudity","http://www.imdb.com/title/tt1714210/?ref_=fn_tt_tt_1",68,"English","UK","Not Rated",120000,2011,75,7.7,1.85,0
"Color","Frank Marshall",74,103,155,125,"Peter Jason",687,53133888,"Comedy|Fantasy|Horror|Thriller","Julian Sands","Arachnophobia ",50389,1440,"Brian McNamara",0,"arachnophobia|death|doctor|small town|spider","http://www.imdb.com/title/tt0099052/?ref_=fn_tt_tt_1",136,"English","USA","PG-13",3.1e+07,1990,151,6.3,1.85,0
"Color","Anthony Hemingway",144,125,143,519,"Nate Parker",1000,49875589,"Action|Adventure|Drama|History|War","David Oyelowo","Red Tails ",28807,4416,"Tristan Mack Wilds",0,"african american|battle|italy|tuskegee airmen|world war two","http://www.imdb.com/title/tt0485985/?ref_=fn_tt_tt_1",273,"English","USA","PG-13",5.8e+07,2012,664,5.9,2.35,0
"Color","Danny Boyle",224,113,0,27,"Megan Burns",133,45063889,"Drama|Horror|Sci-Fi|Thriller","Noah Huntley","28 Days Later... ",297250,241,"David Schneider",0,"laboratory|london england|military|virus|zombie apocalypse","http://www.imdb.com/title/tt0289043/?ref_=fn_tt_tt_1",1441,"English","UK","R",8e+06,2002,32,7.6,1.85,11000
"Color","James Cameron",82,171,0,638,"Todd Graff",2000,54222000,"Adventure|Drama|Sci-Fi|Thriller","Michael Biehn","The Abyss ",131217,4074,"Mary Elizabeth Mastrantonio",0,"alien|estranged couple|ocean|submarine|underwater","http://www.imdb.com/title/tt0096754/?ref_=fn_tt_tt_1",380,"English","USA","PG-13",69500000,1989,650,7.6,2.35,0
"Color","James Bobin",277,119,33,518,"Tina Fey",3000,51178893,"Adventure|Comedy|Crime|Family|Musical","Ty Burrell","Muppets Most Wanted ",24285,6089,"Hugh Bonneville",4,"europe|frog|gulag|prison break|puppet","http://www.imdb.com/title/tt2281587/?ref_=fn_tt_tt_1",110,"English","USA","PG",5e+07,2014,2000,6.4,1.85,10000
"Color","James Gray",230,120,115,310,"Dagmara Dominczyk",10000,1984743,"Drama|Romance","Jeremy Renner","The Immigrant ",20616,11019,"Angela Sarafyan",3,"immigrant|immigration|magician|money|prostitution","http://www.imdb.com/title/tt1951181/?ref_=fn_tt_tt_1",70,"English","USA","R",1.6e+07,2013,316,6.6,2.35,0
"Color","Robert M. Young",NA,105,0,467,"Bruce McGill",883,NA,"Western","Barry Corbin","The Ballad of Gregorio Cortez ",39,3164,"Ned Beatty",0,"","http://www.imdb.com/title/tt3551840/?ref_=fn_tt_tt_1",2,"English","USA","",1250000,1982,655,7.1,NA,32
"Color","Rob Minkoff",71,77,50,537,"Brad Garrett",886,64736114,"Adventure|Animation|Comedy|Family|Fantasy","Nathan Lane","Stuart Little 2 ",36471,2682,"Melanie Griffith",0,"anthropomorphic mouse|falcon|marshmallow|second part|soccer","http://www.imdb.com/title/tt0243585/?ref_=fn_tt_tt_1",69,"English","USA","PG",1.2e+08,2002,799,5.4,1.85,459
"Color","Les Mayfield",40,93,10,405,"Dave Chappelle",789,68208190,"Action|Comedy|Crime|Thriller","Peter Greene","Blue Streak ",60572,2986,"Tamala Jones",1,"detective|diamond|jewel|police|thief","http://www.imdb.com/title/tt0181316/?ref_=fn_tt_tt_1",144,"English","USA","PG-13",6.5e+07,1999,744,6.3,1.85,0
"Color","Martin Scorsese",59,136,17000,213,"Liza Minnelli",22000,NA,"Drama|Music|Musical|Romance","Robert De Niro","New York, New York ",13548,23378,"Mary Kay Place",0,"love|musician|saxophonist|singer|songwriter","http://www.imdb.com/title/tt0076451/?ref_=fn_tt_tt_1",75,"English","USA","PG",1.4e+07,1977,740,6.7,1.66,932
"Color","Jeff Burr",57,92,155,147,"Clu Gulager",448,1400000,"Action|Drama|Horror|Thriller","Terry Kiser","From a Whisper to a Scream ",1324,1329,"Susan Tyrrell",0,"bathtub|cult film|neck breaking|tennessee|wraparound story","http://www.imdb.com/title/tt0091671/?ref_=fn_tt_tt_1",37,"English","USA","R",1100000,1987,426,5.9,1.85,241
"Color","Kenny Ortega",136,111,197,6,"Mekia Cox",433,71844424,"Documentary|Music","Misha Gabriel Hamilton","This Is It ",33158,679,"Judith Hill",0,"2000s|box office hit|comeback|rehearsal|year 2009","http://www.imdb.com/title/tt1477715/?ref_=fn_tt_tt_1",223,"English","USA","PG",6e+07,2009,208,7.3,1.78,0
"Color","Jake Kasdan",286,97,52,384,"John Michael Higgins",3000,100292856,"Comedy","Justin Timberlake","Bad Teacher ",160418,5547,"Phyllis Smith",0,"boob job|breast enlargement|breast surgery|cheating on a test|ejaculation","http://www.imdb.com/title/tt1284575/?ref_=fn_tt_tt_1",296,"English","USA","R",2e+07,2011,957,5.7,1.85,16000
"Color","Adam Shankman",144,99,163,495,"Carmen Electra",11000,109993847,"Comedy|Family|Fantasy|Romance","Adam Sandler","Bedtime Stories ",72326,12831,"Kathryn Joosten",0,"2000s|bedtime story|elephant|handyman|tween girl","http://www.imdb.com/title/tt0960731/?ref_=fn_tt_tt_1",116,"English","USA","PG",8e+07,2008,869,6.1,2.35,0
"Color","Brian De Palma",123,119,0,188,"Billy Drago",22000,76270454,"Crime|Drama|Thriller","Robert De Niro","The Untouchables ",219008,22767,"Charles Martin Smith",1,"corrupt judge|tax evasion|tough cop|white suit|year 1930","http://www.imdb.com/title/tt0094226/?ref_=fn_tt_tt_1",418,"English","USA","R",2.5e+07,1987,371,7.9,2.35,0
"","Jonathan Meyers",1,111,0,426,"Luke Perry",657,NA,"Drama","Justin Baldoni","A Fine Step ",207,2677,"Leonor Varela",0,"","http://www.imdb.com/title/tt1604100/?ref_=fn_tt_tt_1",1,"","USA","PG",1e+06,2014,608,5.3,NA,212
"Color","Genndy Tartakovsky",152,89,266,859,"Adam Sandler",12000,169692572,"Animation|Comedy|Family|Fantasy","Steve Buscemi","Hotel Transylvania 2 ",56501,26839,"Fran Drescher",0,"california|dracula|hotel|transylvania|vampire","http://www.imdb.com/title/tt2510894/?ref_=fn_tt_tt_1",97,"English","USA","PG",8e+07,2015,11000,6.7,1.85,16000
"Color","Etan Cohen",173,107,164,723,"Alison Brie",8000,90353764,"Comedy|Crime","Will Ferrell","Get Hard ",85629,12556,"Craig T. Nelson",2,"camera focus on female butt|gay bar|millionaire|singing in a car|two word title","http://www.imdb.com/title/tt2561572/?ref_=fn_tt_tt_1",144,"English","USA","R",4e+07,2015,2000,6,1.85,14000
"Color","Danny Leiner",150,88,8,587,"Fred Willard",982,18225165,"Adventure|Comedy","Ethan Embry","Harold & Kumar Go to White Castle ",155262,3114,"Paula Garcés",2,"marijuana|police|road trip|stoner|white castle","http://www.imdb.com/title/tt0366551/?ref_=fn_tt_tt_1",316,"English","USA","R",9e+06,2004,729,7.1,1.85,0
"Color","Rob Minkoff",206,104,50,947,"Thomas McDonell",5000,25040293,"Action|Adventure|Fantasy","Jet Li","The Forbidden Kingdom ",88049,7247,"Michael Angarano",0,"monkey king|staff|teenager|urination|warrior","http://www.imdb.com/title/tt0865556/?ref_=fn_tt_tt_1",279,"English","USA","PG-13",5.5e+07,2008,962,6.6,2.35,0
"Color","Floria Sigismondi",259,106,50,741,"Scout Taylor-Compton",17000,3571735,"Biography|Drama|Music","Kristen Stewart","The Runaways ",39260,21711,"Johnny Lewis",2,"band|box office flop|critically bashed|historically inaccurate|revisionist history","http://www.imdb.com/title/tt1017451/?ref_=fn_tt_tt_1",129,"English","USA","R",1e+07,2010,908,6.6,2.35,0
"Color","Neil LaBute",80,97,119,7,"Matt Malloy",136,2856622,"Comedy|Drama","Stacy Edwards","In the Company of Men ",11550,254,"Jason Dixie",0,"business trip|love|misogynist|office|secretary","http://www.imdb.com/title/tt0119361/?ref_=fn_tt_tt_1",197,"English","Canada","R",25000,1997,108,7.3,1.85,489
"Color","Brian De Palma",117,98,0,697,"Mike Starr",12000,55585389,"Crime|Mystery|Thriller","Nicolas Cage","Snake Eyes ",64121,15269,"John Heard",1,"assassination|boxing|casino|conspiracy|long take","http://www.imdb.com/title/tt0120832/?ref_=fn_tt_tt_1",241,"English","USA","R",6.9e+07,1998,854,5.9,2.35,880
"Color","Luc Besson",111,158,0,15,"David Bailie",51,14131298,"Adventure|Biography|Drama|History|War","Paul Brooke","The Messenger: The Story of Joan of Arc ",55889,144,"Rab Affleck",0,"cathedral|dauphin|france|trial|wartime rape","http://www.imdb.com/title/tt0151137/?ref_=fn_tt_tt_1",390,"English","France","R",3.9e+08,1999,40,6.4,2.35,0
"Color","Richard Fleischer",59,89,130,183,"Brigitte Nielsen",444,NA,"Action|Adventure|Fantasy","Ernie Reyes Jr.","Red Sonja ",30215,1243,"Sandahl Bergman",1,"cult film|psychotronic|sword and sorcery|talisman|warrior","http://www.imdb.com/title/tt0089893/?ref_=fn_tt_tt_1",95,"English","Netherlands","PG-13",17900000,1985,312,5,2.35,0
"Color","Mike Mitchell",91,87,31,733,"Jesse McCartney",1000,133103929,"Adventure|Animation|Comedy|Family|Fantasy|Music","Amy Poehler","Alvin and the Chipmunks: Chipwrecked ",22838,4073,"Lauren Gottlieb",0,"chipmunk|cruise ship|football ball|overboard|tennis ball","http://www.imdb.com/title/tt1615918/?ref_=fn_tt_tt_1",56,"English","USA","G",7.5e+07,2011,1000,4.4,1.85,0
"Color","Nick Hurran",73,105,34,642,"Kevin Sussman",1000,20422207,"Comedy|Drama|Romance","Holly Hunter","Little Black Book ",15052,4369,"Dave Annable",1,"electronic devices|gynecologist|little black book|plan|set up","http://www.imdb.com/title/tt0361841/?ref_=fn_tt_tt_1",116,"English","USA","PG-13",3.5e+07,2004,681,5.2,2.35,484
"Color","Andrew Niccol",175,106,487,263,"Xander Berkeley",685,12339633,"Drama|Sci-Fi|Thriller","Blair Underwood","Gattaca ",220591,1942,"Mason Gamble",2,"accident|future|genetics|mission|police","http://www.imdb.com/title/tt0119177/?ref_=fn_tt_tt_1",641,"English","USA","PG-13",3.6e+07,1997,485,7.8,2.35,17000
"Color","Ernest R. Dickerson",66,92,226,580,"Jada Pinkett Smith",1000,21088568,"Action|Fantasy|Horror|Thriller","CCH Pounder","Tales from the Crypt: Demon Knight ",16646,3931,"Gary Farmer",1,"blood|blood of christ|demon|key|loud sex","http://www.imdb.com/title/tt0114608/?ref_=fn_tt_tt_1",104,"English","USA","R",1.3e+07,1995,851,6.7,1.85,0
"Color","Tim Burton",230,119,13000,567,"Estella Warren",1000,180011740,"Action|Adventure|Sci-Fi|Thriller","Cary-Hiroyuki Tagawa","Planet of the Apes ",177729,2776,"Erick Avari",0,"astronaut|cage|planet|wilhelm scream|year 2029","http://www.imdb.com/title/tt0133152/?ref_=fn_tt_tt_1",1368,"English","USA","PG-13",1e+08,2001,658,5.7,2.35,0
"Color","Kevin Costner",79,177,0,582,"Brian Anthony Wilson",766,17593391,"Action|Adventure|Drama|Sci-Fi","Olivia Williams","The Postman ",56403,4346,"Larenz Tate",1,"drifter|escape|hope|postman|usa","http://www.imdb.com/title/tt0119925/?ref_=fn_tt_tt_1",376,"English","USA","R",8e+07,1997,674,6,2.35,0
"Color","Karim Aïnouz",70,106,19,9,"Clemens Schick",585,20262,"Drama","Wagner Moura","Futuro Beach ",1738,629,"Jesuíta Barbosa",2,"gay|male frontal nudity|male nudity|male rear nudity|nudity","http://www.imdb.com/title/tt2199543/?ref_=fn_tt_tt_1",10,"Portuguese","Brazil","Unrated",4e+06,2014,29,6.1,2.35,278
"Color","Spike Lee",202,108,0,346,"Rosario Dawson",22000,13060843,"Drama","Philip Seymour Hoffman","25th Hour ",149528,26050,"Aaron Stanford",0,"bar|dream|drug dealing|nightclub|widower","http://www.imdb.com/title/tt0307901/?ref_=fn_tt_tt_1",454,"English","USA","R",1.5e+07,2002,3000,7.7,2.35,0
"Color","Steve Miner",152,82,49,429,"Bridget Fonda",1000,31768374,"Action|Comedy|Horror","Oliver Platt","Lake Placid ",42761,3313,"Ty Olsson",0,"crocodile|eaten alive|lake|maine|sheriff","http://www.imdb.com/title/tt0139414/?ref_=fn_tt_tt_1",366,"English","USA","R",2.7e+07,1999,888,5.6,2.35,2000
"Color","John Singleton",150,107,309,771,"Cole Hauser",23000,127083765,"Action|Crime|Thriller","Paul Walker","2 Fast 2 Furious ",191912,25296,"Mo Gallini",5,"bust|racing|shotgun|street racing|undercover agent","http://www.imdb.com/title/tt0322259/?ref_=fn_tt_tt_1",370,"English","USA","PG-13",7.6e+07,2003,787,5.9,2.35,0
"Color","Zack Snyder",188,101,0,577,"Richard Roxburgh",2000,55673333,"Action|Adventure|Animation|Family|Fantasy","Abbie Cornish","Legend of the Guardians: The Owls of Ga'Hoole ",65785,4286,"Anthony LaPaglia",1,"barn owl|escape|owl|ruler|soldier","http://www.imdb.com/title/tt1219342/?ref_=fn_tt_tt_1",160,"English","USA","PG",8e+07,2010,653,7,2.35,16000
" Black and White","Gary Ross",175,140,378,599,"Michael Angarano",12000,120147445,"Drama|History|Sport","Jeff Bridges","Seabiscuit ",57661,13808,"Michael O'Neill",0,"horse|horse racing|jockey|limp|seabiscuit","http://www.imdb.com/title/tt0329575/?ref_=fn_tt_tt_1",455,"English","USA","PG-13",8.7e+07,2003,947,7.3,2.35,0
"Color","Marcos Siega",31,95,32,324,"Nick Cannon",843,5654777,"Action|Comedy|Crime|Drama|Thriller","Cheech Marin","Underclassman ",4875,2165,"Kaylee DeFer",3,"police|private school|shootout|undercover|wigger","http://www.imdb.com/title/tt0373416/?ref_=fn_tt_tt_1",26,"English","USA","PG-13",2.5e+07,2005,593,4.1,2.35,206
"Color","Jay Chandrasekhar",91,110,422,422,"Owain Yeoman",33000,19179969,"Comedy","Chris Moss","Beerfest ",54710,35345,"Jay Chandrasekhar",2,"beer|competition|germany|oktoberfest|prostitute","http://www.imdb.com/title/tt0486551/?ref_=fn_tt_tt_1",177,"English","USA","R",17500000,2006,459,6.3,2.35,0
"Color","Barry Cook",113,87,43,210,"Tiya Sircar",882,36073232,"Adventure|Animation|Family","Charlie Rowe","Walking with Dinosaurs 3D ",8913,1971,"Madison Rothschild",0,"brother|dinosaur|head butt|hero|orphan","http://www.imdb.com/title/tt1762399/?ref_=fn_tt_tt_1",66,"English","USA","PG",8e+07,2013,396,5.2,2.35,0
"Color","Michael Jai White",23,90,2000,454,"Alex Meraz",2000,NA,"Action|Drama|Sport","Michael Jai White","Never Back Down 2: The Beatdown ",13599,3666,"Jillian Murray",3,"bad cop|college|second part|sequel|wrestler","http://www.imdb.com/title/tt1754264/?ref_=fn_tt_tt_1",30,"English","USA","R",3e+06,2011,606,5.8,1.85,6000
"Color","Jonathan Glazer",167,100,143,430,"Anne Heche",829,5005883,"Drama|Mystery|Romance|Thriller","Cameron Bright","Birth ",29649,2295,"Danny Huston",1,"birthday|boy|dead husband|death|widow","http://www.imdb.com/title/tt0337876/?ref_=fn_tt_tt_1",361,"English","USA","R",2e+07,2004,681,6.1,1.85,0
"Color","Dean Israelite",177,106,16,265,"Jonny Weston",452,22331028,"Sci-Fi|Thriller","Gary Weeks","Project Almanac ",57349,1819,"Sofia Black-D'Elia",0,"found footage|teenager|time machine|time travel|video footage","http://www.imdb.com/title/tt2436386/?ref_=fn_tt_tt_1",177,"English","USA","PG-13",1.2e+07,2015,328,6.4,2.35,0
"Color","John Luessenhop",119,107,34,1000,"Hayden Christensen",23000,57744720,"Action|Crime|Thriller","Paul Walker","Takers ",46961,31529,"Jay Hernandez",5,"armored car|bank|falling out among thieves|heist|planning","http://www.imdb.com/title/tt1135084/?ref_=fn_tt_tt_1",132,"English","USA","PG-13",2e+07,2010,4000,6.2,2.35,0
"Color","David Duchovny",46,96,0,902,"Mark Margolis",49000,371081,"Comedy|Drama","Robin Williams","House of D ",7479,51441,"Frank Langella",2,"artist|butchery|catholic|catholic school|friend","http://www.imdb.com/title/tt0372334/?ref_=fn_tt_tt_1",86,"English","USA","PG-13",6e+06,2004,1000,7,1.85,857
"Color","Rob Cohen",264,112,357,595,"Brendan Fraser",5000,102176165,"Action|Adventure|Fantasy|Horror|Thriller","Jet Li","The Mummy: Tomb of the Dragon Emperor ",117927,9131,"Russell Wong",2,"army|china|emperor|mummy|shangri la","http://www.imdb.com/title/tt0859163/?ref_=fn_tt_tt_1",501,"English","USA","PG-13",1.45e+08,2008,3000,5.2,2.35,0
"Color","Tommy Lee Jones",208,122,0,567,"Tim Blake Nelson",883,2428883,"Drama|Western","Barry Corbin","The Homesman ",21370,2896,"Miranda Otto",1,"abusive marriage|pastor|prison wagon|roast pig|suicide by hanging","http://www.imdb.com/title/tt2398231/?ref_=fn_tt_tt_1",132,"English","USA","R",1.6e+07,2014,596,6.6,2.35,0
"Color","Liliana Cavani",56,110,59,24,"Dougray Scott",1000,NA,"Crime|Drama|Mystery|Thriller","Ray Winstone","Ripley's Game ",14618,1831,"Chiara Caselli",0,"art forgery|concert|dying|picture framer|villa","http://www.imdb.com/title/tt0265651/?ref_=fn_tt_tt_1",108,"English","Italy","R",3e+07,2002,794,6.7,1.85,447
"Color","Benedek Fliegauf",88,111,28,1000,"Matt Smith",6000,NA,"Drama|Romance|Sci-Fi","Eva Green","Womb ",9957,9244,"Hannah Murray",1,"clone|love|male nudity|medical ethics|virginity","http://www.imdb.com/title/tt1216520/?ref_=fn_tt_tt_1",35,"English","Germany","Unrated",3660000,2010,2000,6.4,2.35,0
"Color","Don Coscarelli",44,90,152,826,"John Amos",21000,NA,"Action|Adventure|Fantasy","Vanna Bonta","The Beastmaster ",15345,23714,"Rip Torn",0,"breasts|critically acclaimed|female frontal nudity|psychotronic film|sword and sorcery","http://www.imdb.com/title/tt0083630/?ref_=fn_tt_tt_1",87,"English","USA","PG",8e+06,1982,982,6.2,1.85,0
"Color","Robert Wise",119,174,338,195,"Angela Cartwright",354,163214286,"Biography|Drama|Family|Musical|Romance","Eleanor Parker","The Sound of Music ",148172,1495,"Nicholas Hammond",3,"austria|children|governess|love|orchestral music score","http://www.imdb.com/title/tt0059742/?ref_=fn_tt_tt_1",406,"English","USA","G",8200000,1965,209,8,2.35,15000
"Color","Guy Ritchie",151,104,0,1000,"Brad Pitt",26000,30093107,"Comedy|Crime","Jason Statham","Snatch ",600996,39175,"Jason Flemyng",6,"boxer|boxing|diamond|fight|gypsy","http://www.imdb.com/title/tt0208092/?ref_=fn_tt_tt_1",726,"English","UK","R",6e+06,2000,11000,8.3,1.85,27000
"Color","Jon Turteltaub",53,123,226,796,"Kyra Sedgwick",3000,104632573,"Drama|Fantasy|Romance|Sci-Fi","Robert Duvall","Phenomenon ",63839,5975,"David Gallagher",1,"brain tumor|genius|psionic power|telekinesis|terminal illness","http://www.imdb.com/title/tt0117333/?ref_=fn_tt_tt_1",118,"English","USA","PG",3.2e+07,1996,941,6.4,2.35,0
"Color","Steven Spielberg",252,145,14000,533,"Frank Grillo",10000,132014112,"Action|Mystery|Sci-Fi|Thriller","Tom Cruise","Minority Report ",399651,12546,"Jessica Capshaw",0,"future|murder|neo noir|washington d.c.|year 2054","http://www.imdb.com/title/tt0181689/?ref_=fn_tt_tt_1",1331,"English","USA","PG-13",1.02e+08,2002,798,7.7,2.35,0
"Color","Lance Rivera",21,97,3,578,"Vincent Pastore",1000,11540112,"Comedy","Farrah Fawcett","The Cookout ",2385,3835,"Jenifer Lewis",1,"flatulence|interracial marriage|marriage","http://www.imdb.com/title/tt0380277/?ref_=fn_tt_tt_1",20,"English","USA","PG-13",NA,2004,584,3.6,1.85,177
"Color","Brian Percival",252,131,33,326,"Sophie Nélisse",876,21483154,"Drama|War","Emily Watson","The Book Thief ",98741,1985,"Roger Allam",1,"basement|book|girl|library|track","http://www.imdb.com/title/tt0816442/?ref_=fn_tt_tt_1",236,"English","USA","PG-13",1.9e+07,2013,526,7.6,2.35,53000
"Color","Michael Landon Jr.",5,87,84,331,"Kevin Gage",702,252726,"Drama|Family|Western","William Morgan Sheppard","Love's Abiding Joy ",1289,2715,"Brianna Brown",0,"19th century|faith|mayor|ranch|sheriff","http://www.imdb.com/title/tt0785025/?ref_=fn_tt_tt_1",18,"","USA","PG",3e+06,2006,366,7.2,NA,76
"Color","Ethan Coen",423,106,1000,1000,"Channing Tatum",19000,29997095,"Comedy|Mystery","Scarlett Johansson","Hail, Caesar! ",60926,38494,"Alden Ehrenreich",5,"50s|film within a film|hollywood|illegitimate pregnancy|twins","http://www.imdb.com/title/tt0475290/?ref_=fn_tt_tt_1",302,"English","UK","PG-13",2.2e+07,2016,17000,6.4,1.85,23000
"Color","Dexter Fletcher",216,106,452,141,"Taron Egerton",20000,15785632,"Biography|Comedy|Drama|Sport","Hugh Jackman","Eddie the Eagle ",32507,21195,"Tim McInnerny",3,"1988 winter olympics|coach|ski jumper|winter|winter olympics","http://www.imdb.com/title/tt1083452/?ref_=fn_tt_tt_1",119,"English","UK","PG-13",2.3e+07,2016,732,7.5,2.35,15000
"Color","George Clooney",421,101,0,1000,"Philip Seymour Hoffman",33000,40962534,"Drama","Ryan Gosling","The Ides of March ",188652,57077,"Jennifer Ehle",1,"governor|intern|manager|ohio|politics","http://www.imdb.com/title/tt1124035/?ref_=fn_tt_tt_1",288,"English","USA","R",12500000,2011,22000,7.1,2.35,22000
"Color","David Gordon Green",146,87,234,370,"J.B. Smoove",904,30538669,"Comedy","Ari Graynor","The Sitter ",60202,3850,"Kylie Bunbury",3,"babysitting|car crash|child in peril|kicked in the face|reference to craigslist","http://www.imdb.com/title/tt1366344/?ref_=fn_tt_tt_1",114,"English","USA","R",NA,2011,555,5.7,1.85,0
"Color","Steven Zaillian",110,115,234,521,"Kathleen Quinlan",3000,56702901,"Drama","Robert Duvall","A Civil Action ",23302,4713,"Sydney Pollack",1,"1980s|law firm|lawsuit|lawyer|toxic waste","http://www.imdb.com/title/tt0120633/?ref_=fn_tt_tt_1",181,"English","USA","PG-13",6e+07,1998,552,6.5,2.35,1000
"Color","Jamie Babbit",65,91,91,659,"David Gallagher",982,381186,"Drama|Thriller","Katy Mixon","The Quiet ",13485,3299,"Edie Falco",0,"deaf|death|dysfunctional family|godparent|secret","http://www.imdb.com/title/tt0414951/?ref_=fn_tt_tt_1",90,"English","USA","R",9e+05,2005,796,6.4,2.35,698
"Color","Tim Johnson",165,94,12,183,"Matt Jones",17000,177343675,"Adventure|Animation|Comedy|Family|Fantasy|Sci-Fi","Jim Parsons","Home ",70133,17883,"April Winchell",0,"alien friendship|alien invasion|australia|flying car|mother daughter relationship","http://www.imdb.com/title/tt2224026/?ref_=fn_tt_tt_1",214,"English","USA","PG",1.35e+08,2015,523,6.7,1.85,26000
"Color","Kenneth Branagh",85,150,0,401,"Brian Blessed",597,4414535,"Drama","Julie Christie","Hamlet ",30618,1645,"Richard Briers",0,"classic literature|denmark|funeral|madness|prince","http://www.imdb.com/title/tt0116477/?ref_=fn_tt_tt_1",224,"English","UK","PG-13",1.8e+07,1996,591,7.8,2.2,0
"Color","Chris Stokes",58,95,548,360,"Marques Houston",389,40066497,"Drama|Music","Jennifer Freeman","You Got Served ",23671,1792,"Steve Harvey",0,"competition|dance contest|friend|money|street dancing","http://www.imdb.com/title/tt0365957/?ref_=fn_tt_tt_1",247,"English","USA","PG-13",8e+06,2004,363,3.5,1.85,0
"Color","Todd Lincoln",145,83,57,62,"Rick Gomez",465,4930798,"Horror|Thriller","Julianna Guill","The Apparition ",16268,730,"Tim Williams",1,"e mail|evil spirit|experiment|fear|supernatural","http://www.imdb.com/title/tt1433822/?ref_=fn_tt_tt_1",108,"English","USA","PG-13",1.7e+07,2012,152,4.1,2.35,0
"Color","David Zucker",45,83,119,633,"Geoffrey Arend",885,7001720,"Comedy|Fantasy","Chriss Anglin","An American Carol ",8560,2907,"Gary Coleman",2,"arab stereotype|box office flop|documentary filmmaker|filmmaker|terrorist","http://www.imdb.com/title/tt1190617/?ref_=fn_tt_tt_1",205,"English","USA","PG-13",1.2e+07,2008,816,4.3,2.35,797
"Color","Bob Dolman",92,98,7,73,"Eva Amurri Martino",931,30306281,"Comedy|Drama","Erika Christensen","The Banger Sisters ",12388,1917,"Sal Lopez",2,"bartender|groupie|lawyer|road trip|writer","http://www.imdb.com/title/tt0280460/?ref_=fn_tt_tt_1",147,"English","USA","R",1e+07,2002,797,5.6,2.35,744
"Color","Rich Christiano",16,95,14,221,"D. David Morin",284,15278,"Drama|Fantasy|Sci-Fi","Gavin MacLeod","Time Changer ",1742,1185,"Hal Linden",1,"bible|christian propaganda|christianity|time machine|zealot","http://www.imdb.com/title/tt0295725/?ref_=fn_tt_tt_1",158,"English","USA","PG",825000,2002,234,5.6,1.85,409
"Color","Brett Ratner",121,125,420,627,"Don Cheadle",12000,75764085,"Comedy|Drama|Fantasy|Romance","Nicolas Cage","The Family Man ",85844,16646,"Amber Valletta",1,"bowling|christmas|parallel universe|salesman|unfaithfulness","http://www.imdb.com/title/tt0218967/?ref_=fn_tt_tt_1",322,"English","USA","PG-13",6e+07,2000,3000,6.7,2.35,0
"Color","James Algar",116,70,11,8,"Donnie Dunagan",16,102797150,"Animation|Drama|Family","Sam Edwards","Bambi ",94225,63,"Ann Gillis",0,"animal|bambi|deer|forest|hunter","http://www.imdb.com/title/tt0034492/?ref_=fn_tt_tt_1",136,"English","USA","Approved",NA,1942,12,7.4,1.33,0
"Color","Ron Howard",201,144,2000,537,"Bruce McGill",680,61644321,"Biography|Drama|Sport","Paddy Considine","Cinderella Man ",148238,2523,"Rosemarie DeWitt",0,"boxer|boxing|dream|great depression|love","http://www.imdb.com/title/tt0352248/?ref_=fn_tt_tt_1",529,"English","USA","PG-13",8.8e+07,2005,655,8,2.35,0
"Color","Rowdy Herrington",35,128,9,193,"Jeremy Northam",767,2694071,"Biography|Drama|Romance|Sport","Aidan Quinn","Bobby Jones: Stroke of Genius ",3222,1727,"Paul Freeman",3,"colon in title|competition|five word title|golf|temper","http://www.imdb.com/title/tt0375104/?ref_=fn_tt_tt_1",64,"English","USA","PG",NA,2004,327,6.7,2.35,352
"Color","Michael Tollin",74,109,19,568,"Riley Smith",1000,52277485,"Biography|Drama|Sport","Alfre Woodard","Radio ",32370,4231,"Debra Winger",1,"coach|football|football coach|high school|radio","http://www.imdb.com/title/tt0316465/?ref_=fn_tt_tt_1",196,"English","USA","PG",3.5e+07,2003,762,6.9,1.85,0
"Color","Larry Charles",343,82,119,6,"Ken Davitian",332,128505958,"Comedy","Luenell","Borat: Cultural Learnings of America for Make Benefit Glorious Nation of Kazakhstan ",297014,505,"Chester",1,"california|city|kazakhstan|travel|tv reporter","http://www.imdb.com/title/tt0443453/?ref_=fn_tt_tt_1",1198,"English","USA","R",1.8e+07,2006,165,7.3,1.85,0
"Color","Kenneth Branagh",41,111,0,591,"Denzel Washington",18000,22551000,"Comedy|Drama|Romance","Keanu Reeves","Much Ado About Nothing ",37269,37645,"Brian Blessed",0,"16th century|bachelor|dishonor|masquerade party|wedding","http://www.imdb.com/title/tt0107616/?ref_=fn_tt_tt_1",165,"English","UK","PG-13",8e+06,1993,18000,7.4,1.85,0
"Color","Catherine Jelski",13,87,0,258,"Eion Bailey",1000,58163,"Drama","Leslie Bibb","The Young Unknowns ",122,2359,"Arly Jover",0,"based on play|independent film","http://www.imdb.com/title/tt0186719/?ref_=fn_tt_tt_1",3,"English","USA","R",NA,2000,749,4.2,NA,4
"Color","Stefan Ruzowitzky",62,103,24,10,"Rüdiger Vogler",127,5725,"Horror|Thriller","Benno Fürmann","Anatomy ",10220,163,"Sebastian Blomberg",0,"dissection|male pubic hair|medical school|medical student|train","http://www.imdb.com/title/tt0187696/?ref_=fn_tt_tt_1",110,"German","Germany","R",8400000,2000,10,6.1,2.35,560
"Color","Brett Ratner",29,97,420,585,"Paul Sorvino",695,41067398,"Action|Comedy|Crime|Thriller","Heather Locklear","Money Talks ",22748,2530,"Faizon Love",2,"blood splatter|fistfight|murder|police|prison bus","http://www.imdb.com/title/tt0119695/?ref_=fn_tt_tt_1",41,"English","USA","R",2.5e+07,1997,635,6.1,2.35,666
"Color","Kelly Reichardt",88,76,129,26,"Lucy",52,255352,"Drama","Daniel London","Old Joy ",4423,132,"Will Oldham",2,"cell phone|male frontal nudity|oregon|sexual ambiguity|title directed by female","http://www.imdb.com/title/tt0468526/?ref_=fn_tt_tt_1",57,"English","USA","Unrated",3e+05,2006,44,6.7,1.66,594
"Color","Gary Fleder",113,113,39,477,"Jennifer Esposito",1000,54997476,"Crime|Drama|Mystery|Thriller","Oliver Platt","Don't Say a Word ",40362,3341,"Conrad Goode",0,"mental institution|post traumatic stress|psychiatrist|vomiting|voyeur","http://www.imdb.com/title/tt0260866/?ref_=fn_tt_tt_1",248,"English","USA","R",5e+07,2001,912,6.3,2.35,970
"Color","Nicholas Hytner",65,111,13,106,"Tim Daly",818,29106737,"Comedy|Drama|Romance","Liam Aiken","The Object of My Affection ",15582,1450,"Kali Rocha",0,"baby|dancing|gay|name calling|penis slur","http://www.imdb.com/title/tt0120772/?ref_=fn_tt_tt_1",132,"English","USA","R",1.5e+07,1998,511,6,1.85,849
"Color","Analeine Cal y Mayor",10,92,4,140,"Douglas Smith",943,NA,"Comedy|Drama","Zoë Kravitz","Treading Water ",421,1795,"Kim Ly",1,"","http://www.imdb.com/title/tt2091427/?ref_=fn_tt_tt_1",3,"English","Mexico","",4700000,2013,480,6.2,NA,199
"Color","Niels Arden Oplev",NA,88,76,75,"David Dencik",690,NA,"Action|Crime|Mystery|Thriller","Michael Nyqvist","Del 1 - Män som hatar kvinnor             ",335,998,"Lena Endre",0,"","http://www.imdb.com/title/tt1639008/?ref_=fn_tt_tt_1",NA,"Swedish","Sweden","",NA,NA,94,8.1,NA,22
"Color","Nathan Frankowski",17,102,19,80,"Rus Blackwell",632,NA,"Biography|Drama|Music","Corbin Bleu","Day One ",2116,1011,"Luis Antonio",7,"character name in title|depression|drugs|one word title","http://www.imdb.com/title/tt1850418/?ref_=fn_tt_tt_1",13,"English","USA","PG-13",3400000,2012,144,6.6,NA,0
"Color","Henry Joost",86,96,24,374,"Marc John Jefferies",646,28876924,"Adventure|Crime|Mystery|Sci-Fi|Thriller","Samira Wiley","Nerve ",4303,1780,"Emily Meade",0,"dare|game|knocked out|motorcycle|online game","http://www.imdb.com/title/tt3531824/?ref_=fn_tt_tt_1",35,"English","USA","PG-13",2e+07,2016,441,7.1,NA,0
"Color","Rohan Sippy",24,128,4,47,"Bipasha Basu",374,563699,"Action|Crime|Drama|Thriller","Abhishek Bachchan","Dum Maaro Dum ",3266,787,"Prateik",0,"airport|drugs|loss of loved one|police|title based on song","http://www.imdb.com/title/tt1618430/?ref_=fn_tt_tt_1",27,"Hindi","India","R",NA,2011,282,6.2,NA,421
"Color","Michael Sucsy",214,104,23,281,"Lucas Bryant",17000,125014030,"Drama|Romance","Channing Tatum","The Vow ",145852,18322,"Dillon Casey",0,"car accident|life support|memory loss|trauma|voice recording","http://www.imdb.com/title/tt1606389/?ref_=fn_tt_tt_1",164,"English","USA","PG-13",3e+07,2012,359,6.8,2.35,32000
"Color","Guy Hamilton",118,125,82,244,"Hervé Villechaize",16000,21000000,"Action|Adventure|Thriller","Christopher Lee","The Man with the Golden Gun ",73950,17611,"Desmond Llewelyn",3,"assassin|bikini|girl in a bikini|mission|secret agent","http://www.imdb.com/title/tt0071807/?ref_=fn_tt_tt_1",258,"English","UK","PG",1.3e+07,1974,387,6.8,1.66,2000
"Color","Shane Dawson",6,93,247,152,"Kurt Angle",247,35688,"Comedy","Shane Dawson","Not Cool ",4167,954,"Cherami Leigh",4,"","http://www.imdb.com/title/tt3569356/?ref_=fn_tt_tt_1",72,"English","USA","Not Rated",6e+05,2014,217,5.1,NA,0
"Color","Scott Smith",1,87,2,318,"Daphne Zuniga",637,NA,"Comedy|Drama","Eric Mabius","Signed Sealed Delivered ",629,2283,"Crystal Lowe",2,"fraud|postal worker|prison|theft|trial","http://www.imdb.com/title/tt3000844/?ref_=fn_tt_tt_1",6,"English","Canada","",NA,2013,470,7.7,NA,84
"Color","Takao Okawara",107,99,2,3,"Naomi Nishida",43,10037390,"Action|Adventure|Drama|Sci-Fi|Thriller","Hiroshi Abe","Godzilla 2000 ",5442,53,"Sakae Kimura",0,"godzilla|kaiju|monster|orga|ufo","http://www.imdb.com/title/tt0188640/?ref_=fn_tt_tt_1",140,"Japanese","Japan","PG",1e+09,1999,3,6,2.35,339
"Color","Rod Lurie",29,104,37,501,"Kathryn Morris",574,144583,"Drama|Thriller","Kevin Pollak","Deterrence ",2256,1983,"Timothy Hutton",0,"colorado|diner|iraq|nuclear missile|president","http://www.imdb.com/title/tt0158583/?ref_=fn_tt_tt_1",79,"English","France","R",8e+05,1999,573,6.5,1.85,130
"Color","M. Night Shyamalan",261,108,0,882,"Judy Greer",3000,114195633,"Drama|Mystery|Romance|Thriller","Bryce Dallas Howard","The Village ",193770,7273,"William Hurt",0,"creature|pact|plot twist|village|woods","http://www.imdb.com/title/tt0368447/?ref_=fn_tt_tt_1",2003,"English","USA","PG-13",6e+07,2004,2000,6.5,1.85,0
"Color","Michael Ritchie",21,89,23,899,"Francis Capra",1000,8119205,"Comedy|Family|Fantasy","Mara Wilson","A Simple Wish ",4288,5535,"Kathleen Turner",3,"8 year old|convention|magic|magic wand|male fairy godmother","http://www.imdb.com/title/tt0120133/?ref_=fn_tt_tt_1",21,"English","USA","PG",2.8e+07,1997,937,5.4,1.85,517
"Color","Brad Peyton",91,82,62,615,"Sean Hayes",975,43575716,"Action|Comedy|Family|Fantasy","Jack McBrayer","Cats & Dogs: The Revenge of Kitty Galore ",10233,3326,"Katt Williams",0,"cartoon on tv|cat|dog|kitty|special agent","http://www.imdb.com/title/tt1287468/?ref_=fn_tt_tt_1",63,"English","USA","PG",8.5e+07,2010,760,4.3,1.85,0
"Color","Paul Greengrass",266,115,521,95,"Sean Huze",13000,35024475,"Action|Drama|Thriller|War","Matt Damon","Green Zone ",110364,13761,"Igal Naor",1,"cia|iraq|iraqi|political military conspiracy|weapon of mass destruction","http://www.imdb.com/title/tt0947810/?ref_=fn_tt_tt_1",261,"English","France","R",1e+08,2010,537,6.9,2.35,0
"Color","Francis Ford Coppola",110,170,0,889,"Joe Mantegna",14000,66676062,"Crime|Drama","Al Pacino","The Godfather: Part III ",267980,16949,"Bridget Fonda",1,"1970s|family relationships|mob hit|opera|repeating history","http://www.imdb.com/title/tt0099674/?ref_=fn_tt_tt_1",545,"English","USA","R",5.4e+07,1990,1000,7.6,1.85,0
"Color","George Lucas",284,142,0,4000,"Christopher Lee",20000,310675583,"Action|Adventure|Fantasy|Sci-Fi","Natalie Portman","Star Wars: Episode II - Attack of the Clones ",464310,42990,"Hayden Christensen",3,"martial arts|murdered before giving protagonist information|part computer animation|prequel|prequel to cult film","http://www.imdb.com/title/tt0121765/?ref_=fn_tt_tt_1",3516,"English","USA","PG",1.15e+08,2002,16000,6.7,1.78,0
"Color","Michael Caton-Jones",104,108,105,616,"James Franco",22000,22433915,"Crime|Drama|Mystery|Thriller","Robert De Niro","City by the Sea ",21319,34377,"John Doman",1,"beach|grandson|murder|new york city|police","http://www.imdb.com/title/tt0269095/?ref_=fn_tt_tt_1",166,"English","USA","R",6e+07,2002,11000,6.2,2.35,416
"Color","Frank Oz",169,93,0,465,"Matthew Broderick",11000,59475623,"Comedy|Sci-Fi|Thriller","Jon Lovitz","The Stepford Wives ",49739,13748,"Roger Bart",1,"community|connecticut|fem bot|tv producer|writer","http://www.imdb.com/title/tt0327162/?ref_=fn_tt_tt_1",407,"English","USA","PG-13",9e+07,2004,2000,5.2,1.85,0
"Color","Peter Atencio",129,100,10,415,"Will Forte",826,20566327,"Action|Comedy","Nia Long","Keanu ",15385,2958,"Keegan-Michael Key",2,"car chase|gangsta|gun fight|hitman|kitten","http://www.imdb.com/title/tt4139124/?ref_=fn_tt_tt_1",84,"English","USA","R",1.5e+07,2016,622,6.4,2.35,0
"Color","Nick Love",111,112,63,422,"Ray Winstone",2000,26345,"Action|Crime|Drama","Hayley Atwell","The Sweeney ",16445,4810,"Alan Ford",4,"bank|criminal|detective|flying squad|policewoman","http://www.imdb.com/title/tt0857190/?ref_=fn_tt_tt_1",99,"English","UK","R",3e+06,2012,1000,6.1,2.35,0
"Color","Tommy O'Haver",63,87,13,869,"Kirsten Dunst",15000,11560259,"Comedy|Romance","Mila Kunis","Get Over It ",15617,22485,"Carmen Electra",1,"basketball|dancer|high school|love triangle|shakespeare's a midsummer night's dream","http://www.imdb.com/title/tt0192071/?ref_=fn_tt_tt_1",180,"English","USA","PG-13",2.2e+07,2001,4000,5.8,2.35,0
" Black and White","Frank Borzage",42,79,57,99,"Helen Hayes",998,NA,"Drama|Romance|War","Gary Cooper","A Farewell to Arms ",3519,1284,"Adolphe Menjou",1,"1910s|ambulance driver|italy|lake|nurse","http://www.imdb.com/title/tt0022879/?ref_=fn_tt_tt_1",46,"English","USA","Unrated",8e+05,1932,164,6.6,1.37,213
"Color","Alex Zamm",12,95,43,611,"Raquel Welch",1000,306715,"Comedy","Taylor Negron","Chairman of the Board ",5143,5213,"Larry Miller",1,"box office flop|company|invention|roommate|surfer","http://www.imdb.com/title/tt0118836/?ref_=fn_tt_tt_1",62,"English","USA","PG-13",1e+07,1998,788,2.3,1.85,724
"Color","Courtney Solomon",125,91,31,50,"James D'Arcy",874,16298046,"Horror|Mystery|Thriller","Sissy Spacek","An American Haunting ",22207,1608,"Vernon Dobtcheff",0,"flashback|lifting someone into the air|paranormal phenomena|voice over letter|year 1818","http://www.imdb.com/title/tt0429573/?ref_=fn_tt_tt_1",747,"English","UK","PG-13",1.4e+07,2005,613,5,2.35,0
"Color","Michael Pressman",68,88,34,445,"Paige Turco",642,78656813,"Action|Adventure|Comedy|Family|Sci-Fi","Kevin Nash","Teenage Mutant Ninja Turtles II: The Secret of the Ooze ",42765,2501,"Ernie Reyes Jr.",0,"chop socky|mutant|ninja|shredder|turtle","http://www.imdb.com/title/tt0103060/?ref_=fn_tt_tt_1",93,"English","USA","PG",2.5e+07,1991,533,6,1.85,0
"Color","David Gordon Green",232,117,234,221,"Tye Sheridan",12000,371897,"Drama","Nicolas Cage","Joe ",36494,13607,"Ronnie Gene Blevins",2,"alcoholic|cigarette smoking|father son relationship|teenage boy|woods","http://www.imdb.com/title/tt2382396/?ref_=fn_tt_tt_1",118,"English","USA","R",4e+06,2013,1000,6.9,2.35,11000
"Color","Antoine Fuqua",292,132,845,683,"Chloë Grace Moretz",18000,101530738,"Action|Crime|Thriller","Denzel Washington","The Equalizer ",229574,37605,"James Wilcox",0,"assassin|ex soldier|gangster|hanged man|mysterious past","http://www.imdb.com/title/tt0455944/?ref_=fn_tt_tt_1",436,"English","USA","R",5.5e+07,2014,17000,7.2,2.35,56000
"Color","Paul Fox",80,80,3,39,"Jeff Seymour",108,NA,"Horror|Thriller","Dov Tiefenbach","The Dark Hours ",4788,272,"Gordon Currie",0,"brain tumor|champagne|game|psychiatrist|weekend","http://www.imdb.com/title/tt0402249/?ref_=fn_tt_tt_1",52,"English","Canada","R",5e+05,2005,64,6.1,1.85,166
"Color","Jacob Aaron Estes",126,90,9,595,"Scott Mechlowicz",710,603943,"Crime|Drama","Rory Culkin","Mean Creek ",26407,2655,"Trevor Morgan",0,"boat|bully|dare|friend|river","http://www.imdb.com/title/tt0377091/?ref_=fn_tt_tt_1",154,"English","USA","R",5e+05,2004,634,7.3,1.85,1000
"Color","Michael Meredith",23,91,7,875,"Justin Timberlake",12000,19348,"Comedy|Drama","Jeff Bridges","The Open Road ",2941,16118,"Ted Danson",2,"american south|baseball|farmland|motel|road trip","http://www.imdb.com/title/tt1007018/?ref_=fn_tt_tt_1",11,"English","USA","PG-13",1e+07,2009,3000,5.5,2.35,370
"Color","Don Bluth",78,94,383,753,"Kelsey Grammer",4000,58297830,"Adventure|Animation|Drama|Family|Fantasy|Musical|Mystery|Romance","Kirsten Dunst","Anastasia ",86347,6017,"Bernadette Peters",1,"amnesia|reference to anastasia romanov|romanov|russia|russian revolution","http://www.imdb.com/title/tt0118617/?ref_=fn_tt_tt_1",191,"English","USA","G",5e+07,1997,808,7.1,2.35,0
"Color","James Wan",424,140,0,14000,"Paul Walker",26000,350034110,"Action|Crime|Thriller","Jason Statham","Furious 7 ",278232,79150,"Vin Diesel",0,"car falling off a cliff|hospital|revenge|star died before release|terrorist","http://www.imdb.com/title/tt2820852/?ref_=fn_tt_tt_1",657,"English","USA","PG-13",1.9e+08,2015,23000,7.2,2.35,94000
"Color","Woody Allen",278,119,11000,400,"Mark Gatiss",19000,23089926,"Drama|Romance|Thriller","Scarlett Johansson","Match Point ",166269,20391,"Penelope Wilton",3,"extramarital affair|infidelity|irony of fate|surprise ending|tennis","http://www.imdb.com/title/tt0416320/?ref_=fn_tt_tt_1",735,"English","UK","R",1.5e+07,2005,567,7.7,1.85,0
"Color","Jonathan Demme",209,129,438,502,"Dorian Missick",18000,65948711,"Drama|Mystery|Sci-Fi|Thriller","Denzel Washington","The Manchurian Candidate ",86422,20056,"Jose Pablo Cantillo",1,"brainwashed assassin|conspiracy|critically acclaimed|mother son relationship|soldier","http://www.imdb.com/title/tt0368008/?ref_=fn_tt_tt_1",363,"English","USA","R",8e+07,2004,1000,6.6,1.85,0
"Color","Sam Weisman",53,92,39,458,"Abraham Benrubi",3000,105263257,"Action|Adventure|Comedy|Family|Romance","Brendan Fraser","George of the Jungle ",56168,4518,"Holland Taylor",0,"animal companion|heiress|hero|jungle|male objectification","http://www.imdb.com/title/tt0119190/?ref_=fn_tt_tt_1",103,"English","USA","PG",5.5e+07,1997,562,5.4,1.85,5000
"Color","Eric Eason",28,79,3,42,"Panchito Gómez",93,NA,"Drama|Family","Franky G","Manito ",493,243,"Casper Martinez",0,"ex convict|graduation|manhattan new york city|older brother is bad influence|washington heights manhattan new york city","http://www.imdb.com/title/tt0298050/?ref_=fn_tt_tt_1",21,"English","USA","",24000,2002,46,7,1.78,61
"Color","Travis Cluff",159,81,3,7,"Cassidy Gifford",220,22757819,"Horror|Thriller","Pfeifer Brown","The Gallows ",13521,276,"Reese Mishler",0,"breaking and entering|gallows|hanging|high school|stage","http://www.imdb.com/title/tt2309260/?ref_=fn_tt_tt_1",150,"English","USA","R",1e+05,2015,40,4.2,1.85,0
"Color","McG",241,103,368,520,"Abigail Spencer",27000,54758461,"Action|Comedy|Romance","Tom Hardy","This Means War ",147641,29808,"Warren Christie",3,"best friend|cia|cia agent|dating|undercover","http://www.imdb.com/title/tt1596350/?ref_=fn_tt_tt_1",238,"English","USA","PG-13",6.5e+07,2012,1000,6.3,2.35,18000
"Color","Jonathan Levine",327,100,129,3000,"Anna Kendrick",23000,34963967,"Comedy|Drama|Romance","Joseph Gordon-Levitt","50/50 ",270441,39807,"Bryce Dallas Howard",2,"best friend|cancer|survival rate|therapist|vomiting","http://www.imdb.com/title/tt1306980/?ref_=fn_tt_tt_1",378,"English","USA","R",8e+06,2011,10000,7.7,1.85,40000
"Color","Mark Helfrich",127,101,7,440,"Dan Fogler",1000,35000629,"Comedy|Romance","Dane Cook","Good Luck Chuck ",74622,2822,"Chelan Simmons",1,"breasts|leg spreading|mini skirt|sex|sex in bed","http://www.imdb.com/title/tt0452625/?ref_=fn_tt_tt_1",150,"English","USA","R",2.5e+07,2007,562,5.6,1.85,0
"Color","Adam Shankman",125,95,163,650,"Brad Garrett",14000,113006880,"Action|Comedy|Drama|Family|Thriller","Vin Diesel","The Pacifier ",66308,16884,"Tate Donovan",0,"bodyguard|death of husband|male nanny|nanny|wrestling match","http://www.imdb.com/title/tt0395699/?ref_=fn_tt_tt_1",225,"English","Canada","PG",5.6e+07,2005,799,5.5,2.35,0
"Color","Alex Kendrick",50,122,589,150,"Ken Bevel",848,33451479,"Drama|Romance","Kirk Cameron","Fireproof ",17068,1164,"Erin Bethea",0,"christian film|dare|firefighter|internet pornography|marriage","http://www.imdb.com/title/tt1129423/?ref_=fn_tt_tt_1",215,"English","USA","PG",5e+05,2008,153,6.5,1.85,0
"Color","Charlie Levi",NA,90,0,171,"Barbara Hershey",1000,NA,"Drama","Joe Mantegna","Childless ",33,1996,"Diane Venora",5,"","http://www.imdb.com/title/tt0867270/?ref_=fn_tt_tt_1",NA,"English","USA","R",1e+06,2008,618,6.1,NA,3
"Color","John Whitesell",37,86,14,685,"Regina Hall",833,34308901,"Comedy|Crime","Greg Grunberg","Malibu's Most Wanted ",15939,4435,"Blair Underwood",3,"los angeles california|person in car trunk|racial impersonation|south asian|street gang","http://www.imdb.com/title/tt0328099/?ref_=fn_tt_tt_1",87,"English","USA","PG-13",1.6e+07,2003,807,5.1,2.35,0
"Color","Jeremy Brock",64,98,16,621,"Julie Walters",10000,238774,"Comedy|Drama","Rupert Grint","Driving Lessons ",9611,11703,"Tamsin Egerton",0,"actress|coming of age|retired actress|teenage boy|vomiting","http://www.imdb.com/title/tt0446687/?ref_=fn_tt_tt_1",70,"English","UK","PG-13",NA,2006,838,6.8,1.85,864
"Color","David Wain",173,101,136,526,"Ken Marino",833,67266300,"Comedy","Joe Lo Truglio","Role Models ",195255,3400,"Bobb'e J. Thompson",1,"absent father|big brother|community service|live action role playing|peter pan syndrome","http://www.imdb.com/title/tt0430922/?ref_=fn_tt_tt_1",170,"English","Germany","R",2.8e+07,2008,543,6.9,1.85,0
"Color","Davis Guggenheim",65,95,49,261,"John Doman",702,2955039,"Biography|Drama|Sport","Emma Bell","Gracie ",3624,2007,"Carly Schroeder",1,"boy|girl|soccer|south orange new jersey|teenager","http://www.imdb.com/title/tt0441007/?ref_=fn_tt_tt_1",27,"English","USA","PG-13",9e+06,2007,616,6.2,2.35,313
"Color","Charles Shyer",135,103,14,624,"Nia Long",865,13395939,"Comedy|Drama|Romance","Omar Epps","Alfie ",43442,3639,"Jane Krakowski",4,"best friend|commitment|friend|limousine driver|one night stand","http://www.imdb.com/title/tt0375173/?ref_=fn_tt_tt_1",146,"English","UK","R",6e+07,2004,826,6.2,1.85,0
"Color","Shawn Levy",154,98,189,1000,"Rami Malek",49000,113733726,"Adventure|Comedy|Family|Fantasy","Robin Williams","Night at the Museum: Secret of the Tomb ",67223,53587,"Steve Coogan",7,"museum|museum of natural history manhattan new york city|night watchman|star died before release|tablet","http://www.imdb.com/title/tt2692250/?ref_=fn_tt_tt_1",126,"English","USA","PG",1.27e+08,2014,3000,6.2,1.85,11000
"Color","Mike Nawrocki",37,85,12,23,"Cam Clarke",354,12701880,"Adventure|Animation|Comedy|Family","Yuri Lowenthal","The Pirates Who Don't Do Anything: A VeggieTales Movie ",2037,568,"Phil Vischer",0,"17th century|king|pirate|vegetable|waiter","http://www.imdb.com/title/tt0475998/?ref_=fn_tt_tt_1",22,"English","USA","G",1.5e+07,2008,173,5.7,1.85,175
"Color","Stephen Herek",19,87,65,686,"Callum Blue",866,NA,"Comedy|Drama|Fantasy","Henry Ian Cusick","Dead Like Me: Life After Death ",10734,3724,"Shenae Grimes-Beech",1,"african american policeman|police|policeman|policewoman|vomiting","http://www.imdb.com/title/tt1079444/?ref_=fn_tt_tt_1",80,"English","USA","R",5e+06,2009,738,6.1,1.78,887
"Color","Wes Anderson",259,119,0,639,"Anjelica Huston",13000,24006726,"Adventure|Comedy|Drama","Bill Murray","The Life Aquatic with Steve Zissou ",139535,15757,"Matthew Gray Gubler",8,"expedition|oceanographer|sea|shark|team","http://www.imdb.com/title/tt0362270/?ref_=fn_tt_tt_1",632,"English","USA","R",5e+07,2004,1000,7.3,2.35,0
"Color","Alex van Warmerdam",19,95,53,2,"Ariane Schluter",20,NA,"Comedy|Drama","Rijk de Gooyer","The Dress ",1470,25,"Henri Garcin",0,"bare breasts|bra|panties|topless female nudity|underwear","http://www.imdb.com/title/tt0116729/?ref_=fn_tt_tt_1",5,"Dutch","Netherlands","",2650000,1996,3,7,1.85,121
"Color","Bill Paxton",161,100,0,303,"Powers Boothe",11000,13103828,"Crime|Drama|Thriller","Matthew McConaughey","Frailty ",59982,12237,"Matt O'Leary",0,"demon|fbi|fbi agent|murder|religious fanatic","http://www.imdb.com/title/tt0264616/?ref_=fn_tt_tt_1",463,"English","USA","R",1.1e+07,2001,472,7.3,1.85,5000
"Color","James Mather",289,95,4,80,"Vincent Regan",788,14291570,"Action|Adventure|Sci-Fi|Thriller","Joseph Gilgun","Lockout ",82082,1414,"Jacky Ido",2,"bodyguard|maximum security prison|outer space|president|prison","http://www.imdb.com/title/tt1592525/?ref_=fn_tt_tt_1",236,"English","France","PG-13",2e+07,2012,447,6.1,2.35,10000
"Color","Nick Love",16,86,63,175,"Christopher Berry",489,NA,"Action|Comedy|Drama|Sci-Fi","Eddie Griffin","American Hero ",2706,1278,"Michelle Tabora",2,"father son relationship|female nudity|mother daughter relationship|reconciliation|superhero","http://www.imdb.com/title/tt4733536/?ref_=fn_tt_tt_1",23,"English","USA","",990000,2015,207,4.9,NA,549
"Color","Peter Hewitt",42,89,12,373,"Bradley Pierce",1000,22359293,"Adventure|Comedy|Family|Fantasy","Jim Broadbent","The Borrowers ",16222,2056,"Mark Williams",0,"child's point of view|house|lawyer|real estate|washing machine","http://www.imdb.com/title/tt0118755/?ref_=fn_tt_tt_1",39,"English","UK","PG",2.9e+07,1997,409,5.8,1.85,0
"Color","Mora Stephens",35,103,5,842,"Alexandra Breckenridge",1000,NA,"Drama|Thriller","Ray Winstone","Zipper ",4091,3408,"Elena Satine",0,"escort|f word|no opening credits|one word title|prosecutor","http://www.imdb.com/title/tt3346224/?ref_=fn_tt_tt_1",20,"English","USA","R",4500000,2015,1000,5.7,2.35,987
"Color","John Moore",131,106,212,389,"David Keith",578,59068786,"Action|Drama|Thriller|War","Joaquim de Almeida","Behind Enemy Lines ",86902,2544,"Sam Jaeger",2,"battle|massacre|navigator|navy|rescue","http://www.imdb.com/title/tt0159273/?ref_=fn_tt_tt_1",411,"English","USA","PG-13",4e+07,2001,563,6.4,2.35,0
"Color","Barry Levinson",42,110,272,551,"Daniel Stern",801,14100000,"Comedy|Drama","Steve Guttenberg","Diner ",14995,2943,"Ellen Barkin",6,"baltimore colts|diner|marriage|salesman|wedding","http://www.imdb.com/title/tt0083833/?ref_=fn_tt_tt_1",87,"English","USA","R",5e+06,1982,796,7.2,1.85,0
"Color","Adrian Lyne",51,95,213,92,"Cynthia Rhodes",225,94900000,"Drama|Music|Romance","Michael Nouri","Flashdance ",35172,791,"Lee Ving",0,"ballet school|dance|dancer|overalls|steel worker","http://www.imdb.com/title/tt0085549/?ref_=fn_tt_tt_1",128,"English","USA","R",4e+06,1983,174,6.1,1.85,0
"Color","Peter Sollett",133,103,6,935,"Josh Charles",7000,532988,"Biography|Drama|Romance","Steve Carell","Freeheld ",5863,9660,"Luke Grimes",0,"cancer|gay bar|lesbian kiss|partner|public hearing","http://www.imdb.com/title/tt1658801/?ref_=fn_tt_tt_1",25,"English","USA","PG-13",7e+06,2015,1000,6.5,1.85,0
"Color","Marc Forster",201,128,395,161,"Shaun Toub",283,15797907,"Drama","Mustafa Haidari","The Kite Runner ",68119,904,"Khalid Abdalla",0,"afghanistan|based on novel|boy|friend|kite","http://www.imdb.com/title/tt0419887/?ref_=fn_tt_tt_1",230,"Dari","USA","PG-13",2e+07,2007,206,7.6,2.35,0
"Color","Barry W. Blaustein",70,108,6,43,"Vince McMahon",54,2047570,"Biography|Documentary|Sport","Terry Funk","Beyond the Mat ",6790,194,"Mick Foley",3,"championship|drugs|three word title|wrestler|wrestling","http://www.imdb.com/title/tt0218043/?ref_=fn_tt_tt_1",80,"English","USA","R",5e+05,1999,44,7.6,1.85,491
"Color","Jeffrey St. Jules",16,90,0,36,"Chloe Rose",57,NA,"Drama|Musical|Sci-Fi","Boyd Banks","Bang Bang Baby ",137,231,"Kristian Bruun",2,"","http://www.imdb.com/title/tt2655734/?ref_=fn_tt_tt_1",16,"English","Canada","",1e+06,2014,40,5.4,NA,48
"Color","Tom Tykwer",245,118,670,294,"Brían F. O'Byrne",6000,25450527,"Action|Crime|Drama|Mystery|Thriller","Naomi Watts","The International ",80196,7654,"Armin Mueller-Stahl",0,"bank|chase|district attorney|interpol|murder","http://www.imdb.com/title/tt0963178/?ref_=fn_tt_tt_1",190,"English","USA","R",5e+07,2009,450,6.5,2.35,0
"Color","Baltasar Kormákur",265,109,175,459,"Patrick Fischler",18000,75573300,"Action|Comedy|Crime|Drama|Thriller","Denzel Washington","2 Guns ",156898,20148,"Fred Ward",1,"close up of breasts|female nudity|fugitive|money|undercover","http://www.imdb.com/title/tt1272878/?ref_=fn_tt_tt_1",172,"English","USA","R",6.1e+07,2013,497,6.7,2.35,22000
"Color","Kevin Reynolds",9,107,58,324,"Jason Scott Lee",699,305070,"Action|Adventure|Drama|History|Romance","Esai Morales","Rapa Nui ",3843,1592,"Sandrine Holt",1,"easter island|location in title|statue|topless female nudity|two word title","http://www.imdb.com/title/tt0110944/?ref_=fn_tt_tt_1",25,"English","USA","R",2e+07,1994,533,6.4,2.35,399
"Color","Nadine Labaki",109,95,0,0,"Adel Karam",227,1060591,"Comedy|Drama|Romance","Yasmine Al Massri","Caramel ",9750,231,"Nadine Labaki",0,"caramel|friendship|police|secret|suitor","http://www.imdb.com/title/tt0825236/?ref_=fn_tt_tt_1",66,"Arabic","France","PG",1300000,2007,4,7.2,1.85,0
"Color","Jared Hess",106,89,100,327,"Michael Angarano",33000,113155,"Adventure|Comedy|Sci-Fi","Jizelle Jade","Gentlemen Broncos ",9006,34398,"Héctor Jiménez",7,"amateur film|sexual harassment|sexual innuendo|small town|struggling parent","http://www.imdb.com/title/tt1161418/?ref_=fn_tt_tt_1",54,"English","USA","PG-13",NA,2009,947,6.1,NA,0
"Color","D.J. Caruso",253,105,154,502,"Aaron Yoo",884,80050171,"Drama|Mystery|Thriller","Sarah Roemer","Disturbia ",186982,2288,"Jose Pablo Cantillo",0,"binoculars|electronic tag|house arrest|neighbor|watching someone","http://www.imdb.com/title/tt0486822/?ref_=fn_tt_tt_1",491,"English","USA","PG-13",2e+07,2007,617,6.9,1.85,0
"Color","Chuck Russell",167,100,55,416,"Roger Rees",12000,90341670,"Action|Adventure|Fantasy|Thriller","Dwayne Johnson","The Scorpion King ",102129,14611,"Bernard Hill",4,"desert|king|showdown|sorceress|warrior","http://www.imdb.com/title/tt0277296/?ref_=fn_tt_tt_1",432,"English","USA","PG-13",6e+07,2002,1000,5.5,2.35,0
"Color","Tommy Wirkola",224,91,75,13,"Stig Frode Henriksen",35,41709,"Comedy|Horror","Bjørn Sundquist","Dead Snow ",54601,116,"Ane Dahl Torp",0,"medical student|nazi|snow|snowmobile|zombie","http://www.imdb.com/title/tt1278340/?ref_=fn_tt_tt_1",200,"Norwegian","Norway","Not Rated",8e+05,2009,16,6.4,1.85,23000
"Color","Simon West",383,103,165,13000,"Sylvester Stallone",26000,85017401,"Action|Adventure|Thriller","Jason Statham","The Expendables 2 ",246803,57881,"Bruce Willis",3,"church|hostage|mine|plutonium|revenge","http://www.imdb.com/title/tt1764651/?ref_=fn_tt_tt_1",474,"English","USA","R",9.2e+07,2012,13000,6.7,2.35,108000
"Color","Grant Heslov",271,94,293,939,"Jeff Bridges",18000,32416109,"Comedy|War","Kevin Spacey","The Men Who Stare at Goats ",109620,32474,"Stephen Root",0,"first person narration|general|hampster|reference to loch ness monster|reporter","http://www.imdb.com/title/tt1234548/?ref_=fn_tt_tt_1",268,"English","USA","R",2.5e+07,2009,12000,6.2,2.35,15000
"Color","Bryan Singer",162,106,0,574,"Chazz Palminteri",18000,23272306,"Crime|Drama|Mystery|Thriller","Kevin Spacey","The Usual Suspects ",740918,20821,"Kevin Pollak",4,"criminal|dirty cop|flashback|limping|suspect","http://www.imdb.com/title/tt0114814/?ref_=fn_tt_tt_1",1182,"English","USA","R",6e+06,1995,979,8.6,2.35,28000
"Color","Michael Herz",49,96,6,14,"Jessica Dublin",40,792966,"Action|Comedy|Horror|Sci-Fi","Phoebe Legere","The Toxic Avenger Part II ",4663,99,"Lisa Gaye",2,"bare breasts|japan|tokyo japan|toxic avenger|troma","http://www.imdb.com/title/tt0098503/?ref_=fn_tt_tt_1",40,"English","USA","R",2300000,1989,30,5.1,1.33,321
"Color","Mike Mitchell",91,88,31,489,"Eddie Griffin",1000,65535067,"Comedy|Romance","Amy Poehler","Deuce Bigalow: Male Gigolo ",59380,2604,"Bree Turner",1,"aquarium|fish|fish tank|gigolo|norwegian","http://www.imdb.com/title/tt0205000/?ref_=fn_tt_tt_1",202,"English","USA","R",1.7e+07,1999,489,5.7,1.85,0
"Color","Adam Green",229,93,134,488,"Kane Hodder",936,NA,"Comedy|Horror","Joel David Moore","Hatchet ",23349,3668,"Joel Murray",0,"bayou|boat|louisiana|swamp|tour","http://www.imdb.com/title/tt0422401/?ref_=fn_tt_tt_1",235,"English","USA","R",1500000,2006,935,5.7,1.85,0
"Color","Christopher Cain",43,111,58,258,"Taylor Handley",482,1066555,"Drama|History|Romance|Western","Jon Gries","September Dawn ",2618,1526,"Trent Ford",0,"massacre|mormon|settler|utah|wagon train","http://www.imdb.com/title/tt0473700/?ref_=fn_tt_tt_1",111,"","USA","R",1.1e+07,2007,362,5.8,1.85,411
"Color","",3,30,NA,295,"David Mann",607,NA,"Comedy","Lamman Rucker","Meet the Browns             ",1922,1530,"Denise Boutte",2,"african american|character name in title|family relationships|sitcom","http://www.imdb.com/title/tt1319598/?ref_=fn_tt_tt_1",20,"English","USA","",NA,NA,378,3.5,1.85,211
"Color","Paul Greengrass",267,123,521,265,"Riz Ahmed",13000,108521835,"Action|Thriller","Matt Damon","Jason Bourne ",40123,13752,"Ato Essandoh",0,"black ops|chase|cia|cia agent|repeated scene","http://www.imdb.com/title/tt4196776/?ref_=fn_tt_tt_1",297,"English","UK","PG-13",1.2e+08,2016,365,7.1,2.35,31000
"Color","Garth Jennings",276,109,37,651,"Kelly Macdonald",11000,51019112,"Adventure|Comedy|Sci-Fi","Zooey Deschanel","The Hitchhiker's Guide to the Galaxy ",155745,14073,"Thomas Lennon",0,"alien|friend|galaxy|hyperspace|spaceship","http://www.imdb.com/title/tt0371724/?ref_=fn_tt_tt_1",1053,"English","USA","PG",5e+07,2005,2000,6.8,2.35,10000
"Color","Tom Seidman",4,98,3,104,"Derek Brandon",337,NA,"Drama|Family","Florence Henderson","The Christmas Bunny ",450,694,"Charles Irving Beale",2,"animal in title|christmas|farm|michigan|rabbit","http://www.imdb.com/title/tt1640714/?ref_=fn_tt_tt_1",10,"English","USA","PG",250000,2010,168,6.2,NA,0
"Color","Ryan Fleck",208,106,31,71,"Tristan Mack Wilds",33000,2694973,"Drama","Ryan Gosling","Half Nelson ",70885,33734,"Jeff Lima",2,"bathroom|classroom|dialectics|drugs|student","http://www.imdb.com/title/tt0468489/?ref_=fn_tt_tt_1",189,"English","USA","R",7e+05,2006,519,7.2,1.85,0
"Color","Richard Linklater",152,102,0,787,"Adam Goldberg",14000,7993039,"Comedy","Milla Jovovich","Dazed and Confused ",120036,18643,"Cole Hauser",1,"football|hazing|high school|last day of school|pledge","http://www.imdb.com/title/tt0106677/?ref_=fn_tt_tt_1",408,"English","USA","R",6900000,1993,1000,7.7,1.85,10000
"Color","Tom Kalin",121,97,4,577,"Elena Anaya",13000,434417,"Drama","Eddie Redmayne","Savage Grace ",8867,15093,"Stephen Dillane",1,"incest|male nudity|older man younger woman relationship|orgasm|son murders mother","http://www.imdb.com/title/tt0379976/?ref_=fn_tt_tt_1",65,"English","Spain","Not Rated",4600000,2007,1000,5.9,1.85,0
" Black and White","Troy Duffy",100,102,78,184,"David Della Rocco",12000,NA,"Action|Crime|Thriller","Norman Reedus","The Boondock Saints ",197845,12680,"Bob Marley",2,"fbi|fbi agent|friend|irish|mafia","http://www.imdb.com/title/tt0144117/?ref_=fn_tt_tt_1",876,"English","Canada","R",7e+06,1999,333,7.9,2.35,16000
"Color","Carmen Marron",8,105,29,76,"Aimee Garcia",847,178739,"Drama|Musical","Jossara Jinaro","Go for It! ",1015,1668,"Rene Rosado",0,"exclamation point in title|imperative in title|punctuation in title|three word title","http://www.imdb.com/title/tt1307926/?ref_=fn_tt_tt_1",10,"English","USA","PG-13",2450000,2011,618,3.9,1.85,566
"Color","Karen Moncrieff",44,88,22,275,"Agnes Bruckner",638,464126,"Drama","Frances Fisher","Blue Car ",3142,1641,"A.J. Buckley",0,"contest|poetry|refusing to eat|starving oneself|teenage girl","http://www.imdb.com/title/tt0290145/?ref_=fn_tt_tt_1",68,"English","USA","R",1e+06,2002,400,6.7,1.85,115
"Color","Bobby Farrelly",62,117,101,743,"Lin Shaye",13000,24944213,"Comedy|Sport","Bill Murray","Kingpin ",63459,16937,"Richard Tyson",2,"amish|bowling|on the road|rubber hand|tournament","http://www.imdb.com/title/tt0116778/?ref_=fn_tt_tt_1",185,"English","USA","PG-13",2.7e+07,1996,852,6.9,2.35,3000
"Color","Brian Robbins",67,106,48,35,"Ron Lester",23000,52885587,"Comedy|Drama|Romance|Sport","Paul Walker","Varsity Blues ",35312,23369,"Mark Walters",0,"coach|coyote|popularity|quarterback|texas","http://www.imdb.com/title/tt0139699/?ref_=fn_tt_tt_1",267,"English","USA","R",1.6e+07,1999,255,6.4,1.85,0
"Color","Paul Verhoeven",196,113,719,217,"Rachel Ticotin",605,119412921,"Action|Sci-Fi","Ronny Cox","Total Recall ",240241,1441,"Marshall Bell",0,"ambiguous ending|false memory|implanted memory|memory|space colony","http://www.imdb.com/title/tt0100802/?ref_=fn_tt_tt_1",391,"English","USA","R",6.5e+07,1990,308,7.5,1.85,0
"Color","",4,60,NA,398,"Brittany Curran",629,NA,"Drama|Mystery|Thriller","Grey Damon","Twisted             ",7945,2758,"Aaron Hill",2,"","http://www.imdb.com/title/tt2355844/?ref_=fn_tt_tt_1",22,"English","USA","",NA,NA,512,7.5,16,915
"Color","Stig Bergqvist",41,78,0,786,"Casey Kasem",971,76501438,"Adventure|Animation|Comedy|Family|Romance","Elizabeth Daily","Rugrats in Paris: The Movie ",8146,4527,"Debbie Reynolds",0,"amusement park|baby|france|paris france|villain","http://www.imdb.com/title/tt0213203/?ref_=fn_tt_tt_1",49,"English","Germany","G",3e+07,2000,844,6.1,1.85,181
"Color","Wes Anderson",179,93,0,766,"Connie Nielsen",13000,17096053,"Comedy|Drama","Bill Murray","Rushmore ",134458,15716,"Olivia Williams",2,"coming of age|friendship|private school|student|teacher","http://www.imdb.com/title/tt0128445/?ref_=fn_tt_tt_1",640,"English","USA","R",9e+06,1998,933,7.7,2.35,5000
"Color","Gaspar Noé",216,161,929,116,"Emily Alyn Lind",488,336467,"Drama|Fantasy","Paz de la Huerta","Enter the Void ",45449,943,"Olly Alexander",0,"drug deal|drugs|explicit sex|love|stripper","http://www.imdb.com/title/tt1191111/?ref_=fn_tt_tt_1",192,"English","France","Not Rated",1.3e+07,2009,289,7.3,2.35,23000
"Color","Richard Benjamin",20,105,121,354,"Jane Krakowski",3000,10070000,"Comedy|Drama|Romance","Brendan Fraser","Mrs. Winterbourne ",5668,5023,"Cathryn de Prume",3,"love|train|train wreck|twin brother|two word title","http://www.imdb.com/title/tt0117104/?ref_=fn_tt_tt_1",50,"English","USA","PG-13",2.5e+07,1996,624,6.2,1.85,491
"Color","François Ozon",160,102,341,15,"Ludivine Sagnier",844,10105505,"Crime|Drama|Mystery|Thriller","Charlotte Rampling","Swimming Pool ",35065,1389,"Jean-Claude Lecas",0,"luberon|mystery writer|night|publisher|swimming","http://www.imdb.com/title/tt0324133/?ref_=fn_tt_tt_1",288,"English","France","R",NA,2003,521,6.8,1.85,0
"Color","Stephen Hillenburg",89,87,47,217,"Bill Fagerbakke",19000,85416609,"Adventure|Animation|Comedy|Family|Fantasy","Scarlett Johansson","The SpongeBob SquarePants Movie ",58906,20097,"Rodger Bumpass",0,"based on tv series|crown|dream|king neptune|plankton","http://www.imdb.com/title/tt0345950/?ref_=fn_tt_tt_1",186,"English","USA","PG",3e+07,2004,542,7,1.85,0
"Color","Kelly Reichardt",189,80,129,26,"Lucy",375,856942,"Drama","John Robinson","Wendy and Lucy ",12241,460,"Will Oldham",1,"car|dog|flip phone|rape threat|vulnerable","http://www.imdb.com/title/tt1152850/?ref_=fn_tt_tt_1",112,"English","USA","R",2e+05,2008,44,7.1,1.85,0
"Color","Lawrence Kasdan",40,212,759,812,"Catherine O'Hara",2000,25052000,"Adventure|Biography|Crime|Drama|Western","Dennis Quaid","Wyatt Earp ",35314,5708,"Isabella Rossellini",0,"historically inaccurate|name calling|penis slur|vomiting|wyatt earp","http://www.imdb.com/title/tt0111756/?ref_=fn_tt_tt_1",145,"English","USA","PG-13",6.3e+07,1994,925,6.6,2.35,0
"Color","Mary Harron",288,102,126,517,"Justin Theroux",23000,15047419,"Crime|Drama","Christian Bale","American Psycho ",357275,25462,"Samantha Mathis",1,"1980s|business card|male rear nudity|materialism|narcissism","http://www.imdb.com/title/tt0144084/?ref_=fn_tt_tt_1",1061,"English","USA","R",7e+06,2000,1000,7.6,2.35,18000
"Color","Takashi Yamazaki",44,138,7,16,"Meisa Kuroki",84,NA,"Action|Adventure|Drama|Sci-Fi","Takuya Kimura","Space Battleship Yamato ",4899,164,"Hiroyuki Ikeuchi",0,"alien|battleship|message|radiation|yamato","http://www.imdb.com/title/tt1477109/?ref_=fn_tt_tt_1",49,"Japanese","Japan","TV-14",1.2e+07,2010,33,6.1,2.35,0
"Color","Cheryl Dunye",33,86,17,581,"Marsha Thomason",873,17321573,"Comedy","Michael Imperioli","My Baby's Daddy ",3119,3646,"Bai Ling",5,"animal costume|break up|fatherhood|rapper|talking baby","http://www.imdb.com/title/tt0332712/?ref_=fn_tt_tt_1",18,"English","USA","PG-13",NA,2004,691,4.5,1.85,151
"Color","Bigas Luna",22,101,163,34,"Aitana Sánchez-Gijón",837,244465,"Drama|Romance","Olivier Martinez","The Chambermaid on the Titanic ",1135,1019,"Romane Bohringer",1,"foundry|foundry worker|french|friend|titanic","http://www.imdb.com/title/tt0129923/?ref_=fn_tt_tt_1",14,"French","France","",NA,1997,130,6.8,2.35,85
"Color","Raja Menon",39,130,6,12,"Sameer Ali Khan",85,NA,"Action|Drama|History|Thriller|War","Nimrat Kaur","Airlift ",30977,151,"Purab Kohli",1,"1990s|businessman|evacuation|historical fiction|kuwait","http://www.imdb.com/title/tt4387040/?ref_=fn_tt_tt_1",178,"Hindi","India","",4400000,2016,26,8.5,2.35,10000
"Color","F. Gary Gray",110,109,473,582,"Jeff Kober",14000,26183197,"Action|Crime|Drama|Thriller","Vin Diesel","A Man Apart ",38348,16611,"Larenz Tate",0,"bust|dea|drug cartel|justice|tragic hero","http://www.imdb.com/title/tt0266465/?ref_=fn_tt_tt_1",135,"English","USA","R",3.6e+07,2003,919,6.1,2.35,0
"Color","Lukas Moodysson",112,109,187,0,"Artyom Bogucharskiy",129,181655,"Crime|Drama","Oksana Akinshina","Lilya 4-Ever ",35464,131,"Lyubov Agapova",1,"abandoned by mother|poverty|sex trade|teenage prostitution|unpaid bill","http://www.imdb.com/title/tt0300140/?ref_=fn_tt_tt_1",206,"Russian","Sweden","R",NA,2002,2,7.9,1.85,0
"Color","Robert Zemeckis",221,143,0,272,"Paul Sanchez",15000,233630478,"Adventure|Drama|Romance","Tom Hanks","Cast Away ",394317,15838,"Nick Searcy",1,"christmas|island|love|survival|talking to inanimate object","http://www.imdb.com/title/tt0162222/?ref_=fn_tt_tt_1",1051,"English","USA","PG-13",9e+07,2000,410,7.7,1.85,23000
"Color","John Waters",73,108,0,105,"Mink Stole",462,180483,"Comedy|Crime|Horror","Divine","Pink Flamingos ",16792,760,"Edith Massey",2,"absurd humor|egg|gross out humor|lesbian|sex","http://www.imdb.com/title/tt0069089/?ref_=fn_tt_tt_1",183,"English","USA","NC-17",10000,1972,143,6.1,1.37,0
"Color","Peyton Reed",517,117,235,680,"Hayley Atwell",2000,180191634,"Action|Adventure|Comedy|Sci-Fi","Judy Greer","Ant-Man ",313866,5730,"T.I.",6,"ant|chinatown san francisco|heist|sabotage|vault","http://www.imdb.com/title/tt0478970/?ref_=fn_tt_tt_1",549,"English","USA","PG-13",1.3e+08,2015,2000,7.4,1.85,61000
"Color","Louis Leterrier",344,106,255,850,"Jason Flemyng",14000,163192114,"Action|Adventure|Fantasy","Liam Neeson","Clash of the Titans ",229679,18003,"Alexa Davalos",0,"famous line|hand to hand combat|kraken|rape|zeus","http://www.imdb.com/title/tt0800320/?ref_=fn_tt_tt_1",637,"English","USA","PG-13",1.25e+08,2010,1000,5.8,2.35,15000
"Color","Boaz Yakin",157,120,132,1000,"Denzel Washington",33000,115648585,"Biography|Drama|Sport","Ryan Gosling","Remember the Titans ",160776,54877,"Ethan Suplee",1,"american football|based on true story|head coach|high school|school","http://www.imdb.com/title/tt0210945/?ref_=fn_tt_tt_1",402,"English","USA","PG",3e+07,2000,18000,7.8,2.35,0
"Color","Robert Duvall",95,134,3000,77,"Todd Allen",205,20733485,"Drama","John Beasley","The Apostle ",11622,428,"June Carter Cash",1,"church|louisiana|minister|preacher|texas","http://www.imdb.com/title/tt0118632/?ref_=fn_tt_tt_1",157,"English","USA","PG-13",5e+06,1997,130,7.2,1.85,1000
"Color","John Dahl",121,93,131,90,"Aaron Hughes",497,2426851,"Comedy|Crime|Romance|Thriller","Philip Baker Hall","You Kill Me ",16224,776,"Jayne Eastwood",1,"alcoholic|buffalo new york|claim in title|embalming|mortuary","http://www.imdb.com/title/tt0796375/?ref_=fn_tt_tt_1",76,"English","USA","R",4e+06,2007,113,6.5,2.55,830
"Color","Mark Griffiths",3,84,4,271,"Gina Holden",637,NA,"Comedy|Romance","Eric Mabius","How to Fall in Love ",1929,1932,"Brooke D'Orsay",2,"","http://www.imdb.com/title/tt2395247/?ref_=fn_tt_tt_1",4,"English","USA","TV-G",4e+06,2012,346,6.3,1.78,170
"Color","Robert Luketic",163,96,126,584,"Raquel Welch",2000,95001351,"Comedy|Romance","Linda Cardellini","Legally Blonde ",131801,4380,"Alanna Ubach",1,"blonde|harvard|law|law school|sorority","http://www.imdb.com/title/tt0250494/?ref_=fn_tt_tt_1",548,"English","USA","PG-13",1.8e+07,2001,788,6.2,2.35,0
"Color","John Sturges",111,172,120,145,"Donald Pleasence",773,NA,"Adventure|Drama|History|Thriller|War","James Coburn","The Great Escape ",165638,1785,"Gordon Jackson",0,"digging|escape|escape attempt|prisoner|tunnel","http://www.imdb.com/title/tt0057115/?ref_=fn_tt_tt_1",301,"English","USA","Approved",4e+06,1963,742,8.3,2.35,8000
"Color","John Lafia",59,72,5,435,"Beth Grant",659,28501605,"Fantasy|Horror","Jenny Agutter","Child's Play 2 ",31371,2646,"Greg Germann",0,"boy|doll|foster home|killer doll|serial killer","http://www.imdb.com/title/tt0099253/?ref_=fn_tt_tt_1",166,"English","USA","R",1.3e+07,1990,628,5.7,1.85,0
"Color","Adam Rapp",50,98,9,405,"Will Ferrell",11000,101228,"Comedy|Drama","Zooey Deschanel","Winter Passing ",7228,20009,"Dallas Roberts",4,"love|michigan|musician|novelist|student","http://www.imdb.com/title/tt0380817/?ref_=fn_tt_tt_1",53,"English","USA","R",3500000,2005,8000,6.4,1.85,414
"Color","Elaine May",49,107,124,572,"Warren Beatty",636,14375181,"Action|Adventure|Comedy|Music|Thriller","Carol Kane","Ishtar ",8692,3374,"Isabelle Adjani",2,"cia|emir|hotel|map|morocco","http://www.imdb.com/title/tt0093278/?ref_=fn_tt_tt_1",126,"English","USA","PG-13",5.1e+07,1987,631,4.2,1.85,754
"Color","David O. Russell",410,116,737,141,"Jack McGee",23000,93571803,"Biography|Drama|Sport","Christian Bale","The Fighter ",275869,23811,"Melissa McMeekin",2,"boxer|boxing|boxing match|crack cocaine|lowell massachusetts","http://www.imdb.com/title/tt0964517/?ref_=fn_tt_tt_1",389,"English","USA","R",2.5e+07,2010,238,7.9,2.35,36000
"Color","Renny Harlin",61,124,212,810,"Frank Langella",1000,11000000,"Action|Adventure|Comedy","Christopher Masterson","Cutthroat Island ",21102,3611,"Matthew Modine",3,"latin|pirate|pirate ship|treasure|treasure map","http://www.imdb.com/title/tt0112760/?ref_=fn_tt_tt_1",169,"English","USA","PG-13",9.8e+07,1995,903,5.6,2.35,1000
"Color","Patricia Cardoso",75,90,15,453,"Lupe Ontiveros",953,5844929,"Comedy|Drama","America Ferrera","Real Women Have Curves ",6000,2510,"George Lopez",1,"education|factory|high school|mexican american|religious icon","http://www.imdb.com/title/tt0296166/?ref_=fn_tt_tt_1",109,"English","USA","PG-13",3e+06,2002,625,7,1.85,595
"Color","David Worth",4,91,58,69,"Jonathan Mangum",847,NA,"Horror|Thriller","Jessica Szohr","House at the End of the Drive ",330,1159,"Angela Jones",0,"ghost story|manson family|paranormal|real life event|reference to sharon tate","http://www.imdb.com/title/tt0464054/?ref_=fn_tt_tt_1",6,"English","USA","R",1400000,2014,147,6.9,NA,223
"Color","Brian Helgeland",112,102,241,127,"Mark Addy",13000,7659747,"Action|Mystery|Thriller","Heath Ledger","The Order ",14962,14165,"Benno Fürmann",1,"death|exorcism|heaven|priest|sin eater","http://www.imdb.com/title/tt0304711/?ref_=fn_tt_tt_1",204,"English","USA","R",3.8e+07,2003,891,5.1,1.85,704
"Color","Joe Charbanic",103,97,10,178,"Joseph Sikora",18000,28927720,"Crime|Horror|Mystery|Thriller","Keanu Reeves","The Watcher ",22220,18688,"Chris Ellis",0,"fbi|murder|scene of the crime|serial killer|therapy","http://www.imdb.com/title/tt0204626/?ref_=fn_tt_tt_1",181,"English","USA","R",3.3e+07,2000,223,5.3,1.85,463
"Color","Tran Anh Hung",59,114,157,32,"Simón Andreu",84,NA,"Thriller","Takuya Kimura","I Come with the Rain ",2541,198,"Shawn Yue",0,"gangster|hong kong|missing person|missing son|serial killer","http://www.imdb.com/title/tt1024744/?ref_=fn_tt_tt_1",20,"English","France","Not Rated",1.8e+07,2009,35,5.5,2.35,342
"Color","Jonathan Mostow",178,116,84,563,"Thomas Kretschmann",11000,77086030,"Action|War","Matthew McConaughey","U-571 ",65297,14931,"David Keith",0,"battle|historically inaccurate|submarine movie|u boat|world war two","http://www.imdb.com/title/tt0141926/?ref_=fn_tt_tt_1",602,"English","France","PG-13",6.2e+07,2000,919,6.6,2.35,0
"Color","",9,60,NA,468,"Joan Allen",971,NA,"Drama|Mystery","Zach Gilford","The Family             ",3322,3295,"Liam James",4,"family drama|lie|missing child|political campaign|secret","http://www.imdb.com/title/tt4428038/?ref_=fn_tt_tt_1",30,"English","USA","TV-PG",NA,NA,805,7.5,16,0
"Color","Frank Darabont",330,126,0,745,"Alexa Davalos",2000,25592632,"Horror","Toby Jones","The Mist ",220475,5371,"Jeffrey DeMunn",0,"desperation|fog|giant insect|survival|survival horror","http://www.imdb.com/title/tt0884328/?ref_=fn_tt_tt_1",1066,"English","USA","R",1.8e+07,2007,850,7.2,1.85,20000
"Color","Maïwenn",163,127,236,68,"Maïwenn",580,171320,"Crime|Drama","Riccardo Scamarcio","Polisse ",10796,1129,"Karin Viard",1,"abusive parent|child molester|child protection|photographer|police","http://www.imdb.com/title/tt1661420/?ref_=fn_tt_tt_1",33,"French","France","Not Rated",NA,2011,236,7.3,1.85,0
"Color","Paul W.S. Anderson",247,109,545,727,"Colin Salmon",886,80281096,"Action|Horror|Sci-Fi|Thriller","Sanaa Lathan","AVP: Alien vs. Predator ",143628,3222,"Raoul Bova",0,"alien|antarctica|predator|pyramid|satellite","http://www.imdb.com/title/tt0370263/?ref_=fn_tt_tt_1",1283,"English","USA","PG-13",6e+07,2004,766,5.6,2.35,0
"Color","Craig Gillespie",226,106,44,552,"Kelli Garner",33000,5949693,"Comedy|Drama|Romance","Ryan Gosling","Lars and the Real Girl ",114762,34351,"Paul Schneider",1,"in love with an inanimate object|internet|introvert|psychologist|sex doll","http://www.imdb.com/title/tt0805564/?ref_=fn_tt_tt_1",299,"English","USA","PG-13",1.2e+07,2007,730,7.4,1.85,19000
"Color","Chris Carter",270,108,251,296,"Callum Rennie",826,20981633,"Drama|Mystery|Sci-Fi|Thriller","Mitch Pileggi","The X Files: I Want to Believe ",78256,2351,"Nicki Aycox",0,"fbi|priest|psychic|psychic vision|staff physician","http://www.imdb.com/title/tt0443701/?ref_=fn_tt_tt_1",492,"English","USA","PG-13",3e+07,2008,716,5.9,2.35,0
"Color","Peter Segal",265,110,88,11000,"Dwayne Johnson",13000,130313314,"Action|Adventure|Comedy","Bill Murray","Get Smart ",168172,44798,"Anne Hathaway",1,"airplane|misunderstanding|obese woman|overweight woman|spy","http://www.imdb.com/title/tt0425061/?ref_=fn_tt_tt_1",380,"English","USA","PG-13",8e+07,2008,12000,6.5,1.85,0
"Color","Jessica Bendinger",90,103,31,733,"Vanessa Lengies",12000,26870825,"Comedy|Drama|Sport","Jeff Bridges","Stick It ",22604,14903,"John Patrick Amedori",3,"coach|gymnastics|houston texas|teenager|texas","http://www.imdb.com/title/tt0430634/?ref_=fn_tt_tt_1",124,"English","Germany","PG-13",NA,2006,804,6.4,1.85,0
"Color","Chris Eyre",56,89,149,580,"Irene Bedard",912,6719300,"Comedy|Drama","Michael Greyeyes","Smoke Signals ",8224,3163,"Gary Farmer",3,"family abandonment|fire|loss of father|native american protagonist|native american reservation","http://www.imdb.com/title/tt0120321/?ref_=fn_tt_tt_1",132,"English","Canada","PG-13",2e+06,1998,752,7.2,1.85,0
" Black and White","Andrew Bujalski",52,109,26,3,"Kate Dollenmayer",26,NA,"Comedy","Andrew Bujalski","Mutual Appreciation ",1578,38,"Justin Rice",0,"friendship|guitarist|mumblecore|musician|new york","http://www.imdb.com/title/tt0446747/?ref_=fn_tt_tt_1",23,"English","USA","R",NA,2005,6,6.9,1.66,91
"Color","John G. Avildsen",81,126,80,225,"William Zabka",668,90800000,"Action|Drama|Family|Sport","Martin Kove","The Karate Kid ",126907,2004,"William Bassett",0,"apartment|bully|fight|karate|master","http://www.imdb.com/title/tt0087538/?ref_=fn_tt_tt_1",235,"English","USA","PG",8e+06,1984,641,7.2,1.85,0
"Color","Paul Feig",371,131,176,460,"Wendi McLendon-Covey",722,169076745,"Comedy|Romance","Matt Lucas","Bridesmaids ",218711,3229,"Steve Bannos",6,"best friend|failure|food|job|partial female nudity","http://www.imdb.com/title/tt1478338/?ref_=fn_tt_tt_1",485,"English","USA","R",32500000,2011,655,6.8,2.35,27000
"Color","Bobby Farrelly",123,118,101,327,"Terence Bernie Hines",13000,33828318,"Comedy","Matt Damon","Stuck on You ",44453,14036,"Seymour Cassel",2,"actor|conjoined twins|cook|internet|short order cook","http://www.imdb.com/title/tt0338466/?ref_=fn_tt_tt_1",154,"English","USA","PG-13",5.5e+07,2003,390,5.8,2.35,0
"Color","Andrey Konchalovskiy",45,97,96,403,"Jack Palance",13000,63408614,"Action|Comedy|Crime|Thriller","Sylvester Stallone","Tango & Cash ",75365,14432,"Brion James",1,"1980s|80s action|escape|plea bargain|prison","http://www.imdb.com/title/tt0098439/?ref_=fn_tt_tt_1",149,"English","USA","R",5.5e+07,1989,549,6.3,2.35,0
"Color","Matthew R. Anderson",17,89,252,252,"Vernon Wells",1000,NA,"Action|Horror|Sci-Fi","Johnny Pacar","The Dead Undead ",737,2510,"Matthew R. Anderson",1,"flashback|immortality|rural setting|vampire|zombie","http://www.imdb.com/title/tt0923653/?ref_=fn_tt_tt_1",15,"English","USA","R",1100000,2010,745,3,1.85,444
"Color","Gus Van Sant",324,128,835,755,"Denis O'Hare",11000,31838002,"Biography|Drama|History","James Franco","Milk ",136673,13189,"Lucas Grabeel",1,"california|gay|gay activist|gay pickup|gay rights","http://www.imdb.com/title/tt1013753/?ref_=fn_tt_tt_1",281,"English","USA","R",2e+07,2008,896,7.6,1.85,10000
" Black and White","George Miller",177,87,750,41,"Bruce Spence",745,9003011,"Action|Adventure|Sci-Fi|Thriller","Vernon Wells","Mad Max 2: The Road Warrior ",133966,1396,"Kjell Nilsson",0,"australian|gasoline|post apocalypse|refinery|warrior","http://www.imdb.com/title/tt0082694/?ref_=fn_tt_tt_1",294,"English","Australia","R",2e+06,1981,531,7.6,2.35,0
"Color","David Webb Peoples",21,90,73,26,"Joan Chen",848,882290,"Action|Sci-Fi|Sport","Delroy Lindo","The Blood of Heroes ",4792,1526,"Anna Katarina",2,"battle|blood splatter|combat|game|showdown","http://www.imdb.com/title/tt0094764/?ref_=fn_tt_tt_1",43,"English","Australia","R",1e+07,1989,643,6.5,1.33,999
"Color","Paul Bartel",164,80,43,668,"David Carradine",13000,NA,"Action|Comedy|Sci-Fi|Sport","Sylvester Stallone","Death Race 2000 ",19875,14950,"Martin Kove",0,"cult director|cult film|drive in classic|psychotronic|race","http://www.imdb.com/title/tt0072856/?ref_=fn_tt_tt_1",147,"English","USA","R",3e+05,1975,926,6.2,1.85,0
"Color","Donald Petrie",19,95,80,287,"John Larroquette",3000,38087756,"Comedy|Family","Macaulay Culkin","Ri¢hie Ri¢h ",49612,4634,"Jonathan Hyde",1,"attempted murder|based on comic book|escape from prison|lost at sea|wealth","http://www.imdb.com/title/tt0110989/?ref_=fn_tt_tt_1",39,"English","USA","PG",4e+07,1994,450,5.2,1.85,0
" Black and White","Robert Rossen",100,134,31,366,"Jackie Gleason",654,NA,"Drama|Sport","George C. Scott","The Hustler ",62860,2290,"Murray Hamilton",1,"drink|manager|money|partner|pool hall","http://www.imdb.com/title/tt0054997/?ref_=fn_tt_tt_1",167,"English","USA","Unrated",2e+06,1961,491,8,2.35,0
"Color","Pierre Morel",203,92,180,75,"Amber Rose Revah",211,23324666,"Action|Thriller","Kasia Smutniak","From Paris with Love ",97775,488,"Rebecca Dayan",1,"ambassador|cia|dinner|spy|terrorist","http://www.imdb.com/title/tt1179034/?ref_=fn_tt_tt_1",211,"English","France","R",5.2e+07,2010,135,6.5,2.35,0
"Color","Peter Segal",211,113,88,785,"Sylvester Stallone",22000,29802761,"Comedy|Sport","Robert De Niro","Grudge Match ",46480,36009,"Oscar Gale",1,"broke|promoter|retirement|trainer|training","http://www.imdb.com/title/tt1661382/?ref_=fn_tt_tt_1",115,"English","USA","PG-13",4e+07,2013,13000,6.4,1.85,12000
"Color","Charles Herman-Wurmfeld",110,97,0,117,"Jennifer Westfeldt",378,7022940,"Comedy|Drama|Romance","Scott Cohen","Kissing Jessica Stein ",14018,1173,"Brian Stepanek",1,"friend|friendship|journalist|new york city|personal ad","http://www.imdb.com/title/tt0264761/?ref_=fn_tt_tt_1",190,"English","USA","R",1e+06,2001,321,6.7,1.85,682
"Color","Gnana Rajasekaran",2,153,0,7,"Michael Lieber",109,NA,"Biography|Drama|History","Mani Bharathi","Ramanujan ",102,164,"Kevin McGowan",0,"ramanujan","http://www.imdb.com/title/tt3037162/?ref_=fn_tt_tt_1",1,"English","India","",NA,2014,36,7,2.35,58
"Color","Jerry Belson",21,87,3,83,"Tim Thomerson",922,NA,"Comedy|Music|Sci-Fi","Cassandra Peterson","Jekyll and Hyde... Together Again ",881,1324,"Bess Armstrong",0,"breasts growing|coors light|drugs|hospital|spinning in grave","http://www.imdb.com/title/tt0084171/?ref_=fn_tt_tt_1",32,"English","USA","R",5e+06,1982,162,6.2,NA,323
"Color","Peter Webber",160,100,73,1000,"Colin Firth",19000,11634362,"Biography|Drama|Romance","Scarlett Johansson","Girl with a Pearl Earring ",60171,34700,"Tom Wilkinson",0,"17th century|girl|maid|painter|painting","http://www.imdb.com/title/tt0335119/?ref_=fn_tt_tt_1",296,"English","UK","PG-13",NA,2003,14000,7,2.35,0
"Color","Adam McKay",181,98,285,7000,"Will Ferrell",640000,84136909,"Comedy","Darcy Donavan","Anchorman: The Legend of Ron Burgundy ",267921,656730,"Steve Carell",5,"1970s|anchorman|news anchor|newsroom|tv station","http://www.imdb.com/title/tt0357413/?ref_=fn_tt_tt_1",577,"English","USA","PG-13",2.6e+07,2004,8000,7.2,1.85,0
"Color","Woody Allen",69,101,11000,2,"Gaby Hoffmann",1000,9714482,"Comedy|Musical|Romance","Natasha Lyonne","Everyone Says I Love You ",30083,1614,"Jeff DeRocker",0,"engagement|grandfather|liberal|maid|song","http://www.imdb.com/title/tt0116242/?ref_=fn_tt_tt_1",140,"English","USA","R",2e+07,1996,612,6.8,1.85,0
"Color","Robert Zemeckis",188,100,0,267,"Eddie Deezen",15000,665426,"Adventure|Animation|Family|Fantasy","Tom Hanks","The Polar Express ",120798,16264,"Peter Scolari",0,"boy|christmas|christmas eve|north pole|train","http://www.imdb.com/title/tt0338348/?ref_=fn_tt_tt_1",444,"English","USA","G",1.65e+08,2004,726,6.6,2.35,10000
"Color","Peter Chelsom",118,106,23,418,"Nick Cannon",1000,57887882,"Comedy|Drama|Romance","Lisa Ann Walter","Shall We Dance ",35508,2325,"Omar Benson Miller",2,"dance|dance competition|dance lesson|love|teacher","http://www.imdb.com/title/tt0358135/?ref_=fn_tt_tt_1",211,"English","USA","PG-13",5e+07,2004,593,6.1,1.85,0
"Color","Jonathan Mostow",72,93,84,263,"M.C. Gainey",551,50129186,"Action|Crime|Drama|Mystery|Thriller","Kathleen Quinlan","Breakdown ",38399,1874,"J.T. Walsh",0,"car breakdown|diner|jeep|paranoia|violence","http://www.imdb.com/title/tt0118771/?ref_=fn_tt_tt_1",218,"English","USA","R",3.6e+07,1997,284,6.9,2.35,0
"Color","Mike Figgis",123,111,81,687,"Valeria Golino",12000,31968347,"Drama|Romance","Nicolas Cage","Leaving Las Vegas ",93894,14823,"Julian Sands",0,"alcoholic|bar|love|prostitute|sex","http://www.imdb.com/title/tt0113627/?ref_=fn_tt_tt_1",286,"English","USA","R",3600000,1995,898,7.6,1.66,0
"Color","Michael Mayer",46,95,15,461,"Danny Pino",1000,20998709,"Adventure|Drama|Family","Alison Lohman","Flicka ",6095,3845,"Tim McGraw",0,"father son relationship|horse|horse ranch|ranch|wild mustang","http://www.imdb.com/title/tt0434215/?ref_=fn_tt_tt_1",76,"English","USA","PG",1.5e+07,2006,786,6.2,2.35,1000
"Color","Ken Scott",90,91,31,141,"June Diane Raphael",1000,10214013,"Comedy","Tom Wilkinson","Unfinished Business ",23072,1564,"Melissa McMeekin",2,"business trip|company|glory hole|male frontal nudity|male nudity","http://www.imdb.com/title/tt2358925/?ref_=fn_tt_tt_1",89,"English","USA","R",3.5e+07,2015,249,5.4,2.35,0
"Color","Christian Sesma",6,82,9,648,"Brooke Newton",904,NA,"Thriller","Bokeem Woodbine","AWOL-72 ",520,4092,"Brett Wagner",4,"police officer|police officer taken hostage","http://www.imdb.com/title/tt2048865/?ref_=fn_tt_tt_1",8,"English","USA","R",3e+06,2015,779,3.9,NA,398
"Color","Sam Raimi",525,130,0,11000,"Mila Kunis",44000,234903076,"Adventure|Family|Fantasy","Tim Holmes","Oz the Great and Powerful ",175413,73441,"James Franco",4,"circus|magic|magician|oz|witch","http://www.imdb.com/title/tt1623205/?ref_=fn_tt_tt_1",511,"English","USA","PG",2.15e+08,2013,15000,6.4,2.35,60000
" Black and White","Tay Garnett",7,119,10,275,"Greer Garson",509,NA,"Drama","Jessica Tandy","The Valley of Decision ",1314,1490,"Lionel Barrymore",0,"immigrant|maid|steel mill|strike|union","http://www.imdb.com/title/tt0038213/?ref_=fn_tt_tt_1",29,"English","USA","Passed",2160000,1945,284,7.5,1.37,68
"Color","Anthony Minghella",203,139,333,1000,"Matt Damon",22000,81292135,"Crime|Drama|Thriller","Philip Seymour Hoffman","The Talented Mr. Ripley ",137891,36810,"Jack Davenport",1,"1950s|italy|mistaken identity|nudity|sociopath","http://www.imdb.com/title/tt0134119/?ref_=fn_tt_tt_1",696,"English","USA","R",4e+07,1999,13000,7.3,1.85,0
"Color","Sylvain White",86,109,41,748,"Laz Alonso",997,61356221,"Drama|Music|Romance","Chris Brown","Stomp the Yard ",19505,3544,"Harry Lennix",0,"atlanta georgia|competition|dancer|death|fraternity","http://www.imdb.com/title/tt0775539/?ref_=fn_tt_tt_1",162,"English","USA","PG-13",1.4e+07,2007,826,5.2,2.35,0
"Color","",1,60,NA,143,"Jon Tenney",11000,NA,"Comedy|Drama|Romance","Anne Hathaway","Get Real             ",415,11618,"Debrah Farentino",5,"breaking the fourth wall|brother brother relationship|high school friends|imperative in title|skateboard","http://www.imdb.com/title/tt0212662/?ref_=fn_tt_tt_1",26,"English","USA","",NA,NA,289,7.3,1.33,43
"Color","Wolfgang Petersen",231,130,249,461,"Mary Elizabeth Mastrantonio",784,182618434,"Action|Adventure|Drama|Thriller","Karen Allen","The Perfect Storm ",133076,2684,"Bob Gunton",0,"death|fish|fishing|sea|storm","http://www.imdb.com/title/tt0177971/?ref_=fn_tt_tt_1",779,"English","USA","PG-13",1.4e+08,2000,638,6.4,2.35,0
"Color","Nathan Smith Jones",1,77,7,69,"Frank Gerrish",206,NA,"Comedy","Richard Moll","The Work and the Story ",98,516,"Christopher Robin Miller",0,"latter day saints|lds film|mock documentary|mormon|mormonism","http://www.imdb.com/title/tt0339921/?ref_=fn_tt_tt_1",5,"English","USA","",103000,2003,81,5.7,NA,0
"Color","Shana Feste",135,117,19,461,"Cinda McCain",3000,20218921,"Drama|Music","Leighton Meester","Country Strong ",14814,4204,"Tim McGraw",4,"country music|panties|pink panties|relapse|songwriter","http://www.imdb.com/title/tt1555064/?ref_=fn_tt_tt_1",114,"English","Official site","PG-13",1.5e+07,2010,646,6.3,2.35,0
"Color","Jeff Nathanson",42,93,23,596,"Glenn Morshower",2000,463730,"Comedy","Matthew Broderick","The Last Shot ",3789,5240,"Tim Blake Nelson",10,"fbi|movie producer|sting operation|undercover|urination","http://www.imdb.com/title/tt0357054/?ref_=fn_tt_tt_1",39,"English","USA","R",NA,2004,894,5.7,1.85,89
"Color","David McNally",73,89,18,226,"Dyan Cannon",658,66734992,"Action|Adventure|Comedy|Crime","Estella Warren","Kangaroo Jack ",23476,1233,"Bill Hunter",0,"australia|body paint|kangaroo|mob|money","http://www.imdb.com/title/tt0257568/?ref_=fn_tt_tt_1",181,"English","USA","PG",6e+07,2003,257,4.4,2.35,858
"Color","Brian Levant",57,90,32,809,"Mark Addy",1000,35231365,"Comedy|Family|Romance|Sci-Fi","Taylor Negron","The Flintstones in Viva Rock Vegas ",15517,6299,"Danny Woodburn",0,"based on tv series|love|prequel|the flintstones|title appears in song","http://www.imdb.com/title/tt0158622/?ref_=fn_tt_tt_1",85,"English","USA","PG",6e+07,2000,891,3.6,1.85,500
"Color","Alex Proyas",225,115,295,466,"Bruce Greenwood",10000,144795350,"Action|Mystery|Sci-Fi|Thriller","Will Smith","I, Robot ",387632,12068,"Chi McBride",1,"humanoid robot|man versus machine|prosthetic limb|robot as pathos|robot vs. robot","http://www.imdb.com/title/tt0343818/?ref_=fn_tt_tt_1",789,"English","USA","PG-13",1.2e+08,2004,981,7.1,2.35,0
"Color","Erik White",62,99,17,826,"Loretta Devine",918,24708699,"Comedy","Brandon T. Jackson","Lottery Ticket ",7991,4797,"Shad Moss",7,"block party|eurocopter ec120 colibri|fortune cookie|lottery ticket|reverend","http://www.imdb.com/title/tt0979434/?ref_=fn_tt_tt_1",30,"English","USA","PG-13",NA,2010,912,4.9,2.35,0
"Color","Nicholas Meyer",112,110,120,664,"Kurtwood Smith",12000,74888996,"Action|Adventure|Sci-Fi|Thriller","Leonard Nimoy","Star Trek VI: The Undiscovered Country ",55513,16230,"Nichelle Nichols",0,"captain|explosion|klingon|moon|peace","http://www.imdb.com/title/tt0102975/?ref_=fn_tt_tt_1",188,"English","USA","PG",3e+07,1991,1000,7.2,2.35,0
"Color","David Frankel",180,115,64,664,"Kathleen Turner",2000,143151473,"Comedy|Drama|Family","Eric Dane","Marley & Me ",116681,4811,"Haley Bennett",0,"box office hit|dog|dog movie|florida|pet name in title","http://www.imdb.com/title/tt0822832/?ref_=fn_tt_tt_1",320,"English","USA","PG",6e+07,2008,899,7.1,2.35,11000
"Color","Bruno Barreto",1,99,9,3,"Sonia Braga",866,NA,"Comedy|Drama|Romance","Marcello Mastroianni","Gabriela ",712,1179,"Joffre Soares",0,"based on novel|brazil|female underarm hair|sex in a window|star appears nude","http://www.imdb.com/title/tt0085575/?ref_=fn_tt_tt_1",9,"Portuguese","Brazil","R",NA,1983,308,6.4,2.35,114
"Color","Greg Mottola",342,109,99,57,"Nelson Ascencio",176,37371385,"Adventure|Comedy|Sci-Fi","Bobby Lee","Paul ",192462,390,"Jeremy Owen",0,"alien|geek|nerd|road trip|ufo","http://www.imdb.com/title/tt1092026/?ref_=fn_tt_tt_1",334,"English","USA","R",4e+07,2011,61,7,2.35,42000
"Color","Rob Cohen",211,101,357,374,"Chad Lindberg",907,25863915,"Action|Crime|Mystery|Thriller","Cicely Tyson","Alex Cross ",28257,2471,"Carmen Ejogo",0,"assassin|detective|partner|police|serial killer","http://www.imdb.com/title/tt1712170/?ref_=fn_tt_tt_1",151,"English","USA","PG-13",3.5e+07,2012,445,5.1,2.35,11000
"Color","Kundan Shah",1,NA,4,72,"Bobby Deol",353,NA,"Action|Comedy|Romance|Thriller","Karisma Kapoor","Hum To Mohabbat Karega ",275,613,"Shakti Kapoor",2,"elevator|news reporter|police|restaurant|waiter","http://www.imdb.com/title/tt0249588/?ref_=fn_tt_tt_1",1,"Hindi","India","",NA,2000,89,2.8,NA,10
"Color","James Isaac",205,85,52,489,"Kane Hodder",1000,12610731,"Action|Horror|Sci-Fi|Thriller","Peter Mensah","Jason X ",38985,3050,"Lexa Doig",1,"jason voorhees|lake|machete|scientist|slasher","http://www.imdb.com/title/tt0211443/?ref_=fn_tt_tt_1",673,"English","USA","R",1.1e+07,2001,935,4.4,1.85,0
"Color","Nora Ephron",153,119,0,744,"Jean Stapleton",15000,115731542,"Comedy|Drama|Romance","Tom Hanks","You've Got Mail ",151812,17768,"Dave Chappelle",2,"bookstore|competing businesses|instant messaging|new york city|shop owner","http://www.imdb.com/title/tt0128853/?ref_=fn_tt_tt_1",556,"English","USA","PG",6.5e+07,1998,793,6.5,1.85,0
"Color","Tobe Hooper",277,88,365,177,"Edwin Neal",383,30859000,"Horror|Thriller","Gunnar Hansen","The Texas Chain Saw Massacre ",96411,1094,"Marilyn Burns",0,"cannibal|chainsaw|hitchhiker|independent film|leatherface","http://www.imdb.com/title/tt0072271/?ref_=fn_tt_tt_1",826,"English","USA","R",83532,1974,371,7.5,1.85,0
"Color","",20,45,NA,260,"Bobby Campo",460,NA,"Crime|Drama|Horror|Mystery|Thriller","Bex Taylor-Klaus","Scream: The TV Series             ",18058,2380,"Jason Wiles",0,"generation y|millennial generation|murder|teenage girl|throat slitting","http://www.imdb.com/title/tt3921180/?ref_=fn_tt_tt_1",68,"English","USA","TV-14",NA,NA,292,7.3,16,0
"Color","Mark Rosman",69,95,15,528,"Lin Shaye",1000,51431160,"Comedy|Family|Romance","Dan Byrd","A Cinderella Story ",62861,3092,"Julie Gonzalo",2,"cinderella story|correspondence|evil step mother|female protagonist|teenage girl","http://www.imdb.com/title/tt0356470/?ref_=fn_tt_tt_1",232,"English","USA","PG",2e+07,2004,852,5.9,1.85,0
"Color","Gore Verbinski",313,151,563,1000,"Orlando Bloom",40000,423032628,"Action|Adventure|Fantasy","Johnny Depp","Pirates of the Caribbean: Dead Man's Chest ",522040,48486,"Jack Davenport",2,"box office hit|giant squid|heart|liar's dice|monster","http://www.imdb.com/title/tt0383574/?ref_=fn_tt_tt_1",1832,"English","USA","PG-13",2.25e+08,2006,5000,7.3,2.35,5000
"Color","Kirk Jones",160,99,52,148,"James Frain",22000,8855646,"Adventure|Drama","Robert De Niro","Everybody's Fine ",49855,23409,"Brendan Sexton III",1,"bus trip|parental love|retirement|surprise visit|train ride","http://www.imdb.com/title/tt0780511/?ref_=fn_tt_tt_1",117,"English","USA","PG-13",2.1e+07,2009,1000,7.2,2.35,10000
"Color","Bill Condon",322,115,386,12000,"Kristen Stewart",21000,292298923,"Adventure|Drama|Fantasy|Romance","Robert Pattinson","The Twilight Saga: Breaking Dawn - Part 2 ",185394,59177,"Taylor Lautner",3,"battle|friend|super strength|vampire|vision","http://www.imdb.com/title/tt1673434/?ref_=fn_tt_tt_1",329,"English","USA","PG-13",1.2e+08,2012,17000,5.5,2.35,65000
"Color","Anne Fletcher",175,111,98,71,"Bern Cohen",2000,76806312,"Comedy|Romance","Judy Greer","27 Dresses ",124501,2978,"Yetta Gottesman",1,"boss|bridesmaid|friend|love|wedding","http://www.imdb.com/title/tt0988595/?ref_=fn_tt_tt_1",154,"English","USA","PG-13",3e+07,2008,805,6.1,2.35,0
"Color","Richard Glatzer",69,90,25,138,"Jesse Garcia",231,1689999,"Drama","Emily Rios","Quinceañera ",3675,771,"Alicia Sixtos",1,"15th birthday|birthday|gay|party|security guard","http://www.imdb.com/title/tt0451176/?ref_=fn_tt_tt_1",48,"Spanish","USA","R",4e+05,2006,200,7.1,2.35,426
"Color","Martin Scorsese",120,128,17000,387,"Robert Mitchum",22000,79100000,"Crime|Thriller","Robert De Niro","Cape Fear ",127503,24006,"Joe Don Baker",0,"lawyer|neo noir|prison|rapist|southern gothic","http://www.imdb.com/title/tt0101540/?ref_=fn_tt_tt_1",261,"English","USA","R",3.5e+07,1991,1000,7.3,2.35,0
"Color","Jane Campion",83,121,319,11,"Ian Mune",1000,40158000,"Drama|Music|Romance","Holly Hunter","The Piano ",63931,1051,"Geneviève Lemon",1,"adultery|daughter|male rear nudity|new zealand|piano","http://www.imdb.com/title/tt0107822/?ref_=fn_tt_tt_1",241,"English","New Zealand","R",7e+06,1993,18,7.6,1.85,0
"Color","Luis Mandoki",106,102,43,280,"Shirley Knight",308,24044532,"Drama|Romance","Sonia Braga","Angel Eyes ",19686,1440,"Kari Matchett",0,"apartment|fate|gun|love|mysterious man","http://www.imdb.com/title/tt0225071/?ref_=fn_tt_tt_1",180,"English","USA","R",3.8e+07,2001,285,5.6,1.85,689
"Color","Christian Duguay",53,93,18,443,"Bridgette Wilson-Sampras",3000,4835968,"Action|Adventure|Thriller","Rufus Sewell","Extreme Ops ",4821,4123,"Rupert Graves",0,"commercial|extreme sports|mountain|serbian|terrorist","http://www.imdb.com/title/tt0283160/?ref_=fn_tt_tt_1",82,"English","UK","PG-13",4e+07,2002,545,4.5,2.35,158
"Color","Ben Affleck",656,130,0,650,"Scoot McNairy",1000,136019448,"Biography|Drama|History|Thriller","Clea DuVall","Argo ",452465,3133,"Tate Donovan",1,"1970s|cia|f word|u.s. embassy|year 1979","http://www.imdb.com/title/tt1024648/?ref_=fn_tt_tt_1",695,"English","USA","R",44500000,2012,660,7.7,2.35,89000
"Color","Patrick Creadon",88,94,3,2,"Bill Clinton",196,3117666,"Documentary","Ken Burns","Wordplay ",3394,382,"Bob Dole",0,"comedian|crossword puzzle|editor|new york times|puzzle","http://www.imdb.com/title/tt0492506/?ref_=fn_tt_tt_1",43,"English","USA","PG",NA,2006,184,7.4,1.66,694
"Color","Youssef Delara",16,80,8,183,"Jenni Rivera",2000,2833383,"Drama|Music","Noel Gugliemi","Filly Brown ",910,2459,"Jorge Diaz",1,"","http://www.imdb.com/title/tt1869425/?ref_=fn_tt_tt_1",11,"English","USA","R",427000,2012,245,5.7,2.35,0
"Color","Peter Segal",94,109,88,571,"Janet Jackson",611,123307945,"Comedy|Romance|Sci-Fi","Larry Miller","Nutty Professor II: The Klumps ",39391,2818,"Chris Elliott",1,"alter ego|marriage|professor|scientist|serum","http://www.imdb.com/title/tt0144528/?ref_=fn_tt_tt_1",171,"English","USA","PG-13",6.5e+07,2000,592,4.3,1.85,374
"Color","Michael Anderson",112,119,23,440,"Jenny Agutter",1000,25000000,"Action|Adventure|Sci-Fi","Farrah Fawcett","Logan's Run ",39847,2951,"Peter Ustinov",1,"cat|computer|cult film|runner|sanctuary","http://www.imdb.com/title/tt0074812/?ref_=fn_tt_tt_1",242,"English","USA","PG",9e+06,1976,659,6.8,2.35,0
"Color","Adam Shankman",77,94,163,2000,"Tom Welling",12000,82569532,"Adventure|Comedy|Family","Taylor Lautner","Cheaper by the Dozen 2 ",42737,20348,"Alyson Stoner",6,"children|competition|rival|second part|vacation","http://www.imdb.com/title/tt0452598/?ref_=fn_tt_tt_1",128,"English","USA","PG",6e+07,2005,3000,5.4,2.35,781
"Color","Atom Egoyan",226,96,460,73,"Meghan Heffern",14000,3074838,"Drama|Mystery|Romance|Thriller","Liam Neeson","Chloe ",56264,14372,"Natalie Lisinska",2,"bare chested boy|doctor|escort|infidelity|prostitute","http://www.imdb.com/title/tt1352824/?ref_=fn_tt_tt_1",166,"English","USA","R",1.1e+07,2009,153,6.3,1.85,0
"Color","Paul McGuigan",202,110,118,1000,"Morgan Freeman",13000,22494487,"Crime|Drama|Mystery|Thriller","Bruce Willis","Lucky Number Slevin ",262160,26451,"Dorian Missick",3,"coroner|death|gay son|love|mistaken identity","http://www.imdb.com/title/tt0425210/?ref_=fn_tt_tt_1",507,"English","Germany","R",2.7e+07,2006,11000,7.8,2.35,10000
"Color","Timur Bekmambetov",1,141,335,635,"Ayelet Zurer",11000,NA,"Adventure|Drama|History","Morgan Freeman","Ben-Hur ",57,13379,"Moises Arias",2,"","http://www.imdb.com/title/tt2638144/?ref_=fn_tt_tt_1",1,"English","USA","PG-13",NA,2016,745,6.1,2.35,0
"Color","Dave Carroll",10,92,0,NA,"",0,NA,"Documentary","Chris 'Wonder' Schoeck","Bending Steel ",53,0,"",0,"","http://www.imdb.com/title/tt2181837/?ref_=fn_tt_tt_1",10,"English","USA","",50000,2013,NA,7.9,16,33
"Color","Gary Nelson",90,98,20,160,"Maximilian Schell",889,NA,"Action|Sci-Fi","Robert Forster","The Black Hole ",18481,2110,"Yvette Mimieux",0,"black hole|escape|palomino|robot|scientist","http://www.imdb.com/title/tt0078869/?ref_=fn_tt_tt_1",230,"English","USA","PG",2e+07,1979,877,5.9,2.35,4000
"Color","Robert Iscove",67,94,7,95,"Amanda Detmer",3000,20627372,"Comedy|Drama|Romance","Alyson Hannigan","Boys and Girls ",13661,3451,"Tsianina Joelson",3,"best friend|break up|friendship|graduation|male in underwear","http://www.imdb.com/title/tt0204175/?ref_=fn_tt_tt_1",134,"English","USA","PG-13",1.6e+07,2000,240,5.3,1.85,487
"Color","S.R. Bindler",26,85,0,499,"Scott Glenn",11000,36497,"Comedy","Matthew McConaughey","Surfer, Dude ",7367,14599,"Sarah Wright",0,"barefoot|endorsement|surfboard|virtual reality|waves","http://www.imdb.com/title/tt0976247/?ref_=fn_tt_tt_1",37,"English","USA","R",6e+06,2008,826,4.7,1.85,850
"Color","Todd Phillips",334,108,480,706,"Rob Riggle",14000,277313371,"Comedy","Bradley Cooper","The Hangover ",583341,17623,"Mike Epps",3,"drunkenness|female nudity|hangover|hedonism|morning after","http://www.imdb.com/title/tt1119646/?ref_=fn_tt_tt_1",626,"English","USA","R",3.5e+07,2009,839,7.8,2.35,24000
"Color","Charles Binamé",20,124,2,23,"Roy Dupuis",413,NA,"Biography|Drama|Sport","Stephen McHattie","The Rocket: The Legend of Rocket Richard ",4412,733,"Julie LeBreton",0,"fan|french canadian|hockey|hockey player|machinist","http://www.imdb.com/title/tt0460505/?ref_=fn_tt_tt_1",31,"French","Canada","PG",8e+06,2005,265,7.7,2.35,520
"Color","Gurinder Chadha",161,112,98,397,"Parminder Nagra",883,32541719,"Comedy|Drama|Romance|Sport","Archie Panjabi","Bend It Like Beckham ",89806,2201,"Anupam Kher",0,"hinduism|marriage engagement|soccer|team|tradition","http://www.imdb.com/title/tt0286499/?ref_=fn_tt_tt_1",438,"English","UK","PG-13",3500159,2002,528,6.7,1.85,0
"Color","Brian Robbins",76,98,48,722,"Joel David Moore",21000,61112916,"Comedy|Family|Fantasy","Robert Downey Jr.","The Shaggy Dog ",14888,24664,"Kristin Davis",0,"animal as human|dog movie|elevator|human becoming an animal|sheepdog","http://www.imdb.com/title/tt0393735/?ref_=fn_tt_tt_1",83,"English","USA","PG",5e+07,2006,936,4.4,2.35,747
"Color","David Robert Mitchell",533,100,421,159,"Ruby Harris",314,14673301,"Horror|Mystery","Maika Monroe","It Follows ",112899,1062,"Jake Weary",0,"ambiguous ending|being followed|sex scene|supernatural|supernatural being","http://www.imdb.com/title/tt3235888/?ref_=fn_tt_tt_1",631,"English","USA","R",2e+06,2014,189,6.9,2.35,45000
" Black and White","David Sington",107,100,90,65,"Buzz Aldrin",168,1134049,"Documentary|History","John F. Kennedy","In the Shadow of the Moon ",5475,408,"Neil Armstrong",0,"1960s|astronaut|moon|nasa|spacecraft accident","http://www.imdb.com/title/tt0925248/?ref_=fn_tt_tt_1",44,"English","UK","PG",2e+06,2007,142,8.1,1.85,0
"Color","",52,28,NA,576,"Kevin Connolly",680,NA,"Comedy|Drama","Debi Mazar","Entourage             ",135643,2867,"Kevin Dillon",2,"actor|fame|friendship between men|hollywood california|sitcom","http://www.imdb.com/title/tt0387199/?ref_=fn_tt_tt_1",145,"English","USA","TV-MA",NA,NA,638,8.5,1.78,0
"Color","Steven Spielberg",252,117,14000,358,"Penelope Wilton",535,52792307,"Adventure|Family|Fantasy","Mark Rylance","The BFG ",12572,1950,"Rafe Spall",0,"cannibal|evil brother|giant|london england|queen","http://www.imdb.com/title/tt3691740/?ref_=fn_tt_tt_1",106,"English","UK","PG",1.4e+08,2016,400,6.8,2.35,27000
"Color","Brad Bird",432,133,663,690,"Jeremy Renner",10000,209364921,"Action|Adventure|Thriller","Tom Cruise","Mission: Impossible - Ghost Protocol ",365104,21768,"Michael Nyqvist",3,"dubai|kremlin|race against time|russian|terrorist","http://www.imdb.com/title/tt1229238/?ref_=fn_tt_tt_1",512,"English","USA","PG-13",1.45e+08,2011,10000,7.4,2.35,35000
"Color","Alexander Payne",549,115,729,552,"Nick Krause",8000,82624961,"Comedy|Drama","Shailene Woodley","The Descendants ",205284,9578,"Beau Bridges",0,"boating accident|daughters|father daughter relationship|hospital|marriage","http://www.imdb.com/title/tt1033575/?ref_=fn_tt_tt_1",439,"English","USA","R",2e+07,2011,727,7.3,2.35,22000
"Color","Emily Dell",8,88,0,311,"Wesley Jonathan",618,NA,"Drama|Music|Romance","Aimee Garcia","B-Girl ",551,2476,"Drew Sidora",0,"brooklyn new york city|los angeles california|teacher|trauma|violence","http://www.imdb.com/title/tt0964179/?ref_=fn_tt_tt_1",10,"English","USA","PG-13",NA,2009,592,4,NA,303
"Color","Mike Marvin",70,93,28,415,"Randy Quaid",1000,3500000,"Action|Horror|Romance|Sci-Fi|Thriller","Clint Howard","The Wraith ",10082,2319,"Nick Cassavetes",2,"arizona|death|gang|police|sheriff","http://www.imdb.com/title/tt0092240/?ref_=fn_tt_tt_1",100,"English","USA","R",2700000,1986,695,5.9,1.85,0
"Color","Rob Reiner",75,114,0,452,"Samantha Mathis",524,65000000,"Comedy|Drama|Romance","Shawna Waldron","The American President ",43027,2668,"Wendie Malick",0,"lobbyist|president|senator|state dinner|widower","http://www.imdb.com/title/tt0112346/?ref_=fn_tt_tt_1",214,"English","USA","PG-13",6.2e+07,1995,517,6.8,2.35,0
"Color","Carter Smith",233,93,27,49,"Jonathan Tucker",960,17427926,"Horror","Laura Ramsey","The Ruins ",60062,1749,"Sergio Calderón",0,"bow and arrow|group of friends|horse|rifle|ruins","http://www.imdb.com/title/tt0963794/?ref_=fn_tt_tt_1",351,"English","USA","R",8e+06,2008,664,5.9,2.35,0
"Color","Richard Donner",52,121,503,83,"John Wood",2000,NA,"Adventure|Comedy|Drama|Fantasy","Matthew Broderick","Ladyhawke ",33597,2251,"Leo McKern",2,"bishop|escape|hawk|lady|thief","http://www.imdb.com/title/tt0089457/?ref_=fn_tt_tt_1",185,"English","USA","PG-13",2e+07,1985,92,7,2.35,0
"Color","Peter Kassovitz",68,120,0,693,"Mark Margolis",49000,4956401,"Drama|War","Robin Williams","Jakob the Liar ",12601,51657,"Michael Jeter",2,"german|ghetto|hope|nazi|radio","http://www.imdb.com/title/tt0120716/?ref_=fn_tt_tt_1",89,"English","France","PG-13",1.5e+07,1999,1000,6.5,1.85,0
"Color","Justin Zackham",133,89,16,2000,"Robert De Niro",49000,21784432,"Comedy","Robin Williams","The Big Wedding ",37493,74181,"Topher Grace",8,"adoption|divorce|family relationships|farce|wedding","http://www.imdb.com/title/tt1931435/?ref_=fn_tt_tt_1",108,"English","USA","R",3.5e+07,2013,22000,5.6,2.35,0
"Color","Jaume Balagueró",222,85,57,6,"Pablo Rosso",37,27024,"Horror","Jonathan D. Mellor","[Rec] 2 ",55597,73,"Andrea Ros",0,"apartment|apartment building|blood sample|crucifix|zombie","http://www.imdb.com/title/tt1245112/?ref_=fn_tt_tt_1",148,"Spanish","Spain","R",5600000,2009,9,6.6,1.85,4000
"Color","Justin Lin",322,122,681,105,"Melissa Roxburgh",998,130468626,"Action|Adventure|Sci-Fi|Thriller","Sofia Boutella","Star Trek Beyond ",53607,1327,"Lydia Wilson",4,"hatred|sequel|space opera|star trek|third part","http://www.imdb.com/title/tt2660888/?ref_=fn_tt_tt_1",432,"English","USA","PG-13",1.85e+08,2016,119,7.5,2.35,30000
"Color","Warren Beatty",110,108,631,95,"Kirk Baltz",631,26525834,"Comedy|Drama|Romance","Warren Beatty","Bulworth ",21998,1023,"Graham Beckel",1,"hip hop|liberal|politics|senator|truth","http://www.imdb.com/title/tt0118798/?ref_=fn_tt_tt_1",227,"English","USA","R",3e+07,1998,199,6.8,1.85,0
" Black and White","Frank Miller",374,147,436,175,"Powers Boothe",3000,74098862,"Crime|Thriller","Rosario Dawson","Sin City ",656640,3924,"Jason Douglas",1,"anthology|corruption|hearing characters thoughts|neo noir|night","http://www.imdb.com/title/tt0401792/?ref_=fn_tt_tt_1",1732,"English","USA","R",4e+07,2005,472,8.1,1.85,13000
"Color","Stefan Ruzowitzky",19,105,24,125,"Udo Kier",776,22723,"Action|Comedy|Drama|War","Eddie Izzard","All the Queen's Men ",2236,1732,"Edward Fox",1,"apostrophe in title|behind enemy lines|box office flop|gay interest|punctuation in title","http://www.imdb.com/title/tt0252223/?ref_=fn_tt_tt_1",40,"English","Germany","PG-13",2.5e+07,2001,595,4.5,2.35,193
"Color","Lewis Gilbert",112,123,43,238,"Desmond Llewelyn",456,46800000,"Action|Adventure|Sci-Fi|Thriller","Caroline Munro","The Spy Who Loved Me ",76477,1326,"Barbara Bach",2,"1970s|cult film|official james bond series|submarine|world war three","http://www.imdb.com/title/tt0076752/?ref_=fn_tt_tt_1",275,"English","UK","PG",1.4e+07,1977,244,7.1,2.35,0
"Color","David Schwimmer",109,106,0,67,"Jordan Trovillion",617,58214,"Crime|Drama|Thriller","Noah Emmerich","Trust ",34224,916,"Zoe Levin",0,"counselor|fbi|revenge motive|school|teenage girl","http://www.imdb.com/title/tt1529572/?ref_=fn_tt_tt_1",137,"English","USA","R",9500000,2010,163,7,2.35,10000
"Color","Laurent Tirard",56,91,2,55,"Sandrine Kiberlain",295,NA,"Comedy|Family","Louise Bourgoin","Little Nicholas ",9214,545,"Kad Merad",7,"baby|dinner|family relationships|school|three word title","http://www.imdb.com/title/tt1264904/?ref_=fn_tt_tt_1",17,"French","France","",NA,2009,71,7.2,1.85,0
"Color","Peter Yates",57,116,170,136,"Alun Armstrong",14000,NA,"Action|Adventure|Fantasy","Liam Neeson","Krull ",23351,14744,"Lysette Anthony",1,"cyclops|fortress|monster|planet|rescue","http://www.imdb.com/title/tt0085811/?ref_=fn_tt_tt_1",178,"English","UK","PG",2.7e+07,1983,192,6,2.35,0
"Color","Roland Emmerich",74,129,776,256,"Caleb Landry Jones",25000,186354,"Drama","Jeremy Irvine","Stonewall ",1758,26176,"Matt Craven",0,"box office flop|critically bashed|gay rights|new york city|stonewall riots","http://www.imdb.com/title/tt3018070/?ref_=fn_tt_tt_1",30,"English","USA","R",13500000,2015,463,4.5,2.35,0
"Color","Roger Allers",186,73,28,847,"Nathan Lane",2000,422783777,"Adventure|Animation|Drama|Family|Musical","Matthew Broderick","The Lion King ",644348,6458,"Niketa Calame",0,"king|prince|scar|uncle|unnecessary guilt","http://www.imdb.com/title/tt0110357/?ref_=fn_tt_tt_1",656,"English","USA","G",4.5e+07,1994,886,8.5,1.66,17000
"Color","Chris Roberts",85,100,38,362,"David Suchet",811,11576087,"Action|Adventure|Sci-Fi","Saffron Burrows","Wing Commander ",14747,2497,"Jürgen Prochnow",3,"27th century|fighter pilot|orchestral music score|outer space|space opera","http://www.imdb.com/title/tt0131646/?ref_=fn_tt_tt_1",338,"English","USA","PG-13",3e+07,1999,586,4.1,2.35,858
"Color","Leslye Headland",156,87,21,416,"Adam Scott",4000,418268,"Comedy|Romance","Kirsten Dunst","Bachelorette ",37156,8353,"Andrew Rannells",3,"bachelorette party|drug use|high school|overdose|wedding dress","http://www.imdb.com/title/tt1920849/?ref_=fn_tt_tt_1",129,"English","USA","R",3e+06,2012,3000,5.3,2.35,0
"Color","Jason Stone",48,108,14,826,"Ellen Burstyn",2000,NA,"Thriller","Topher Grace","The Calling ",6025,4385,"Christopher Heyerdahl",2,"bouquet|house fire|praying|serial killer|tied to a chair","http://www.imdb.com/title/tt1666335/?ref_=fn_tt_tt_1",28,"English","USA","R",NA,2014,1000,5.8,NA,0
"Color","Martin Scorsese",233,216,17000,1000,"Liam Neeson",29000,77679638,"Crime|Drama","Leonardo DiCaprio","Gangs of New York ",314033,47657,"Jim Broadbent",3,"butcher|civil war|gangster|new york city|revenge","http://www.imdb.com/title/tt0217505/?ref_=fn_tt_tt_1",1166,"English","USA","R",1e+08,2002,14000,7.5,2.35,0
"Color","Joseph Gordon-Levitt",364,90,23000,694,"Scarlett Johansson",23000,24475193,"Comedy|Drama|Romance","Joseph Gordon-Levitt","Don Jon ",190494,44265,"Tony Danza",1,"camera focus on female butt|cunnilingus|new jersey|oral sex|reference to facebook","http://www.imdb.com/title/tt2229499/?ref_=fn_tt_tt_1",314,"English","USA","R",3e+06,2013,19000,6.6,2.35,33000
"Color","George Tillman Jr.",98,129,88,975,"Charlize Theron",22000,48814909,"Biography|Drama","Robert De Niro","Men of Honor ",89424,36069,"Michael Rapaport",0,"african american|amputee|navy|racial discrimination|racism","http://www.imdb.com/title/tt0203019/?ref_=fn_tt_tt_1",224,"English","USA","R",3.2e+07,2000,9000,7.2,2.35,0
"Color","Marco Schnabel",150,87,12,645,"Romany Malco",3000,32178777,"Comedy|Romance|Sport","Justin Timberlake","The Love Guru ",43300,6658,"Verne Troyer",6,"bloopers during credits|bucket of popcorn|chastity belt|guru|toronto maple leafs","http://www.imdb.com/title/tt0811138/?ref_=fn_tt_tt_1",250,"English","USA","PG-13",6.2e+07,2008,966,3.8,2.35,0
"Color","Jack Smight",41,91,22,255,"Jan-Michael Vincent",669,NA,"Sci-Fi","George Peppard","Damnation Alley ",3701,1769,"Paul Winfield",0,"cockroach|desert|ghost town|giant spider|travel","http://www.imdb.com/title/tt0075909/?ref_=fn_tt_tt_1",71,"English","USA","PG",1.7e+07,1977,642,5.2,2.35,903
"Color","Benni Diez",95,87,2,577,"Cecilia Pillado",968,NA,"Comedy|Horror","Clifton Collins Jr.","Stung ",3119,3157,"David Masterson",0,"catering|monster|one word title|party|wasp","http://www.imdb.com/title/tt3300572/?ref_=fn_tt_tt_1",23,"English","Germany","Not Rated",2500000,2015,625,5,2.35,0
"Color","Andy Tennant",92,121,72,343,"Dougray Scott",1000,65703412,"Comedy|Drama|Romance","Anjelica Huston","Ever After: A Cinderella Story ",57958,2747,"Jeanne Moreau",1,"based on fairy tale|bechdel test passed|cinderella|fairy tale|leonardo da vinci","http://www.imdb.com/title/tt0120631/?ref_=fn_tt_tt_1",345,"English","USA","PG-13",2.6e+07,1998,794,7,2.35,0
"Color","Stephen Kay",12,92,19,599,"Marg Helgenberger",18000,12836,"Biography|Drama","Keanu Reeves","The Last Time I Committed Suicide ",1686,20135,"Gretchen Mol",1,"1940s|female bare foot|picket fence|tire|vomiting","http://www.imdb.com/title/tt0119502/?ref_=fn_tt_tt_1",28,"English","USA","R",4e+06,1997,759,5.8,1.85,161
"Color","Michel Gondry",248,102,1000,270,"Mia Farrow",734,11169531,"Comedy","Quinton Aaron","Be Kind Rewind ",79855,1778,"Melonie Diaz",2,"friend|power plant|sabotage|store clerk|video store","http://www.imdb.com/title/tt0799934/?ref_=fn_tt_tt_1",235,"English","UK","PG-13",2e+07,2008,563,6.4,2.35,0
"Color","Denis Villeneuve",454,153,777,1000,"Jake Gyllenhaal",20000,60962878,"Crime|Drama|Mystery|Thriller","Hugh Jackman","Prisoners ",383591,37321,"Dylan Minnette",2,"child abduction|detective|investigation|police|sex offender","http://www.imdb.com/title/tt1392214/?ref_=fn_tt_tt_1",620,"English","USA","R",4.6e+07,2013,15000,8.1,1.85,86000
"Color","John Carney",232,85,109,18,"Markéta Irglová",200,9437933,"Drama|Music|Romance","Glen Hansard","Once ",90827,332,"Darren Healy",0,"immigrant|independent film|song|street|vacuum cleaner","http://www.imdb.com/title/tt0907657/?ref_=fn_tt_tt_1",329,"English","Ireland","R",180000,2007,96,7.9,1.85,26000
"Color","Francis Ford Coppola",208,175,0,3000,"Marlon Brando",14000,134821952,"Crime|Drama","Al Pacino","The Godfather ",1155770,28122,"Robert Duvall",1,"crime family|mafia|organized crime|patriarch|rise to power","http://www.imdb.com/title/tt0068646/?ref_=fn_tt_tt_1",2238,"English","USA","R",6e+06,1972,10000,9.2,1.85,43000
"Color","Scandar Copti",100,124,13,7,"Scandar Copti",20,621240,"Crime|Drama","Shahir Kabaha","Ajami ",4999,42,"Ranin Karim",6,"arab|christian|israeli|palestinian|violence","http://www.imdb.com/title/tt1077262/?ref_=fn_tt_tt_1",32,"Arabic","Germany","",NA,2009,13,7.4,1.85,0
"Color","John Carpenter",156,98,0,900,"Clea DuVall",26000,8434601,"Action|Horror|Sci-Fi","Jason Statham","Ghosts of Mars ",43006,28867,"Natasha Henstridge",5,"head on a stake|machine gun|martian|nuclear reactor|outer space","http://www.imdb.com/title/tt0228333/?ref_=fn_tt_tt_1",460,"English","USA","R",2.8e+07,2001,1000,4.9,2.35,0
"Color","Joel Edgerton",297,108,0,458,"Allison Tolman",1000,43771291,"Mystery|Thriller","Busy Philipps","The Gift ",79909,3215,"Wendell Pierce",1,"compulsive liar|fired from a job|gift|rape|substance abuse","http://www.imdb.com/title/tt4178092/?ref_=fn_tt_tt_1",279,"English","USA","R",5e+06,2015,562,7.1,2.35,15000
"Color","Mike Mitchell",226,93,31,213,"Kathy Griffin",4000,238371987,"Adventure|Animation|Comedy|Family|Fantasy","Jon Hamm","Shrek Forever After ",138661,4628,"Mary Kay Place",2,"alternate world|fairy tale parody|female warrior|ogre|true love","http://www.imdb.com/title/tt0892791/?ref_=fn_tt_tt_1",173,"English","USA","PG",1.65e+08,2010,225,6.4,2.35,0
"Color","Martin Scorsese",85,134,17000,0,"Tulku Jamyang Kunga Tenzin",2,5532301,"Biography|Drama|History|War","Tenzin Thuthob Tsarong","Kundun ",21606,4,"Tencho Gyalpo",0,"chinese|dalai lama|lama|tibet|tibetan","http://www.imdb.com/title/tt0119485/?ref_=fn_tt_tt_1",117,"English","USA","PG-13",2.8e+07,1997,2,7,2.35,0
"Color","Oren Peli",56,91,110,14,"Sandra Staggs",46,NA,"Horror|Sci-Fi|Thriller","Glenn Campbell","Area 51 ",7888,117,"Jelena Nik",0,"alien|alien abduction|conspiracy|secret base|ufo","http://www.imdb.com/title/tt1519461/?ref_=fn_tt_tt_1",55,"English","USA","R",5e+06,2015,21,4.2,NA,0
"Color","Bennett Miller",419,133,152,11000,"Robin Wright",22000,75605492,"Biography|Drama|Sport","Philip Seymour Hoffman","Moneyball ",283563,53094,"Brad Pitt",1,"baseball|meeting|statistics|strategy|voice over","http://www.imdb.com/title/tt1210166/?ref_=fn_tt_tt_1",312,"English","USA","PG-13",5e+07,2011,18000,7.6,1.85,27000
"Color","Ruairi Robinson",120,98,7,507,"Olivia Williams",805,23838,"Horror|Sci-Fi|Thriller","Romola Garai","The Last Days on Mars ",28570,2271,"Tom Cullen",0,"alien infection|astronaut|mars|mission|zombie","http://www.imdb.com/title/tt1709143/?ref_=fn_tt_tt_1",160,"English","UK","R",7e+06,2013,766,5.5,2.35,0
"Color","Zach Cregger",76,90,138,263,"Windell Middlebrooks",373,4542775,"Comedy|Romance","Hugh M. Hefner","Miss March ",18313,1831,"Raquel Alessi",2,"fellatio|hugh hefner|oral sex|playboy centerfold|topless female nudity","http://www.imdb.com/title/tt1151922/?ref_=fn_tt_tt_1",73,"English","USA","R",6e+06,2009,308,5.1,1.85,985
"Color","Pierre Morel",141,84,180,58,"Cyril Raffaelli",510,1197786,"Action|Crime|Thriller","David Belle","District B13 ",55928,962,"Dany Verissimo-Petit",2,"bomb|gang|police|sister|undercover cop","http://www.imdb.com/title/tt0414852/?ref_=fn_tt_tt_1",157,"French","France","R",1.2e+07,2004,297,7.2,2.35,0
"Color","Danny Cannon",90,118,41,577,"Kuno Becker",722,4280577,"Drama|Romance|Sport","Sean Pertwee","Goal! The Dream Begins ",50919,2859,"Stephen Dillane",0,"barrio|border|newcastle united|party|soccer","http://www.imdb.com/title/tt0380389/?ref_=fn_tt_tt_1",114,"English","USA","PG-13",1e+07,2005,580,6.8,2.35,0
"Color","Joel Schumacher",216,81,541,328,"John Enos III",991,46563158,"Crime|Thriller","Radha Mitchell","Phone Booth ",207934,2562,"Richard T. Jones",0,"phone booth|publicist|single set production|sniper|sniper rifle","http://www.imdb.com/title/tt0183649/?ref_=fn_tt_tt_1",629,"English","USA","R",1.3e+07,2002,465,7.1,2.35,0
"Color","Jon Cassar",45,90,78,720,"Landon Liboiron",2000,NA,"Drama|Western","Demi Moore","Forsaken ",4693,4142,"Michael Wincott",1,"","http://www.imdb.com/title/tt2271563/?ref_=fn_tt_tt_1",49,"English","Canada","R",1.1e+07,2015,1000,6.3,2.35,0
"Color","Michael Tollin",50,108,19,505,"Brian Dennehy",973,19693891,"Comedy|Drama|Romance|Sport","Marc Blucas","Summer Catch ",12993,3344,"Bruce Davison",2,"baseball|baseball player|night|rivalry|summer","http://www.imdb.com/title/tt0234829/?ref_=fn_tt_tt_1",107,"English","USA","PG-13",3.4e+07,2001,954,4.9,1.85,476
"Color","Paul Haggis",287,115,549,911,"Loretta Devine",3000,54557348,"Crime|Drama|Thriller","Don Cheadle","Crash ",361169,5732,"Jennifer Esposito",0,"race relations|racism|racist|social problem|stereotype","http://www.imdb.com/title/tt0375679/?ref_=fn_tt_tt_1",1624,"English","Germany","R",6500000,2004,912,7.9,2.35,18000
"Color","Stephen Sommers",202,130,208,591,"Brendan Fraser",12000,202007640,"Action|Adventure|Fantasy|Thriller","Dwayne Johnson","The Mummy Returns ",248045,15972,"Patricia Velasquez",5,"ancient egypt|bracelet|king|scorpion|son","http://www.imdb.com/title/tt0209163/?ref_=fn_tt_tt_1",890,"English","USA","PG-13",9.8e+07,2001,3000,6.3,2.35,0
"Color","",12,43,NA,218,"Matt Ryan",1000,NA,"Drama|Fantasy|Horror|Thriller","Harold Perrineau","Constantine             ",36919,1990,"Charles Halford",1,"based on comic|based on comic book|dc arrowverse|dc comics|supernatural","http://www.imdb.com/title/tt3489184/?ref_=fn_tt_tt_1",94,"English","USA","TV-14",NA,NA,560,7.5,16,10000
"Color","Peyton Reed",139,98,235,229,"Lindsay Sloane",4000,68353550,"Comedy|Sport","Kirsten Dunst","Bring It On ",70141,5270,"Clare Kramer",1,"championship|cheerleading|high school|teen comedy|teenage romance","http://www.imdb.com/title/tt0204946/?ref_=fn_tt_tt_1",385,"English","USA","PG-13",1e+07,2000,464,5.9,1.85,0
"Color","John Moore",228,103,212,248,"Beau Bridges",15000,40687294,"Action|Crime|Drama|Mystery|Thriller","Mila Kunis","Max Payne ",107772,16249,"Jamie Hector",1,"corporation|death|ex partner|hallucination|police detective","http://www.imdb.com/title/tt0467197/?ref_=fn_tt_tt_1",398,"English","Canada","PG-13",3.5e+07,2008,552,5.4,2.35,0
"Color","Darren Stein",8,90,18,422,"Jamie Kennedy",491,5494,"Comedy|Drama","Frances Bay","Sparkler ",377,2633,"Veronica Cartwright",3,"automobile association of america|cheating|psychic|reference to tom jones the singer|trailer park","http://www.imdb.com/title/tt0124137/?ref_=fn_tt_tt_1",13,"English","USA","R",NA,1997,490,5.6,NA,17
"Color","",53,55,NA,2,"Olaf Lubaszenko",20,447093,"Drama","Krystyna Janda","Dekalog             ",12590,25,"Olgierd Lukaszewicz",0,"meaning of life|moral challenge|morality|search for meaning|ten commandments","http://www.imdb.com/title/tt0092337/?ref_=fn_tt_tt_1",37,"Polish","Poland","TV-MA",NA,NA,3,9.1,1.33,0
"Color","Matt Reeves",390,116,198,884,"Dylan Minnette",17000,12134420,"Drama|Fantasy|Horror|Mystery","Chloë Grace Moretz","Let Me In ",92237,20258,"Kodi Smit-McPhee",0,"blood|boy|night|school|vampire","http://www.imdb.com/title/tt1228987/?ref_=fn_tt_tt_1",366,"English","UK","R",2e+07,2010,1000,7.2,2.35,25000
"Color","Ken Kwapis",120,91,42,766,"Christine Taylor",49000,43792641,"Comedy|Romance","Robin Williams","License to Wed ",32157,52566,"Mindy Kaling",3,"box office flop|church|kissing|usa|wedding","http://www.imdb.com/title/tt0762114/?ref_=fn_tt_tt_1",119,"English","USA","PG-13",3.5e+07,2007,838,5.3,2.35,913
"Color","Joel Schumacher",138,123,541,173,"Chris Bauer",12000,36283504,"Mystery|Thriller","Nicolas Cage","8MM ",104564,12970,"Anthony Heald",1,"investigation|obsession|private eye|private investigator|snuff film","http://www.imdb.com/title/tt0134273/?ref_=fn_tt_tt_1",587,"English","Germany","R",4e+07,1999,638,6.5,2.35,0
"Color","Andy Fickman",76,94,99,377,"Daniella Alonso",598,71038190,"Action|Comedy|Crime","D.B. Woodside","Paul Blart: Mall Cop 2 ",23473,3552,"Eduardo Verástegui",1,"character name in title|no opening credits|sequel|wilhelm scream","http://www.imdb.com/title/tt3450650/?ref_=fn_tt_tt_1",123,"English","USA","PG",3e+07,2015,557,4.4,1.85,8000
"Color","Zach Braff",205,102,0,294,"Michael Weston",625,26781723,"Comedy|Drama|Romance","Armando Riesco","Garden State ",187595,1655,"Jill Flint",3,"actor|doctor|drugs|home|pain","http://www.imdb.com/title/tt0333766/?ref_=fn_tt_tt_1",978,"English","USA","R",2500000,2004,379,7.6,2.35,0
"Color","Bob Clark",75,94,84,95,"Susan Clark",110,105500000,"Comedy","Art Hindle","Porky's ",31260,582,"Tony Ganios",0,"female full frontal nudity|revenge|school|sheriff|virginity","http://www.imdb.com/title/tt0084522/?ref_=fn_tt_tt_1",152,"English","Canada","R",4e+06,1981,95,6.2,1.85,0
"Color","Wes Craven",160,107,0,255,"Emily Meade",798,14637490,"Horror|Mystery|Thriller","Frank Grillo","My Soul to Take ",16411,2537,"Zena Grey",2,"evil|killer|murder|psychopath|serial killer","http://www.imdb.com/title/tt0872230/?ref_=fn_tt_tt_1",136,"English","USA","R",2.5e+07,2010,374,4.8,2.35,0
"Color","Robert Fontaine",4,125,7,17,"Arturo Castro",128,3330,"Crime|Drama","Michael Derek","Mi America ",22,214,"Brad Lee Wind",0,"","http://www.imdb.com/title/tt2460506/?ref_=fn_tt_tt_1",1,"English","USA","R",2100000,2015,22,7.2,2.35,305
"Color","Mamoru Hosoda",29,82,99,44,"Colleen O'Shaughnessey",93,9628751,"Action|Adventure|Animation|Family|Sci-Fi","Lara Jill Miller","Digimon: The Movie ",5164,315,"Mona Marshall",0,"based on video game|box office hit|computer|digimon|internet","http://www.imdb.com/title/tt0259974/?ref_=fn_tt_tt_1",65,"English","USA","PG",5e+06,2000,45,5.9,1.85,207
"Color","Kevin Macdonald",121,106,162,3,"Brendan Mackey",21,4581222,"Adventure|Documentary|Drama|Sport","Nicholas Aaron","Touching the Void ",26926,29,"Joe Simpson",0,"bone|climbing|crevasse|partner|rope","http://www.imdb.com/title/tt0379557/?ref_=fn_tt_tt_1",156,"English","UK","R",NA,2003,5,8.1,1.85,0
"Color","Mike Binder",154,124,57,905,"Don Cheadle",11000,19661987,"Drama","Adam Sandler","Reign Over Me ",83786,17050,"John de Lancie",2,"college|depression|grief|mental breakdown|post september 11 2001","http://www.imdb.com/title/tt0490204/?ref_=fn_tt_tt_1",231,"English","USA","R",2e+07,2007,3000,7.5,2.35,0
"Color","Edward Zwick",190,154,380,445,"Tony Goldwyn",10000,111110575,"Action|Drama|History|War","Tom Cruise","The Last Samurai ",317166,11945,"Chad Lindberg",1,"captain|emperor|honor|japan|samurai","http://www.imdb.com/title/tt0325710/?ref_=fn_tt_tt_1",928,"English","USA","R",1.4e+08,2003,956,7.7,2.35,0
"Color","Jerry Rees",17,90,115,385,"Phil Hartman",11000,NA,"Adventure|Animation|Comedy|Family|Fantasy|Musical","Jon Lovitz","The Brave Little Toaster ",19650,12359,"Mindy Sterling",0,"journey|obsolescence|radio|toaster|vacuum cleaner","http://www.imdb.com/title/tt0092695/?ref_=fn_tt_tt_1",62,"English","USA","Not Rated",2300000,1987,516,7.3,NA,0
"Color","Fernando Baez Mella",1,101,0,15,"Christian Alvarez",159,NA,"Crime|Drama","Manny Perez","The King of Najayo ",197,206,"Claudette Lalí",1,"","http://www.imdb.com/title/tt2275671/?ref_=fn_tt_tt_1",1,"Spanish","Dominican Republic","R",5e+05,2012,15,6.9,16,126
"Color","Josh Trank",369,100,128,78,"Reg E. Cathey",596,56114221,"Action|Adventure|Sci-Fi","Tim Blake Nelson","Fantastic Four ",110486,1261,"Tim Heidecker",3,"box office flop|critically bashed|portal|teleportation|troubled production","http://www.imdb.com/title/tt1502712/?ref_=fn_tt_tt_1",695,"English","USA","PG-13",1.2e+08,2015,360,4.3,2.35,41000
"Color","Woody Allen",104,96,11000,223,"Lynn Cohen",11000,10569071,"Comedy","Woody Allen","Deconstructing Harry ",35586,11867,"Judy Davis",2,"marriage|novelist|panties pulled down|writer's block|writing","http://www.imdb.com/title/tt0118954/?ref_=fn_tt_tt_1",131,"English","USA","R",2e+07,1997,474,7.4,1.85,0
"Color","Richard Attenborough",17,147,0,400,"Kevin McNally",18000,5899797,"Biography|Drama|History","Denzel Washington","Cry Freedom ",9913,18855,"Penelope Wilton",0,"activist|editor|journalist|newspaper|south africa","http://www.imdb.com/title/tt0092804/?ref_=fn_tt_tt_1",51,"English","UK","PG",2.9e+07,1987,427,7.5,2.35,0
"Color","Sam Peckinpah",147,144,541,242,"Warren Oates",682,NA,"Action|Adventure|Western","William Holden","The Wild Bunch ",63192,2379,"L.Q. Jones",1,"friendship|honor|righteous rage|soldier|texas","http://www.imdb.com/title/tt0065214/?ref_=fn_tt_tt_1",287,"English","USA","R",6244087,1969,288,8,2.35,0
"Color","Rand Ravich",107,109,7,1000,"Charlize Theron",40000,10654581,"Drama|Sci-Fi|Thriller","Johnny Depp","The Astronaut's Wife ",45497,52621,"Clea DuVall",0,"astronaut|electrocuted in bathtub|mission|pilot|sister","http://www.imdb.com/title/tt0138304/?ref_=fn_tt_tt_1",260,"English","USA","R",3.4e+07,1999,9000,5.3,1.85,1000
"Color","James Cameron",94,141,0,618,"Tia Carrere",2000,146282411,"Action|Comedy|Thriller","Jamie Lee Curtis","True Lies ",190439,4528,"Tom Arnold",0,"espionage|secret agent|secret mission|spy|spy film","http://www.imdb.com/title/tt0111503/?ref_=fn_tt_tt_1",351,"English","USA","R",1.15e+08,1994,1000,7.2,2.35,0
"Color","Kenny Ortega",44,111,197,578,"Corbin Bleu",755,NA,"Comedy|Drama|Family|Music|Musical|Romance","Lucas Grabeel","High School Musical 2 ",39786,3009,"Olesya Rulin",5,"2000s|basketball|country club|lifeguard|talent show","http://www.imdb.com/title/tt0810900/?ref_=fn_tt_tt_1",162,"English","USA","TV-G",7e+06,2007,632,4.8,1.78,586
"Color","Renny Harlin",120,97,212,637,"Kyle Schmid",960,23292105,"Action|Fantasy|Horror|Thriller","Laura Ramsey","The Covenant ",39541,3261,"Toby Hemingway",0,"family secret|friendship between men|magic|supernatural power|teenager","http://www.imdb.com/title/tt0475944/?ref_=fn_tt_tt_1",334,"English","USA","PG-13",2e+07,2006,917,5.3,2.35,3000
"Color","David Leland",21,97,2,217,"Ryan Cartwright",4000,NA,"Adventure|Comedy|History|Romance","Hayden Christensen","Virgin Territory ",6691,4900,"David Walliams",2,"breasts|nude nun|plague|russian nobleman|two word title","http://www.imdb.com/title/tt0437954/?ref_=fn_tt_tt_1",28,"English","Italy","R",3.8e+07,2007,476,4.8,1.85,366
"Color","Tarsem Singh",178,117,763,523,"Derek Luke",16000,12276810,"Action|Mystery|Sci-Fi|Thriller","Ryan Reynolds","Self/less ",57674,17847,"Sandra Ellis Lafferty",0,"cancer|elderly man|funeral|medical|transhumanism","http://www.imdb.com/title/tt2140379/?ref_=fn_tt_tt_1",126,"English","USA","PG-13",2.6e+07,2015,543,6.5,2.35,11000
" Black and White","Michael Haneke",292,144,0,16,"Burghart Klaußner",63,2222647,"Drama|Mystery","Ulrich Tukur","The White Ribbon ",52958,167,"Leonie Benesch",0,"children|doctor|mysterious event|pastor|small village","http://www.imdb.com/title/tt1149362/?ref_=fn_tt_tt_1",193,"German","Germany","R",1.2e+07,2009,43,7.8,1.85,0
"Color","James L. Brooks",156,139,274,285,"Yeardley Smith",625,147637474,"Comedy|Drama|Romance","Lupe Ontiveros","As Good as It Gets ",224671,1474,"Shirley Knight",0,"dog|friendship|neighbor|unlikely friendship|writer","http://www.imdb.com/title/tt0119822/?ref_=fn_tt_tt_1",470,"English","USA","PG-13",5e+07,1997,440,7.7,1.85,11000
"Color","Saul Dibb",194,110,10,844,"Hayley Atwell",3000,13823741,"Biography|Drama|History|Romance","Dominic Cooper","The Duchess ",61777,6420,"Charlotte Rampling",3,"duchess|duke|heir|infidelity|marriage","http://www.imdb.com/title/tt0864761/?ref_=fn_tt_tt_1",140,"English","UK","PG-13",13500000,2008,2000,6.9,2.35,0
"Color","Christopher Nolan",341,130,22000,19000,"Hugh Jackman",23000,53082743,"Drama|Mystery|Sci-Fi|Thriller","Christian Bale","The Prestige ",844052,63986,"Scarlett Johansson",1,"illusion|magician|obsession|rivalry|secret","http://www.imdb.com/title/tt0482571/?ref_=fn_tt_tt_1",1100,"English","USA","PG-13",4e+07,2006,20000,8.5,2.35,49000
"Color","Robert Rodriguez",76,89,0,640,"Joel McHale",2000,38536376,"Action|Adventure|Comedy|Family|Sci-Fi","Alexa PenaVega","Spy Kids: All the Time in the World in 4D ",15866,4311,"Daryl Sabara",5,"2010s|3 dimensional|breath holding contest|child spy|spy","http://www.imdb.com/title/tt1517489/?ref_=fn_tt_tt_1",83,"English","USA","PG",2.7e+07,2011,734,3.6,1.85,0
"Color","Anne Fontaine",165,111,105,64,"Benoît Poelvoorde",527,6109075,"Biography|Drama","Alessandro Nivola","Coco Before Chanel ",32003,735,"Marie Gillain",1,"baron|fashion|hat|nickname|orphanage","http://www.imdb.com/title/tt1035736/?ref_=fn_tt_tt_1",65,"French","France","PG-13",19430000,2009,86,6.7,2.35,0
" Black and White","Victor Fleming",213,102,149,357,"Terry",695,22202612,"Adventure|Family|Fantasy|Musical","Margaret Hamilton","The Wizard of Oz ",291875,2509,"Billie Burke",3,"evil witch|tornado|witch|wizard|wizard of oz","http://www.imdb.com/title/tt0032138/?ref_=fn_tt_tt_1",533,"English","USA","Passed",2800000,1939,421,8.1,1.37,14000
"Color","Michel Gondry",447,119,1000,741,"Tom Wilkinson",11000,98780042,"Action|Comedy|Crime|Sci-Fi|Thriller","Christoph Waltz","The Green Hornet ",136019,13391,"Chad L. Coleman",0,"heir|kung fu|party|playboy|superhero","http://www.imdb.com/title/tt0990407/?ref_=fn_tt_tt_1",443,"English","USA","PG-13",1.2e+08,2011,1000,5.8,2.35,14000
"Color","Jeff Nichols",359,121,337,41,"Shea Whigham",982,1729969,"Drama|Thriller","Katy Mixon","Take Shelter ",68211,1520,"Robert Longstreet",0,"ambiguous ending|firefly|mysterious event|schizophrenia|storm","http://www.imdb.com/title/tt1675192/?ref_=fn_tt_tt_1",219,"English","USA","R",5e+06,2011,463,7.4,2.35,14000
"Color","Malcolm D. Lee",32,120,92,862,"Sanaa Lathan",1000,34074895,"Comedy|Drama","Harold Perrineau","The Best Man ",6525,5420,"Jarrod Bunch",6,"african american|bachelor party|brooklyn bridge|family relationships|stripper","http://www.imdb.com/title/tt0168501/?ref_=fn_tt_tt_1",79,"English","USA","R",9e+06,1999,886,6.7,1.85,0
"Color","David Koepp",248,91,192,346,"Dania Ramirez",23000,20275446,"Action|Crime|Thriller","Joseph Gordon-Levitt","Premium Rush ",95274,24669,"Aasif Mandvi",0,"chase|courier|delivery|envelope|police","http://www.imdb.com/title/tt1547234/?ref_=fn_tt_tt_1",178,"English","USA","PG-13",3.5e+07,2012,1000,6.5,2.35,20000
"Color","Oliver Stone",48,122,0,491,"John Savage",854,NA,"Drama|History|Thriller|War","Jim Belushi","Salvador ",15175,2762,"Juan Fernández",0,"1980s|el salvador|political thriller|reagan administration|war journalism","http://www.imdb.com/title/tt0091886/?ref_=fn_tt_tt_1",89,"English","UK","R",4500000,1986,652,7.5,1.85,1000
"Color","Renny Harlin",94,121,212,263,"Craig Bierko",394,33328051,"Action|Crime|Drama|Mystery|Thriller","Melina Kanakaredes","The Long Kiss Goodnight ",60508,1531,"Yvonne Zima",2,"amnesia|chase|foot chase|strong female character|vomiting","http://www.imdb.com/title/tt0116908/?ref_=fn_tt_tt_1",285,"English","USA","R",6.5e+07,1996,380,6.7,2.35,4000
"Color","Dan Mazer",158,109,11,411,"Zoey Deutch",22000,35537564,"Comedy","Robert De Niro","Dirty Grandpa ",49671,24063,"Jason Mantzoukas",1,"female removes her clothes|fondling|voyeur|voyeurism|white panties","http://www.imdb.com/title/tt1860213/?ref_=fn_tt_tt_1",166,"English","USA","R",11500000,2016,851,6,2.35,11000
"Color","Zack Snyder",287,110,0,1000,"Kevin Zegers",3000,58885635,"Action|Horror|Thriller","Ty Burrell","Dawn of the Dead ",194422,10438,"Mekhi Phifer",0,"mall|mayhem|nurse|rear entry sex|survival horror","http://www.imdb.com/title/tt0363547/?ref_=fn_tt_tt_1",1057,"English","USA","R",2.6e+07,2004,2000,7.4,2.35,7000
"Color","Alex Proyas",118,98,295,380,"Bai Ling",720,50693162,"Action|Drama|Fantasy","Michael Wincott","The Crow ",136580,2630,"David Patrick Kelly",0,"back from the dead|crime boss|crow|gothic|vigilante","http://www.imdb.com/title/tt0109506/?ref_=fn_tt_tt_1",545,"English","USA","R",2.3e+07,1994,581,7.6,1.85,15000
"Color","Ruben Fleischer",445,88,181,11,"Bill Murray",15000,75590286,"Adventure|Comedy|Horror|Sci-Fi","Emma Stone","Zombieland ",386217,28011,"Derek Graf",4,"amusement park|on the road|zombie|zombie apocalypse|zombie spoof","http://www.imdb.com/title/tt1156398/?ref_=fn_tt_tt_1",553,"English","USA","R",23600000,2009,13000,7.7,2.35,26000
"Color","Tim Burton",451,108,13000,11000,"Alan Rickman",40000,334185206,"Adventure|Family|Fantasy","Johnny Depp","Alice in Wonderland ",306336,79957,"Anne Hathaway",0,"alice in wonderland|mistaking reality for dream|queen|shrinking|shrinking potion","http://www.imdb.com/title/tt1014759/?ref_=fn_tt_tt_1",736,"English","USA","PG",2e+08,2010,25000,6.5,1.85,24000
"Color","Ivan Reitman",97,98,425,397,"Anne Heche",11000,74329966,"Action|Adventure|Comedy|Romance","Harrison Ford","Six Days Seven Nights ",60910,12729,"Amy Sedaris",2,"airplane|island|pilot|storm|thunderstorm","http://www.imdb.com/title/tt0120828/?ref_=fn_tt_tt_1",164,"English","USA","PG-13",7e+07,1998,643,5.7,2.35,0
"Color","J.C. Chandor",350,125,78,745,"Ashley Williams",1000,5749134,"Action|Crime|Drama|Thriller","David Oyelowo","A Most Violent Year ",45799,3979,"Albert Brooks",0,"american dream|immigrant|new york city|oil|violence","http://www.imdb.com/title/tt2937898/?ref_=fn_tt_tt_1",180,"English","USA","R",2e+07,2014,969,7,2.35,0
"Color","Sam Peckinpah",53,152,541,288,"Slim Pickens",773,14873,"Adventure|War|Western","James Coburn","Major Dundee ",5294,2888,"Warren Oates",2,"apache|apache indian|confederate|mexico|scout","http://www.imdb.com/title/tt0059418/?ref_=fn_tt_tt_1",67,"English","USA","Approved",3800000,1965,575,6.8,2.35,251
"Color","Steven Spielberg",281,146,14000,681,"William Hurt",3000,78616689,"Adventure|Drama|Sci-Fi","Haley Joel Osment","A.I. Artificial Intelligence ",238747,6217,"Kevin Sussman",0,"affection|boy|fairy|future|robot","http://www.imdb.com/title/tt0212720/?ref_=fn_tt_tt_1",2153,"English","USA","PG-13",1e+08,2001,882,7.1,1.85,11000
"Color","Morten Tyldum",284,100,77,27,"Synnøve Macody Lund",286,1196752,"Crime|Drama|Thriller","Aksel Hennie","Headhunters ",79353,385,"Julie R. Ølgaard",3,"art thief|male frontal nudity|male nudity|male star appears nude|painting","http://www.imdb.com/title/tt1614989/?ref_=fn_tt_tt_1",121,"Norwegian","Norway","R",30300000,2011,52,7.6,2.39,23000
"Color","Marc Forster",403,106,395,393,"Mathieu Amalric",451,168368427,"Action|Adventure","Giancarlo Giannini","Quantum of Solace ",330784,2023,"Rory Kinnear",1,"action hero|attempted rape|bond girl|official james bond series|revenge","http://www.imdb.com/title/tt0830515/?ref_=fn_tt_tt_1",1243,"English","UK","PG-13",2e+08,2008,412,6.7,2.35,0
"Color","Alex Proyas",222,111,295,531,"William Hurt",3000,14337579,"Action|Drama|Fantasy|Mystery|Sci-Fi|Thriller","Rufus Sewell","Dark City ",156929,4696,"Bruce Spence",1,"memory|murder|neo noir|retrofuturism|tech noir","http://www.imdb.com/title/tt0118929/?ref_=fn_tt_tt_1",624,"English","Australia","R",2.7e+07,1998,882,7.7,2.35,14000
"Color","Seth Gordon",275,120,91,680,"Eric Stonestreet",4000,134455175,"Comedy|Crime","Jon Favreau","Identity Thief ",97664,5826,"T.I.",2,"bounty hunter|credit card|cross country|identity|police","http://www.imdb.com/title/tt2024432/?ref_=fn_tt_tt_1",232,"English","USA","R",3.5e+07,2013,904,5.7,2.35,17000
"Color","Spike Lee",28,120,0,702,"Harry Lennix",1000,5731103,"Drama|History","Bernie Mac","Get on the Bus ",4100,5963,"Andre Braugher",10,"actor|bus|march|million man march|religion","http://www.imdb.com/title/tt0116404/?ref_=fn_tt_tt_1",35,"English","USA","R",2400000,1996,748,6.8,1.85,352
"Color","François Ozon",128,111,341,569,"Isabelle Huppert",963,3076425,"Comedy|Crime|Musical|Romance","Catherine Deneuve","8 Women ",23660,3543,"Emmanuelle Béart",1,"cook|industrialist|secret|snowstorm|suspect","http://www.imdb.com/title/tt0283832/?ref_=fn_tt_tt_1",162,"French","France","R",8e+06,2002,678,7.1,1.85,0
"Color","",1,30,NA,140,"Katherine Kelly Lang",177,NA,"Drama|Romance","Ronn Moss","The Bold and the Beautiful             ",5478,639,"Hunter Tylo",0,"beverly hills california|family relationships|los angeles california|soap opera","http://www.imdb.com/title/tt0092325/?ref_=fn_tt_tt_1",54,"English","USA","TV-14",NA,NA,170,3.5,1.78,748
"Color","Brian Caunter",11,94,0,356,"Stacy Keach",854,NA,"Action|Adventure|Crime|Drama","Mike Starr","Chicago Overcoat ",706,1989,"Frank Vincent",3,"detective|killer|police|shootout|thong","http://www.imdb.com/title/tt1085382/?ref_=fn_tt_tt_1",14,"English","USA","R",3e+06,2009,602,6.2,1.78,229
"Color","François Girard",94,130,63,2,"Clotilde Mollet",24,9473382,"Drama|Music|Mystery|Romance","Johannes Silberschneider","The Red Violin ",26832,29,"Carlo Cecchi",3,"auction|montreal|secret|violin|violinist","http://www.imdb.com/title/tt0120802/?ref_=fn_tt_tt_1",247,"French","Canada","R",1e+07,1998,3,7.7,1.85,0
"Color","Jeremy Saulnier",279,90,57,92,"Eve Plumb",1000,258113,"Crime|Drama|Thriller","Devin Ratray","Blue Ruin ",42678,1528,"Amy Hargreaves",0,"blood splatter|car|neo noir|vengeance|vomiting","http://www.imdb.com/title/tt2359024/?ref_=fn_tt_tt_1",135,"English","USA","R",1066167,2013,235,7.1,2.35,0
"Color","John Woo",160,150,610,478,"Tony Chiu Wai Leung",755,626809,"Action|Adventure|Drama|History|War","Takeshi Kaneshiro","Red Cliff ",36894,2172,"Wei Zhao",4,"alliance|battle|china|chinese|strategy","http://www.imdb.com/title/tt0425637/?ref_=fn_tt_tt_1",105,"Mandarin","China","R",553632000,2008,643,7.4,2.35,0
"Color","Nancy Meyers",187,120,278,963,"Hunter Parrish",11000,112703470,"Comedy|Drama|Romance","Meryl Streep","It's Complicated ",69860,15226,"Zoe Kazan",2,"affair|divorce|graduation|vomiting|watching television","http://www.imdb.com/title/tt1230414/?ref_=fn_tt_tt_1",214,"English","USA","R",8.5e+07,2009,2000,6.6,1.85,0
"Color","Randall Wallace",141,124,130,841,"Marc Blucas",4000,78120196,"Action|Drama|History|War","Jon Hamm","We Were Soldiers ",103241,6181,"Chris Klein",0,"air cavalry|battle|major|soldier|vietnamese","http://www.imdb.com/title/tt0277434/?ref_=fn_tt_tt_1",742,"English","USA","R",7.5e+07,2002,973,7.1,2.35,5000
"Color","Paul Donovan",18,88,4,13,"Lenore Zann",232,NA,"Action|Sci-Fi","Maury Chaykin","Def-Con 4 ",1339,289,"Tim Choate",0,"canuxploitation|independent film|post apocalypse|remake|survival","http://www.imdb.com/title/tt0087130/?ref_=fn_tt_tt_1",46,"English","Canada","R",1750000,1985,23,4.3,1.85,220
"Color","Julien Temple",22,124,67,303,"Dexter Fletcher",631,NA,"Biography|Drama","Samantha Morton","Pandaemonium ",695,1585,"Linus Roache",1,"betrayal|french revolution|friendship|poet|revolution","http://www.imdb.com/title/tt0210217/?ref_=fn_tt_tt_1",32,"English","UK","PG-13",1.5e+07,2000,452,6.6,NA,277
"Color","David Raynr",50,94,9,612,"Jodi Lyn O'Keefe",11000,8735529,"Comedy|Drama|Romance","James Franco","Whatever It Takes ",8055,13524,"Marla Sokoloff",4,"male objectification|manipulative behavior|modern day adaptation|narcissistic woman|promiscuous woman","http://www.imdb.com/title/tt0202402/?ref_=fn_tt_tt_1",89,"English","USA","PG-13",1.5e+07,2000,897,5.5,1.85,816
"Color","Mark Pellington",166,119,89,395,"Will Patton",650,35228696,"Drama|Horror|Mystery|Thriller","Debra Messing","The Mothman Prophecies ",63677,1651,"David Eigenberg",0,"car accident|death of wife|mothman|point pleasant west virginia|urban legend","http://www.imdb.com/title/tt0265349/?ref_=fn_tt_tt_1",460,"English","USA","PG-13",3.2e+07,2002,537,6.5,2.35,0
"Color","Peter Jackson",93,108,0,88,"Jed Brophy",14000,3049135,"Biography|Crime|Drama|Romance|Thriller","Kate Winslet","Heavenly Creatures ",50197,14574,"Liz Mullane",2,"fantasy life|friend|friendship|love|teenage crush","http://www.imdb.com/title/tt0110005/?ref_=fn_tt_tt_1",265,"English","New Zealand","R",5e+06,1994,433,7.4,2.35,0
"Color","Hayley Cloake",11,90,0,306,"Kayla Ewell",676,NA,"Thriller","Brian Austin Green","Impact Point ",1118,1651,"Linden Ashby",2,"championship|hit and run|police|police investigation|volleyball","http://www.imdb.com/title/tt1086841/?ref_=fn_tt_tt_1",9,"English","USA","R",2200000,2008,399,4.3,NA,77
"Color","Uli Edel",38,95,34,368,"Jim Carter",554,13555988,"Adventure|Comedy|Family|Fantasy","Richard E. Grant","The Little Vampire ",7242,2216,"Alice Krige",1,"boy|pushed off a cliff|rat|secret passage|vampire","http://www.imdb.com/title/tt0192255/?ref_=fn_tt_tt_1",38,"English","Germany","PG",2.2e+07,2000,439,5.7,1.85,0
"Color","Woody Allen",42,124,11000,563,"Larry David",11000,10763469,"Comedy|Drama|Romance","Woody Allen","New York Stories ",13692,12685,"Mia Farrow",0,"12 year old|artist|hotel|three word title|written and directed by cast member","http://www.imdb.com/title/tt0097965/?ref_=fn_tt_tt_1",55,"English","USA","PG",1.5e+07,1989,860,6.4,1.85,877
"Color","Andrew Bergman",51,117,31,210,"Rumer Willis",2000,32800000,"Comedy|Crime|Drama|Thriller","Demi Moore","Striptease ",34896,3016,"Paul Guilfoyle",1,"bouncer|breasts|congressman|private dancer|stripper","http://www.imdb.com/title/tt0117765/?ref_=fn_tt_tt_1",118,"English","USA","R",4e+07,1996,472,4.3,1.85,877
"Color","D.J. Caruso",253,105,154,501,"Aaron Yoo",884,80050171,"Drama|Mystery|Thriller","Sarah Roemer","Disturbia ",186984,2287,"Jose Pablo Cantillo",0,"binoculars|electronic tag|house arrest|neighbor|watching someone","http://www.imdb.com/title/tt0486822/?ref_=fn_tt_tt_1",491,"English","USA","PG-13",2e+07,2007,617,6.9,1.85,0
"Color","Arthur Hiller",29,86,71,385,"Harvey Weinstein",795,15447,"Comedy","Eric Idle","An Alan Smithee Film: Burn Hollywood Burn ",2971,2655,"Ryan O'Neal",0,"box office flop|critically bashed|director|hollywood|mockumentary","http://www.imdb.com/title/tt0118577/?ref_=fn_tt_tt_1",85,"English","USA","R",1e+07,1997,474,3.5,1.85,89
"Color","Terry George",187,121,83,242,"Sophie Okonedo",3000,23472900,"Drama|History|War","Don Cheadle","Hotel Rwanda ",264533,4142,"Hakeem Kae-Kazim",1,"atrocity|central africa|ethnic warfare|united nations peace keeping force|united nations soldier","http://www.imdb.com/title/tt0395169/?ref_=fn_tt_tt_1",609,"English","UK","PG-13",17500000,2004,460,8.1,2.35,12000
"Color","Walt Becker",177,100,12,311,"Tichina Arnold",419,168213584,"Action|Adventure|Comedy","Jill Hennessy","Wild Hogs ",99989,1412,"Drew Sidora",3,"biker gang|friend|motorcycle|new mexico|road trip","http://www.imdb.com/title/tt0486946/?ref_=fn_tt_tt_1",255,"English","USA","PG-13",NA,2007,330,5.9,2.35,0
"Color","William Gazecki",9,96,3,205,"Bruce Vilanch",387,NA,"Documentary","Carol Channing","The Outrageous Sophie Tucker ",38,1235,"Tony Bennett",1,"","http://www.imdb.com/title/tt2825768/?ref_=fn_tt_tt_1",3,"English","USA","",5e+05,2014,244,7.2,1.33,16
"Color","Eric Blakeney",49,101,3,826,"Oliver Platt",14000,1631839,"Comedy|Crime|Romance","Liam Neeson","Gun Shy ",5936,17665,"Mitch Pileggi",0,"colombian|enema|group therapy|murder|nurse","http://www.imdb.com/title/tt0171356/?ref_=fn_tt_tt_1",91,"English","USA","R",1e+07,2000,1000,5.7,1.85,242
"Color","Jerome Robbins",120,152,34,249,"George Chakiris",804,43650000,"Crime|Drama|Musical|Romance|Thriller","Rita Moreno","West Side Story ",71919,1802,"Richard Beymer",0,"dance|gang|new york city|puerto rican|tragedy","http://www.imdb.com/title/tt0055614/?ref_=fn_tt_tt_1",316,"English","USA","Unrated",6e+06,1961,271,7.6,2.2,0
"Color","Lewis Gilbert",121,126,43,177,"Lois Chiles",244,62700000,"Action|Adventure|Sci-Fi|Thriller","Desmond Llewelyn","Moonraker ",69534,1008,"Lois Maxwell",2,"astronaut|dog|official james bond series|space shuttle|space shuttle transported on a 747","http://www.imdb.com/title/tt0079574/?ref_=fn_tt_tt_1",294,"English","UK","PG",3.4e+07,1979,202,6.3,2.35,0
"Color","William Friedkin",376,98,607,251,"Scott A. Martin",11000,1987762,"Crime|Drama|Romance|Thriller","Matthew McConaughey","Killer Joe ",59297,11853,"Carol Sutton",0,"female nudity|female pubic hair|lingerie|neo noir|pubic hair","http://www.imdb.com/title/tt1726669/?ref_=fn_tt_tt_1",216,"English","USA","R",1.1e+07,2011,414,6.7,1.85,12000
"Color","Brett Piper",18,80,7,3,"Steve Diasparra",118,NA,"Action|Sci-Fi|Thriller","Michelle Simone Miller","Queen Crab ",48,138,"A.J. DeLucia",0,"","http://www.imdb.com/title/tt2319456/?ref_=fn_tt_tt_1",18,"English","USA","",75000,2015,15,4.5,NA,34
"Color","Raja Gosnell",138,86,67,271,"Linda Cardellini",4000,153288182,"Adventure|Comedy|Mystery","Sarah Michelle Gellar","Scooby-Doo ",71424,6355,"Miguel A. Núñez Jr.",3,"amusement park|island|motorcycle|scooby doo|tough girl","http://www.imdb.com/title/tt0267913/?ref_=fn_tt_tt_1",521,"English","USA","PG",8.4e+07,2002,2000,4.9,1.85,0
"Color","Alejandro G. Iñárritu",556,156,0,733,"Tom Hardy",29000,183635922,"Adventure|Drama|Thriller|Western","Leonardo DiCaprio","The Revenant ",406020,57108,"Lukas Haas",0,"bear attack|cauterizing a wound|native american|revenge|survival","http://www.imdb.com/title/tt1663202/?ref_=fn_tt_tt_1",1188,"English","USA","R",1.35e+08,2015,27000,8.1,2.35,190000
"Color","Luke Dye",1,84,0,53,"Jeff Delaney",385,NA,"Family","Mike Stanley","The Little Ponderosa Zoo ",15,683,"Jamison Stalsworth",2,"","http://www.imdb.com/title/tt3846442/?ref_=fn_tt_tt_1",1,"English","USA","",5e+05,2016,169,5.2,16,9
"Color","Rian Johnson",182,114,0,446,"Maximilian Schell",975,3519627,"Adventure|Comedy|Drama|Romance","Zachary Gordon","The Brothers Bloom ",41737,3014,"Nora Zehetner",4,"con man|eccentric|heiress|love|revenge","http://www.imdb.com/title/tt0844286/?ref_=fn_tt_tt_1",105,"English","USA","PG-13",2e+07,2008,877,6.9,2.35,0
" Black and White","Tony Kaye",162,101,194,602,"Beverly D'Angelo",1000,6712241,"Crime|Drama","Ethan Suplee","American History X ",782437,3858,"Stacy Keach",2,"curb stomping|neo nazi|prison|son dislikes mother's boyfriend|white supremacist","http://www.imdb.com/title/tt0120586/?ref_=fn_tt_tt_1",1420,"English","USA","R",7500000,1998,816,8.6,1.85,35000
"Color","Antoine Fuqua",89,142,845,787,"Tom Skerritt",13000,43426961,"Action|Drama|Thriller|War","Bruce Willis","Tears of the Sun ",93494,16580,"Cole Hauser",1,"dictator|doctor|jungle|rebel|refugee","http://www.imdb.com/title/tt0314353/?ref_=fn_tt_tt_1",394,"English","USA","R",7e+07,2003,1000,6.6,2.35,0
"Color","John Carpenter",212,89,0,606,"Hal Holbrook",2000,21378000,"Fantasy|Horror","Jamie Lee Curtis","The Fog ",46492,4877,"Janet Leigh",0,"california|fog|leper|lighthouse|ship","http://www.imdb.com/title/tt0080749/?ref_=fn_tt_tt_1",335,"English","USA","R",1e+06,1980,826,6.8,2.35,7000
"Color","Sterling Van Wagenen",4,100,0,266,"Eric Johnson",1000,2024854,"Drama|Western","Emily Podleski","The Work and the Glory II: American Zion ",564,1942,"Brenda Strong",2,"estrangement|missouri|mormon|mormon church|mormon temple","http://www.imdb.com/title/tt0457530/?ref_=fn_tt_tt_1",21,"English","USA","PG-13",6500000,2005,373,6.6,2.35,19
"Color","Benson Lee",65,110,9,826,"Caity Lotz",997,8888355,"Drama|Music","Chris Brown","Battle of the Year ",7894,3177,"Laz Alonso",19,"3 dimensional|box office flop|critically bashed|dancing","http://www.imdb.com/title/tt1532958/?ref_=fn_tt_tt_1",25,"English","USA","PG-13",2e+07,2013,941,5,1.85,0
"Color","Frank Oz",168,87,0,548,"Ewen Bremner",22000,8579684,"Comedy","Peter Dinklage","Death at a Funeral ",89547,24324,"Kris Marshall",0,"end credits roll call|four word title|funeral|secret|uncle","http://www.imdb.com/title/tt0795368/?ref_=fn_tt_tt_1",199,"English","USA","R",9e+06,2007,557,7.4,1.85,0
"Color","Fedor Bondarchuk",14,115,35,30,"Fedor Bondarchuk",463,NA,"Action|Adventure|Sci-Fi","Yuliya Snigir","Obitaemyy ostrov ",4387,599,"Aleksey Serebryakov",0,"22nd century|first part|friend|guard|space opera","http://www.imdb.com/title/tt0972558/?ref_=fn_tt_tt_1",21,"Russian","Russia","",29500000,2009,35,5.3,NA,240
"Color","Walter Hill",279,92,394,565,"Jason Momoa",13000,9483821,"Action|Thriller","Sylvester Stallone","Bullet to the Head ",39247,25418,"Jon Seda",3,"bar|bullet|corruption|detective|lawyer","http://www.imdb.com/title/tt1308729/?ref_=fn_tt_tt_1",131,"English","USA","R",5.5e+07,2012,11000,5.7,1.85,10000
"Color","Costa-Gavras",59,115,333,317,"Blythe Danner",972,10556196,"Crime|Drama|Thriller","Mia Kirshner","Mad City ",16562,2606,"William Atherton",2,"hostage|museum|natural history museum|news reporter|reporter","http://www.imdb.com/title/tt0119592/?ref_=fn_tt_tt_1",73,"English","USA","PG-13",5e+07,1997,713,6.2,2.35,697
"Color","Peter Jackson",294,172,0,857,"Orlando Bloom",16000,340478898,"Action|Adventure|Drama|Fantasy","Christopher Lee","The Lord of the Rings: The Two Towers ",1100446,23052,"Billy Boyd",1,"epic|evil wizard|middle earth|ring|wizard","http://www.imdb.com/title/tt0167261/?ref_=fn_tt_tt_1",2417,"English","USA","PG-13",9.4e+07,2002,5000,8.7,2.35,10000
"Color","Gary Ross",673,142,378,575,"Josh Hutcherson",34000,407999255,"Adventure|Drama|Sci-Fi|Thriller","Jennifer Lawrence","The Hunger Games ",701607,49942,"Anthony Reynolds",0,"fight to the death|game|massacre|self survival|suicide attempt","http://www.imdb.com/title/tt1392170/?ref_=fn_tt_tt_1",1959,"English","USA","PG-13",7.8e+07,2012,14000,7.3,2.35,140000
"Color","Sara Newens",18,80,0,0,"Xinhua Jiang",0,5858,"Documentary","Ariel Hsing","Top Spin ",260,0,"Michael Landers",0,"","http://www.imdb.com/title/tt4219836/?ref_=fn_tt_tt_1",2,"English","USA","",150000,2014,0,7.1,NA,116
"Color","Lionel C. Martin",11,93,3,324,"Gilbert Gottfried",1000,13960203,"Comedy","Bernie Mac","How to Be a Player ",2301,2939,"Lark Voorhies",2,"breaking the fourth wall|doorman|friend|party|sex","http://www.imdb.com/title/tt0119326/?ref_=fn_tt_tt_1",15,"English","USA","R",NA,1997,560,5.3,1.85,439
"Color","Nicolas Winding Refn",225,92,0,146,"James Lance",27000,104792,"Action|Biography|Crime|Drama","Tom Hardy","Bronson ",84817,27507,"Matt King",0,"male full frontal nudity|prison|prisoner|solitary confinement|violence","http://www.imdb.com/title/tt1172570/?ref_=fn_tt_tt_1",145,"English","UK","R",NA,2008,161,7.1,1.85,22000
"Color","Roger Donaldson",29,132,79,1000,"Anthony Hopkins",14000,8600000,"Action|Adventure|Drama|History|Romance","Liam Neeson","The Bounty ",17982,28094,"Laurence Olivier",2,"lieutenant|lifeboat|mutiny|sailing ship|ship","http://www.imdb.com/title/tt0086993/?ref_=fn_tt_tt_1",95,"English","UK","PG",2.5e+07,1984,12000,7,2.35,1000
"Color","Frank Oz",25,96,0,563,"Vincent Kartheiser",1000,35617599,"Drama|Family|Fantasy","Steve Coogan","The Indian in the Cupboard ",20688,2965,"David Keith",1,"best friend|birthday|boy|friend|magic","http://www.imdb.com/title/tt0113419/?ref_=fn_tt_tt_1",47,"English","USA","PG",4.5e+07,1995,845,5.9,1.85,0
"Color","A. Raven Cruz",3,97,0,94,"Vanilla Ice",639,NA,"Action|Adventure|Comedy|Fantasy|Sci-Fi","Scott Levy","The Helix... Loaded ",534,1188,"Jennifer Sky",2,"cnn reporter|ellipsis in title|matrix|punctuation in title|secret agent","http://www.imdb.com/title/tt0401462/?ref_=fn_tt_tt_1",9,"English","USA","R",1e+06,2005,361,1.9,1.78,128
"Color","José Padilha",142,115,294,15,"Fernanda Machado",585,8060,"Action|Crime|Drama|Thriller","Wagner Moura","Elite Squad ",81644,666,"André Ramiro",1,"brazil|military police|police|rio de janeiro brazil|slum","http://www.imdb.com/title/tt0861739/?ref_=fn_tt_tt_1",107,"Portuguese","Brazil","R",4e+06,2007,39,8.1,1.85,11000
"Color","James Gray",222,117,115,97,"Oleg Taktarov",3000,28563179,"Crime|Drama|Thriller","Robert Duvall","We Own the Night ",72693,3681,"Antoni Corone",4,"arrest|drugs|loyalty|raid|violence","http://www.imdb.com/title/tt0498399/?ref_=fn_tt_tt_1",199,"English","USA","R",2.1e+07,2007,327,6.9,1.85,0
"Color","Kelly Makin",90,102,6,584,"Burt Young",711,33864342,"Comedy|Crime|Romance","Jeanne Tripplehorn","Mickey Blue Eyes ",29968,2913,"Vincent Pastore",1,"auctioneer|fbi|mafia|mobster|painting","http://www.imdb.com/title/tt0130121/?ref_=fn_tt_tt_1",117,"English","UK","PG-13",4e+07,1999,683,5.8,1.85,445
"Color","Douglas McGrath",169,89,41,847,"Busy Philipps",2000,9639242,"Comedy|Romance","Olivia Munn","I Don't Know How She Does It ",16437,5470,"Jessica Szohr",0,"black comedy|delivery boy|dinner|gym|punishment","http://www.imdb.com/title/tt1742650/?ref_=fn_tt_tt_1",68,"English","USA","PG-13",2.4e+07,2011,1000,4.9,1.85,0
"Color","Joel Schumacher",144,121,541,680,"Rene Auberjonois",920,184031112,"Action|Adventure|Fantasy","Michael Gough","Batman Forever ",190786,2880,"Debi Mazar",4,"love|necktie|partner|rock music|tuxedo","http://www.imdb.com/title/tt0112462/?ref_=fn_tt_tt_1",539,"English","USA","PG-13",1e+08,1995,710,5.4,1.85,0
"Color","Luc Jacquet",169,80,10,34,"Sofie Gråbøl",11000,77413017,"Documentary","Morgan Freeman","March of the Penguins ",45984,11218,"Romane Bohringer",0,"chick|emperor penguin|journey|ocean|penguin","http://www.imdb.com/title/tt0428803/?ref_=fn_tt_tt_1",331,"French","France","G",8e+06,2005,108,7.6,1.85,0
"Color","Barry Levinson",76,99,272,62,"Ariel Gade",1000,12181484,"Comedy","Amy Poehler","Envy ",26390,1189,"Sam Lerner",1,"best friend|dog|envy|jealousy|neighbor","http://www.imdb.com/title/tt0326856/?ref_=fn_tt_tt_1",176,"English","USA","PG-13",4e+07,2004,87,4.8,1.85,713
"Color","Stefan Ruzowitzky",162,95,24,874,"Olivia Wilde",16000,65804,"Crime|Drama|Thriller","Charlie Hunnam","Deadfall ",32512,27575,"Sissy Spacek",1,"police officer|police officer killed|police officer shot|sex scene","http://www.imdb.com/title/tt1667310/?ref_=fn_tt_tt_1",86,"English","USA","R",1.2e+07,2012,10000,6.3,2.35,0
"Color","Anthony Vallone",NA,84,2,2,"John Considine",45,NA,"Crime|Drama","Richard Jewell","The Mongol King ",36,93,"Sara Stepnicka",0,"jewell|mongol|nostradamus|stepnicka|vallone","http://www.imdb.com/title/tt0430371/?ref_=fn_tt_tt_1",1,"English","USA","PG-13",3250,2005,44,7.8,NA,4
" Black and White","Walter Lang",7,83,9,51,"Nigel Bruce",94,NA,"Drama|Family|Fantasy","Spring Byington","The Blue Bird ",1047,293,"Gale Sondergaard",1,"1800s|bird|blue bird of happiness|foreign language adaptation|past","http://www.imdb.com/title/tt0032264/?ref_=fn_tt_tt_1",25,"English","USA","Approved",NA,1940,62,6.5,1.37,548
"Color","Mary Pat Kelly",2,87,3,149,"Ossie Davis",767,NA,"Drama","Aidan Quinn","Proud ",275,1593,"Janet Hubert",2,"","http://www.imdb.com/title/tt0393616/?ref_=fn_tt_tt_1",22,"English","USA","PG",1e+06,2004,282,5.8,NA,141
"Color","Garry Marshall",200,113,0,307,"Common",22000,54540525,"Comedy|Romance","Robert De Niro","New Year's Eve ",66579,23456,"Seth Meyers",15,"expecting|kiss|new year|new year's eve|singer","http://www.imdb.com/title/tt1598822/?ref_=fn_tt_tt_1",134,"English","USA","PG-13",5.6e+07,2011,988,5.7,1.85,20000
"Color","Errol Morris",121,118,239,0,"Megan Ambuhl Graner",6,228830,"Crime|Documentary|War","Jeffrey Frost","Standard Operating Procedure ",3329,6,"Ken Davis",0,"abu ghraib|abuse|prison|slow motion|torture","http://www.imdb.com/title/tt0896866/?ref_=fn_tt_tt_1",22,"English","USA","R",NA,2008,0,7.5,2.35,489
"Color","",3,60,NA,762,"Jessika Van",1000,NA,"Drama|Fantasy|Mystery|Thriller","Joel Courtney","The Messengers             ",7210,4561,"Riley Smith",0,"","http://www.imdb.com/title/tt3513704/?ref_=fn_tt_tt_1",57,"English","USA","",NA,NA,921,6.6,16,0
"Color","Shinji Aramaki",62,115,21,47,"Yû Aoi",173,NA,"Adventure|Animation|Sci-Fi","Shun Oguri","Harlock: Space Pirate ",8227,386,"Haruma Miura",0,"liberty|space adventure|space opera|time travel|undercover agent","http://www.imdb.com/title/tt2668134/?ref_=fn_tt_tt_1",28,"Japanese","Japan","Not Rated",3e+07,2013,59,6.5,2.35,0
"Color","James Fargo",2,127,109,324,"Joseph Cotten",16000,1000000,"Action|Adventure|History","Christopher Lee","Caravans ",524,17250,"Behrouz Vossoughi",0,"afghanistan|caravan|rebel|russian|tribe","http://www.imdb.com/title/tt0077296/?ref_=fn_tt_tt_1",8,"English","Iran","PG",1.4e+07,1978,469,6.5,2.35,76
"Color","Steven Spielberg",219,169,14000,13000,"Vin Diesel",15000,216119491,"Action|Drama|War","Tom Hanks","Saving Private Ryan ",881236,44998,"Matt Damon",2,"army|invasion|killed in action|normandy|soldier","http://www.imdb.com/title/tt0120815/?ref_=fn_tt_tt_1",2277,"English","USA","R",7e+07,1998,14000,8.6,1.85,22000
"Color","Susanne Bier",146,118,369,295,"Omar Benson Miller",1000,2849142,"Drama","Alison Lohman","Things We Lost in the Fire ",24104,1889,"Robin Weigert",1,"best friend|dinner|garage|narcotics anonymous|recovery","http://www.imdb.com/title/tt0469623/?ref_=fn_tt_tt_1",88,"English","USA","R",1.6e+07,2007,418,7.2,2.35,0
"Color","Brian De Palma",121,104,0,517,"David Margulies",754,31899000,"Mystery|Romance|Thriller","Angie Dickinson","Dressed to Kill ",23986,2442,"Nancy Allen",0,"apartment|elevator|murder|psychiatrist|sunglasses","http://www.imdb.com/title/tt0080661/?ref_=fn_tt_tt_1",201,"English","USA","X",6500000,1980,567,7.1,2.35,0
"Color","",1,41,NA,2,"Marian Dziedziel",70,NA,"Action|Crime|Drama|Thriller","Jacek Koman","The Border             ",271,74,"Jaroslaw Boberek",4,"","http://www.imdb.com/title/tt4048942/?ref_=fn_tt_tt_1",2,"Polish","Poland","",NA,NA,2,7.4,NA,64
"Color","Mike Nawrocki",38,82,12,8,"Mike Nawrocki",23,25571351,"Adventure|Animation|Comedy|Drama|Family|Musical","Phil Vischer","Jonah: A VeggieTales Movie ",3135,49,"Shelby Vischer",0,"anthropomorphism|pirate|pirate ship|tomato|whale","http://www.imdb.com/title/tt0298388/?ref_=fn_tt_tt_1",78,"English","USA","G",1.4e+07,2002,12,6.6,1.85,184
"Color","Tony Scott",171,146,12000,451,"Radha Mitchell",18000,77862546,"Action|Crime|Drama|Thriller","Denzel Washington","Man on Fire ",266310,20454,"Giancarlo Giannini",2,"bodyguard|journalist|kidnapping|mexico|police corruption","http://www.imdb.com/title/tt0328107/?ref_=fn_tt_tt_1",690,"English","USA","R",7e+07,2004,992,7.7,2.35,14000
"Color","Michael Schultz",17,94,78,469,"Kimberly Elise",912,6879730,"Drama","Loretta Devine","Woman Thou Art Loosed ",806,3049,"Clifton Powell",0,"abuse|bishop|death|flashback|poverty","http://www.imdb.com/title/tt0399901/?ref_=fn_tt_tt_1",23,"English","USA","R",NA,2004,637,6.9,NA,187
"Color","Tim Story",119,102,167,655,"Nadine Velazquez",2000,90835030,"Action|Comedy","Olivia Munn","Ride Along 2 ",28621,5178,"Bruce McGill",0,"computer hacker|crime boss|detective|drugs|wedding","http://www.imdb.com/title/tt2869728/?ref_=fn_tt_tt_1",58,"English","USA","PG-13",4e+07,2016,874,5.9,2.35,0
"Color","Edward Burns",14,95,0,133,"Caitlin FitzGerald",296,4584,"Comedy|Drama","Kerry Bishé","Newlyweds ",1338,690,"Daniella Pineda",1,"written and directed by cast member","http://www.imdb.com/title/tt1880418/?ref_=fn_tt_tt_1",14,"English","USA","Not Rated",9000,2011,205,6.4,NA,413
"Color","Vincenzo Natali",99,90,165,319,"Julian Richings",686,489220,"Mystery|Sci-Fi|Thriller","David Hewlett","Cube ",160511,1743,"Nicole de Boer",0,"escape|labyrinth|maze|red light|trap","http://www.imdb.com/title/tt0123755/?ref_=fn_tt_tt_1",696,"English","Canada","R",365000,1997,648,7.3,1.85,11000
"Color","Leslie Small",26,75,15,36,"La'Princess Jackson",1000,32230907,"Comedy|Documentary","David Jason Perez","Kevin Hart: Let Me Explain ",6062,1385,"Dana Hanna",0,"lying|montreal|reference to twitter|reference to youtube|toronto","http://www.imdb.com/title/tt2609912/?ref_=fn_tt_tt_1",30,"English","USA","R",2500000,2013,309,6.7,1.85,0
"Color","John Madden",258,113,108,22,"Jesper Christensen",1000,31146570,"Drama|Thriller","Tom Wilkinson","The Debt ",55441,1136,"Romi Aboulafia",3,"east berlin|kiev ukraine|mossad|nazi|nazi war criminal","http://www.imdb.com/title/tt1226753/?ref_=fn_tt_tt_1",165,"English","USA","R",2e+07,2010,100,6.9,2.35,0
"Color","Tyler Perry",41,113,0,607,"Tasha Smith",2000,55184721,"Comedy|Drama","Michael Jai White","Why Did I Get Married? ",9811,6510,"Lamman Rucker",8,"marriage|overweight|psychologist|secret|work","http://www.imdb.com/title/tt0906108/?ref_=fn_tt_tt_1",100,"English","USA","PG-13",1.5e+07,2007,721,5.6,1.85,1000
"Color","Sergey Bodrov",160,126,44,9,"Khulan Chuluun",627,5701643,"Adventure|Biography|Drama|History|War","Tadanobu Asano","Mongol: The Rise of Genghis Khan ",37635,653,"Honglei Sun",0,"epic|genghis khan|one word title|slave|starving","http://www.imdb.com/title/tt0416044/?ref_=fn_tt_tt_1",165,"Mongolian","Russia","R",2e+07,2007,12,7.3,2.35,0
"Color","Renny Harlin",156,99,212,182,"Luke Newberry",576,18821279,"Action|Adventure|Fantasy","Roxanne McKee","The Legend of Hercules ",44891,1520,"Gaia Weiss",0,"ancient greece|forbidden love|hercules|king|slavery","http://www.imdb.com/title/tt1043726/?ref_=fn_tt_tt_1",202,"English","USA","PG-13",7e+07,2014,358,4.2,2.35,12000
"Color","Rick Famuyiwa",180,103,44,190,"Rick Fox",637,17474107,"Comedy|Crime|Drama","Kimberly Elise","Dope ",56605,1342,"Kiersey Clemons",3,"african american|geek|hip hop|party|tomboy","http://www.imdb.com/title/tt3850214/?ref_=fn_tt_tt_1",89,"English","USA","R",7e+06,2015,256,7.3,2.35,23000
"Color","Don Hall",384,102,38,562,"Daniel Henney",756,222487711,"Action|Adventure|Animation|Comedy|Drama|Family|Sci-Fi","Damon Wayans Jr.","Big Hero 6 ",279093,2963,"Abraham Benrubi",0,"high tech|martial arts|masked man|robot|superhero","http://www.imdb.com/title/tt2245084/?ref_=fn_tt_tt_1",433,"English","USA","PG",1.65e+08,2014,719,7.9,2.39,41000
"Color","Rodrigo García",222,113,127,373,"Michael McElhatton",3000,3014541,"Drama","Mia Wasikowska","Albert Nobbs ",19616,4370,"Mark Williams",3,"19th century|hotel|painter|waiter|woman pretending to be a man","http://www.imdb.com/title/tt1602098/?ref_=fn_tt_tt_1",98,"English","UK","R",8e+06,2011,415,6.7,2.35,0
"Color","Marc Lawrence",118,101,30,268,"Alicia Witt",1000,93307796,"Comedy|Romance","Dorian Missick","Two Weeks Notice ",85673,2636,"Dana Ivey",2,"developer|divorce|lawyer|love|new york city","http://www.imdb.com/title/tt0313737/?ref_=fn_tt_tt_1",269,"English","USA","PG-13",6e+07,2002,976,6.1,1.85,0
"Color","Nnegest Likké",37,99,18,233,"Jimmy Jean-Louis",939,7059537,"Comedy","Mo'Nique","Phat Girlz ",8279,2321,"Joyful Drake",0,"female protagonist|size positive|thin|title directed by female|wet dream","http://www.imdb.com/title/tt0490196/?ref_=fn_tt_tt_1",101,"English","USA","PG-13",3e+06,2006,407,3,1.85,837
"Color","Neil Jordan",123,111,277,289,"Stephen Rea",845,548934,"Drama|Mystery|Romance","Tony Curran","Ondine ",16863,1554,"Alicja Bachleda",2,"celtic mythology|cottage|fisherman|irish|selkie","http://www.imdb.com/title/tt1235796/?ref_=fn_tt_tt_1",57,"English","Ireland","PG-13",1.2e+07,2009,327,6.8,1.85,0
"Color","Joe Swanberg",65,82,217,442,"Lena Dunham",10000,30084,"Comedy|Drama","Anna Kendrick","Happy Christmas ",5507,11642,"Mark Webber",3,"chicago illinois|drink|drinking|filmmaker|writer","http://www.imdb.com/title/tt2955096/?ref_=fn_tt_tt_1",23,"English","USA","R",70000,2014,969,5.6,1.85,812
"Color","Robert Stevenson",145,139,55,266,"Glynis Johns",382,102300000,"Comedy|Family|Fantasy|Musical","Ed Wynn","Mary Poppins ",107408,2045,"Elsa Lanchester",2,"banker|female protagonist|live action and animation|magic|nanny","http://www.imdb.com/title/tt0058331/?ref_=fn_tt_tt_1",259,"English","USA","Approved",6e+06,1964,279,7.8,1.66,0
"Color","Mel Stuart",104,89,21,124,"Jack Albertson",240,NA,"Family|Fantasy|Musical","Peter Ostrum","Willy Wonka & the Chocolate Factory ",128334,1011,"Julie Dawn Cole",1,"candy|chocolate|factory|miniaturization|sudden change in size","http://www.imdb.com/title/tt0067992/?ref_=fn_tt_tt_1",349,"English","USA","G",3e+06,1971,177,7.8,1.33,0
"Color","Arjun Sablok",5,97,0,40,"Uday Chopra",374,100358,"Comedy|Musical|Romance","Abhishek Bachchan","Neal 'N' Nikki ",1167,602,"Samantha McLeod",2,"interrupted sex|kiss|love|mistaken sex scene|sex in car","http://www.imdb.com/title/tt0470869/?ref_=fn_tt_tt_1",24,"English","India","",1500000,2005,145,3.3,2.35,66
"Color","Bill Muir",10,97,19,395,"Jansen Panettiere",589,549632,"Adventure|Family|Fantasy","Alex Kendrick","The Lost Medallion: The Adventures of Billy Stone ",1278,2522,"Tiya Sircar",NA,"cave|cobra|island|medallion|waterfall","http://www.imdb.com/title/tt1390539/?ref_=fn_tt_tt_1",16,"English","Thailand","PG",NA,2013,488,4.8,2.35,715
"Color","Jonathan English",91,121,9,520,"Mackenzie Crook",1000,NA,"Action|Adventure|History|Romance","Jason Flemyng","Ironclad ",34338,3287,"Derek Jacobi",2,"castle|england|king|knight|templar","http://www.imdb.com/title/tt1233301/?ref_=fn_tt_tt_1",103,"English","UK","R",2.5e+07,2011,870,6.2,2.35,0
" Black and White","Fred Zinnemann",101,118,160,426,"Donna Reed",862,NA,"Drama|Romance|War","Montgomery Clift","From Here to Eternity ",33987,2247,"Deborah Kerr",5,"boxing|captain|hawaii|love|sergeant","http://www.imdb.com/title/tt0045793/?ref_=fn_tt_tt_1",150,"English","USA","Not Rated",1650000,1953,488,7.8,1.37,0
"Color","Ash Baron-Cohen",10,98,3,152,"Stanley B. Herman",789,NA,"Crime|Drama","Peter Greene","Bang ",438,1186,"James Noble",1,"corruption|homeless|homeless man|motorcycle|urban legend","http://www.imdb.com/title/tt0109266/?ref_=fn_tt_tt_1",14,"English","USA","",NA,1995,194,6.4,NA,20
"Color","John Patrick Shanley",293,104,53,652,"Meryl Streep",22000,33422556,"Drama|Mystery","Philip Seymour Hoffman","Doubt ",99236,33903,"Carrie Preston",0,"boy|catholic|nun|priest|student","http://www.imdb.com/title/tt0918927/?ref_=fn_tt_tt_1",321,"English","USA","PG-13",2e+07,2008,11000,7.5,1.85,0
"Color","Kevin Donovan",81,98,11,107,"Debi Mazar",966,50189179,"Action|Comedy|Sci-Fi","Romany Malco","The Tuxedo ",61966,2018,"Ritchie Coster",2,"chauffeur|hospital|secret agent|spying|tuxedo","http://www.imdb.com/title/tt0290095/?ref_=fn_tt_tt_1",207,"English","USA","PG-13",6e+07,2002,680,5.3,1.85,797
"Color","Michael McGowan",47,98,12,149,"Adam Butcher",393,795126,"Comedy|Drama|Sport","Campbell Scott","Saint Ralph ",4976,955,"Gordon Pinsent",1,"boston marathon|coma|marathon|miracles|running","http://www.imdb.com/title/tt0384488/?ref_=fn_tt_tt_1",52,"English","Canada","PG-13",6e+06,2004,259,7.6,1.85,989
"Color","Joe Wright",256,111,456,394,"Cara Delevingne",20000,34964818,"Adventure|Family|Fantasy","Hugh Jackman","Pan ",39956,21393,"Nonso Anozie",4,"1940s|child hero|fantasy world|orphan|reference to peter pan","http://www.imdb.com/title/tt3332064/?ref_=fn_tt_tt_1",186,"English","USA","PG",1.5e+08,2015,548,5.8,2.35,24000
"Color","Kief Davidson",43,93,0,0,"Brian Whitaker",20,100240,"Documentary","G.W. Krauss","A Lego Brickumentary ",1220,28,"Jason Bateman",0,"artist|denmark|lego|toy|toy company","http://www.imdb.com/title/tt3214286/?ref_=fn_tt_tt_1",11,"English","Denmark","G",1e+06,2014,8,6.8,NA,0
"Color","Sadyk Sher-Niyaz",16,135,135,0,"Aziz Muradillayev",0,NA,"Action|Biography|Drama|History","Elina Abai Kyzy","Queen of the Mountains ",3144,0,"Mirlan Abdulayev",1,"19th century|central asia|mother son relationship|ruler|russian empire","http://www.imdb.com/title/tt2640460/?ref_=fn_tt_tt_1",24,"English","Kyrgyzstan","PG-13",1400000,2014,0,8.7,2.35,0
"Color","Clare Kilner",46,101,6,258,"Alexandra Holden",812,14108518,"Comedy|Drama|Romance","Dylan Baker","How to Deal ",8215,1882,"Trent Ford",1,"best friend|high school|mother|sister|wedding","http://www.imdb.com/title/tt0319524/?ref_=fn_tt_tt_1",95,"English","USA","PG-13",1.6e+07,2003,326,5.7,1.85,371
"Color","Tina Gordon Chism",43,95,24,426,"S. Epatha Merkerson",931,9123834,"Comedy|Romance","Tyler James Williams","Peeples ",4065,3322,"Diahann Carroll",6,"african american","http://www.imdb.com/title/tt1699755/?ref_=fn_tt_tt_1",33,"English","USA","PG-13",1.5e+07,2013,539,5.3,2.35,0
"Color","Michael Dinner",53,88,12,249,"Dan Hedaya",327,13019253,"Comedy|Crime","Seymour Cassel","The Crew ",3914,1509,"Lainie Kazan",4,"beach|drug lord|drugs|hotel|stripper","http://www.imdb.com/title/tt0198386/?ref_=fn_tt_tt_1",47,"English","USA","PG-13",2.3e+07,2000,281,5.6,1.85,153
"Color","Charles Ferguson",79,102,117,17,"Dick Cheney",393,1430185,"Documentary|War","Campbell Scott","No End in Sight ",7314,446,"Donald Rumsfeld",0,"american politics|iraq|iraq war|occupation|white house","http://www.imdb.com/title/tt0912593/?ref_=fn_tt_tt_1",55,"English","USA","",2e+06,2007,21,8.3,1.85,0
"Color","Charles Ferguson",171,105,117,18,"George W. Bush",13000,4311834,"Crime|Documentary","Matt Damon","Inside Job ",55382,13145,"Barney Frank",0,"florida|iceland|interview|new york city new york|recession","http://www.imdb.com/title/tt1645089/?ref_=fn_tt_tt_1",129,"English","USA","PG-13",NA,2010,125,8.3,2.35,63000
"Color","Richard Fleischer",69,127,130,51,"Robert J. Wilke",617,NA,"Adventure|Drama|Family|Fantasy|Sci-Fi","James Mason","20,000 Leagues Under the Sea ",22123,799,"Paul Lukas",0,"captain|expedition|sea|submarine|whale","http://www.imdb.com/title/tt0046672/?ref_=fn_tt_tt_1",108,"English","USA","Approved",5e+06,1954,53,7.2,1.37,0
"Color","Gore Verbinski",302,169,563,1000,"Orlando Bloom",40000,309404152,"Action|Adventure|Fantasy","Johnny Depp","Pirates of the Caribbean: At World's End ",471220,48350,"Jack Davenport",0,"goddess|marriage ceremony|marriage proposal|pirate|singapore","http://www.imdb.com/title/tt0449088/?ref_=fn_tt_tt_1",1238,"English","USA","PG-13",3e+08,2007,5000,7.1,2.35,0
"Color","Mark Neveldine",180,95,83,1000,"Logan Lerman",18000,20488579,"Action|Sci-Fi|Thriller","Gerard Butler","Gamer ",113483,29926,"Alison Lohman",1,"battle|convict|death|mind control|role playing","http://www.imdb.com/title/tt1034032/?ref_=fn_tt_tt_1",245,"English","USA","R",5e+07,2009,8000,5.8,1.85,0
" Black and White","Richard Brooks",79,134,174,188,"Robert Blake",255,NA,"Biography|Crime|Drama|History","John Forsythe","In Cold Blood ",19026,970,"Will Geer",1,"homoeroticism|kansas|murder|police|robbery","http://www.imdb.com/title/tt0061809/?ref_=fn_tt_tt_1",128,"English","USA","Approved",3500000,1967,220,8,2.35,0
"Color","John Luessenhop",282,92,34,322,"Keram Malicki-Sánchez",383,34334256,"Horror|Thriller","Gunnar Hansen","Texas Chainsaw 3D ",35131,1945,"Shaun Sipos",0,"chainsaw|halloween|mansion|massacre|texas","http://www.imdb.com/title/tt1572315/?ref_=fn_tt_tt_1",255,"English","USA","R",1.1e+07,2013,333,4.8,2.35,16000
"Color","John Ford",27,109,673,359,"Cesar Romero",756,NA,"Adventure|Comedy|Romance","Lee Marvin","Donovan's Reef ",5786,1949,"Jack Warden",1,"falling into water|medical doctor|priest|roof leak|swimming in the ocean","http://www.imdb.com/title/tt0057007/?ref_=fn_tt_tt_1",65,"English","USA","Not Rated",2686585,1963,370,6.9,1.85,573
"Color","Scott Waugh",327,132,76,464,"Dominic Cooper",3000,43568507,"Action|Crime|Drama|Thriller","Rami Malek","Need for Speed ",136954,7081,"Ramon Rodriguez",1,"cross country|custom car|illegal street racing|police officer crushed|street racing","http://www.imdb.com/title/tt2369135/?ref_=fn_tt_tt_1",346,"English","USA","PG-13",6.6e+07,2014,3000,6.5,2.35,32000
"Color","Wes Craven",212,116,0,71,"Roger Jackson",287,89138076,"Horror|Mystery","Kelly Rutherford","Scream 3 ",98535,600,"Nancy O'Dell",4,"death|ghostface|murder|scream|survivor","http://www.imdb.com/title/tt0134084/?ref_=fn_tt_tt_1",734,"English","USA","R",4e+07,2000,157,5.5,2.35,0
"Color","Simon West",98,96,165,566,"Mark Valley",12000,183125,"Action|Crime|Drama|Thriller","Nicolas Cage","Stolen ",36914,14978,"Sami Gayle",1,"bank|money|presumed dead|rescue|thief","http://www.imdb.com/title/tt1656186/?ref_=fn_tt_tt_1",86,"English","USA","R",3.5e+07,2012,774,5.5,2.35,0
"Color","John Erick Dowdle",273,80,66,816,"Bokeem Woodbine",2000,33583175,"Horror|Mystery|Thriller","Bojana Novakovic","Devil ",104089,5628,"Geoffrey Arend",0,"devil|elevator|hit and run|throat slitting|trapped in an elevator","http://www.imdb.com/title/tt1314655/?ref_=fn_tt_tt_1",319,"English","USA","PG-13",1e+07,2010,904,6.3,2.35,16000
"Color","Ron Howard",298,146,2000,294,"Ayelet Zurer",15000,133375846,"Mystery|Thriller","Tom Hanks","Angels & Demons ",207839,16948,"Armin Mueller-Stahl",2,"conclave|illuminati|murder|reference to bernini|reference to raphael","http://www.imdb.com/title/tt0808151/?ref_=fn_tt_tt_1",435,"English","USA","PG-13",1.5e+08,2009,745,6.7,2.35,0
"Color","Joseph Zito",54,107,17,53,"Richard Lynch",371,NA,"Action|Thriller","Billy Drago","Invasion U.S.A. ",6143,857,"Eddie Jones",1,"army|nightmare|one man army|rescue|spy","http://www.imdb.com/title/tt0089348/?ref_=fn_tt_tt_1",90,"English","USA","R",1e+07,1985,324,5.3,1.85,0
"Color","Todd Haynes",103,124,162,277,"Eddie Izzard",23000,1043487,"Drama|Music","Christian Bale","Velvet Goldmine ",27766,24102,"Janet McTeer",3,"1970s|glitter|political cover up|reference to katharine hepburn|reference to spencer tracy","http://www.imdb.com/title/tt0120879/?ref_=fn_tt_tt_1",314,"English","UK","R",NA,1998,776,7,1.85,0
"Color","Stephen Daldry",283,129,335,64,"Thomas Horn",15000,31836745,"Adventure|Drama|Mystery","Tom Hanks","Extremely Loud & Incredibly Close ",81298,15595,"Stephen Henderson",1,"fear|mourning|mute|quest|revelation","http://www.imdb.com/title/tt0477302/?ref_=fn_tt_tt_1",341,"English","USA","PG-13",4e+07,2011,467,6.9,2.35,39000
"Color","Ric Roman Waugh",238,112,29,874,"Harold Perrineau",12000,42919096,"Action|Drama|Thriller","Dwayne Johnson","Snitch ",64748,15800,"Nadine Velazquez",1,"cigarette smoking|dea|drugs|inspired by true events|undercover","http://www.imdb.com/title/tt0882977/?ref_=fn_tt_tt_1",122,"English","USA","PG-13",1.5e+07,2013,1000,6.5,2.35,12000
"Color","Neil Burger",236,110,168,96,"Eddie Marsan",3000,39825798,"Drama|Mystery|Romance|Thriller","Rufus Sewell","The Illusionist ",295375,4210,"Jake Wood",3,"duchess|illusionist|magician|prince|supernatural power","http://www.imdb.com/title/tt0443543/?ref_=fn_tt_tt_1",645,"English","USA","PG-13",1.6e+07,2006,979,7.6,1.85,15000
"Color","Bo Zenga",45,90,10,378,"Kenan Thompson",826,NA,"Comedy|Horror","Steve Howey","Stan Helsing ",9928,2207,"Diora Baird",7,"dollar bill|double entendre|escaped convict|halloween|striptease","http://www.imdb.com/title/tt1185266/?ref_=fn_tt_tt_1",66,"English","Canada","R",NA,2009,521,3.6,1.85,934
"Color","Tony Goldwyn",47,107,956,113,"Julie Kavner",10000,4741987,"Drama","Viggo Mortensen","A Walk on the Moon ",6782,10368,"Tovah Feldshuh",1,"adulterous wife|cheating wife|summer|unfaithfulness|woodstock","http://www.imdb.com/title/tt0120613/?ref_=fn_tt_tt_1",114,"English","USA","R",1.4e+07,1999,233,6.6,1.85,860
"Color","Joshua Tickell",14,112,9,125,"Sheryl Crow",860,173783,"Documentary","Larry David","Fuel ",578,1252,"George W. Bush",0,"alternative energy|energy|fuel|green|oil","http://www.imdb.com/title/tt1294164/?ref_=fn_tt_tt_1",34,"English","USA","Not Rated",2500000,2008,130,7.6,1.85,588
"Color","Mark L. Lester",124,75,73,581,"Vernon Wells",1000,NA,"Action|Adventure|Thriller","Bill Duke","Commando ",111649,3192,"Rae Dawn Chong",0,"body count|dictator|jumping from an airplane|knife fight|one man army","http://www.imdb.com/title/tt0088944/?ref_=fn_tt_tt_1",437,"English","USA","R",1e+07,1985,745,6.7,1.85,0
"Color","Miguel Sapochnik",197,119,238,447,"RZA",1000,13763130,"Action|Crime|Sci-Fi|Thriller","Alice Braga","Repo Men ",87768,2925,"Yvette Nicole Brown",0,"artificial organ|best friend|enforcer|future|near future","http://www.imdb.com/title/tt1053424/?ref_=fn_tt_tt_1",187,"English","USA","R",3.2e+07,2010,561,6.3,2.35,12000
"Color","Rod Lurie",190,110,37,268,"Laz Alonso",10000,10324441,"Action|Drama|Thriller","Alexander Skarsgård","Straw Dogs ",27117,11431,"Rhys Coiro",1,"gang rape|panties pulled down|rape|rape victim|sexual humiliation","http://www.imdb.com/title/tt0999913/?ref_=fn_tt_tt_1",140,"English","USA","R",2.5e+07,2011,826,5.8,2.35,7000
"Color","David DeCoteau",7,83,142,317,"Shanley Caswell",458,NA,"Horror","Maureen McCormick","Snow White: A Deadly Summer ",634,1549,"Tim Abell",1,"reference to snow white|sleeping bag|stepmother stepdaughter relationship|strangulation|totem pole","http://www.imdb.com/title/tt2149137/?ref_=fn_tt_tt_1",14,"English","USA","PG-13",1e+06,2012,383,2.2,1.78,150
"Color","Paul Feig",464,116,176,322,"Kate McKinnon",783,118099659,"Action|Comedy|Fantasy|Sci-Fi","Ed Begley Jr.","Ghostbusters ",69757,2097,"Zach Woods",4,"ghost|ghostbuster|ghostbusters|male objectification|reboot","http://www.imdb.com/title/tt1289401/?ref_=fn_tt_tt_1",1211,"English","USA","PG-13",1.44e+08,2016,370,5.5,2.35,62000
"Color","John Stainton",61,90,0,234,"Aden Young",477,28399192,"Action|Adventure|Comedy|Family","Steve Irwin","The Crocodile Hunter: Collision Course ",5663,1483,"Steve Bastoni",0,"cia|crocodile|satellite|snake|spider","http://www.imdb.com/title/tt0305396/?ref_=fn_tt_tt_1",106,"English","Australia","PG",1.3e+07,2002,238,5.4,2.35,332
"Color","Andy Fickman",166,98,99,433,"Billy Brown",12000,67128202,"Action|Adventure|Family|Fantasy|Sci-Fi|Thriller","Dwayne Johnson","Race to Witch Mountain ",43328,14007,"Tom Everett Scott",3,"alien|military|mountain|spacecraft|ufo","http://www.imdb.com/title/tt1075417/?ref_=fn_tt_tt_1",110,"English","USA","PG",6.5e+07,2009,536,5.7,2.35,0
"Color","Paul Weitz",150,107,80,252,"Sarita Choudhury",2000,18004225,"Comedy|Drama|Romance","Tina Fey","Admission ",28573,3004,"Christopher Evan Welch",2,"adoption|female protagonist|princeton university|wedding|working women","http://www.imdb.com/title/tt1814621/?ref_=fn_tt_tt_1",87,"English","USA","PG-13",1.3e+07,2013,257,5.7,2.35,5000
"Color","K. King",150,93,3,115,"Shona Kay",214,NA,"Action|Comedy|Horror","Jason K. Wixom","Zombie Hunter ",2057,656,"Jarrod Phillips",2,"desert|drifter|seduction|siege|zombie","http://www.imdb.com/title/tt2446502/?ref_=fn_tt_tt_1",30,"English","USA","Not Rated",1e+06,2013,211,3.5,2.35,0
"Color","Shane Black",608,195,1000,3000,"Jon Favreau",21000,408992272,"Action|Adventure|Sci-Fi","Robert Downey Jr.","Iron Man 3 ",557489,30426,"Don Cheadle",3,"armor|explosion|human bomb|missile attack|terrorist","http://www.imdb.com/title/tt1300854/?ref_=fn_tt_tt_1",1187,"English","USA","PG-13",2e+08,2013,4000,7.2,2.35,95000
"Color","Jake Schreier",252,89,14,215,"Joshua Ormond",902,3325638,"Comedy|Crime|Drama|Sci-Fi","Frank Langella","Robot & Frank ",52509,1980,"Ana Gasteyer",3,"burglary|dementia|near future|robot|thief","http://www.imdb.com/title/tt1990314/?ref_=fn_tt_tt_1",84,"English","USA","PG-13",2500000,2012,291,7.1,2.35,13000
"Color","Albert Hughes",208,122,117,140,"Jason Flemyng",40000,31598308,"Horror|Mystery|Thriller","Johnny Depp","From Hell ",124765,41636,"Ian Richardson",1,"freemason|jack the ripper|opium|prostitute|victorian era","http://www.imdb.com/title/tt0120681/?ref_=fn_tt_tt_1",541,"English","USA","R",3.5e+07,2001,1000,6.8,2.35,0
"Color","John McTiernan",85,102,323,241,"Vladimir Kulich",845,32694788,"Action|Adventure|History","Tony Curran","The 13th Warrior ",101411,1815,"Clive Russell",1,"arab|battle|combat|viking|warrior","http://www.imdb.com/title/tt0120657/?ref_=fn_tt_tt_1",546,"English","USA","R",8.5e+07,1999,372,6.6,2.35,0
"Color","Dick Richards",6,107,6,375,"Terence Hill",963,1000000,"Adventure|Drama|Romance|War","Catherine Deneuve","March or Die ",2215,2209,"Jack O'Halloran",1,"arab|bare chested male|foreign legion|french foreign legion|morocco","http://www.imdb.com/title/tt0076175/?ref_=fn_tt_tt_1",26,"English","UK","PG",9e+06,1977,750,6.3,1.85,122
"Color","Aaron Hann",29,87,0,94,"Michael McLafferty",160,NA,"Drama|Horror|Mystery|Sci-Fi|Thriller","Jordi Vilasuso","Circle ",13279,776,"Kaiwi Lyman-Mersereau",0,"alien abduction|debate|lesbian|pregnant|spaceship","http://www.imdb.com/title/tt3118452/?ref_=fn_tt_tt_1",59,"English","USA","Not Rated",NA,2015,152,6,NA,0
"Color","Paul W.S. Anderson",72,101,545,545,"Cary-Hiroyuki Tagawa",1000,70360285,"Action|Adventure|Fantasy|Sci-Fi|Thriller","Christopher Lambert","Mortal Kombat ",81783,3816,"Bridgette Wilson-Sampras",0,"based on video game|island|mortal kombat|tournament|warrior","http://www.imdb.com/title/tt0113855/?ref_=fn_tt_tt_1",283,"English","USA","PG-13",1.8e+07,1995,1000,5.8,1.85,0
"Color","Julian Gilbey",29,102,7,1000,"Alfie Allen",31000,NA,"Action|Comedy|Crime|Drama","Mem Ferda","Plastic ",5865,35634,"Malese Jow",7,"credit card fraud|lesbian kiss|miami","http://www.imdb.com/title/tt2556874/?ref_=fn_tt_tt_1",12,"English","UK","R",1e+07,2014,1000,6,NA,1000
"Color","Kevin Bray",40,95,10,111,"Roger Guenveur Smith",706,25482931,"Action|Comedy|Crime|Thriller","Mike Epps","All About the Benjamins ",9693,1421,"Gino Salvano",2,"black comedy|bounty hunter|diamond|machismo|money","http://www.imdb.com/title/tt0278295/?ref_=fn_tt_tt_1",33,"English","USA","R",1.4e+07,2002,266,5.7,2.35,530
"Color","Angelina Jolie Pitt",131,122,11000,188,"Angelina Jolie Pitt",11000,531009,"Drama|Romance","Brad Pitt","By the Sea ",7976,22319,"Melvil Poupaud",0,"cheating wife|cigarette smoking|male in shower|male nudity|male rear nudity","http://www.imdb.com/title/tt3707106/?ref_=fn_tt_tt_1",61,"English","USA","R",1e+07,2015,11000,5.3,2.35,0
"Color","Maria Maggenti",23,94,4,10,"Laurel Holloman",360,1977544,"Comedy|Drama|Romance","Nicole Ari Parker","The Incredibly True Adventure of Two Girls in Love ",3513,656,"Stephanie Berry",0,"caught having sex|class|friend|lesbian|lesbian sex","http://www.imdb.com/title/tt0113416/?ref_=fn_tt_tt_1",36,"English","USA","R",250000,1995,273,6.5,1.85,423
"Color","Isabel Coixet",72,106,148,471,"Julian Richings",900,395592,"Drama|Romance","Sarah Polley","My Life Without Me ",21202,2972,"Amanda Plummer",1,"cancer|death|doctor|drinking|love","http://www.imdb.com/title/tt0314412/?ref_=fn_tt_tt_1",134,"English","Spain","R",2e+06,2003,648,7.6,1.85,0
"Color","Steve Buscemi",81,91,12000,213,"Seymour Cassel",778,154077,"Comedy|Drama","Kevin Corrigan","Lonesome Jim ",6884,1440,"Mary Kay Place",0,"bail|coma|dart board|indiana|ladder factory","http://www.imdb.com/title/tt0385056/?ref_=fn_tt_tt_1",53,"English","USA","R",5e+05,2005,327,6.6,1.85,238
"Color","",29,60,NA,432,"Dirk Benedict",669,NA,"Action|Adventure|Crime","George Peppard","The A-Team             ",25402,1655,"Dwight Schultz",4,"1980s|cult tv|famous opening theme|good versus evil|hero for hire","http://www.imdb.com/title/tt0084967/?ref_=fn_tt_tt_1",97,"English","USA","TV-PG",NA,NA,554,7.6,4,0
"Color","Anne Fletcher",107,104,98,920,"Alyson Stoner",17000,65269010,"Crime|Drama|Music|Romance","Channing Tatum","Step Up ",90938,21380,"Josh Henderson",0,"dance|dancer|school|showcase|student","http://www.imdb.com/title/tt0462590/?ref_=fn_tt_tt_1",271,"English","USA","PG-13",1.2e+07,2006,2000,6.5,2.35,0
"Color","Charles Robert Carner",35,97,18,742,"Jenny McCarthy",834,4131640,"Comedy|Crime","Ivana Milicevic","Witless Protection ",5463,4091,"Richard Bull",2,"fbi|polo|possum|sheriff|shotgun","http://www.imdb.com/title/tt1001562/?ref_=fn_tt_tt_1",20,"English","USA","PG-13",7500000,2008,749,3.1,1.85,140
"Color","Mark A.Z. Dippé",70,98,20,968,"Frank Welker",2000,54967359,"Action|Horror","Michael Jai White","Spawn ",52805,7039,"Miko Hughes",0,"based on comic|based on comic book|dark hero|image comics|superhero","http://www.imdb.com/title/tt0120177/?ref_=fn_tt_tt_1",209,"English","USA","R",4e+07,1997,2000,5.2,1.85,0
"Color","James Wong",130,100,70,99,"Texas Battle",473,9353573,"Action|Adventure|Fantasy|Sci-Fi|Thriller","Ian Whyte","Dragonball: Evolution ",56451,1100,"Randall Duk Kim",0,"bad|dragon|grandfather|orb|warrior","http://www.imdb.com/title/tt1098327/?ref_=fn_tt_tt_1",524,"English","USA","PG",4.5e+07,2009,315,2.7,2.35,0
"Color","Nicholas Jarecki",288,107,27,360,"Curtiss Cook",664,7918283,"Drama|Thriller","Nate Parker","Arbitrage ",41574,2440,"Reg E. Cathey",1,"accidental death|dead woman|dead woman with eyes open|death of mistress|manager","http://www.imdb.com/title/tt1764183/?ref_=fn_tt_tt_1",145,"English","USA","R",1.2e+07,2012,591,6.6,1.85,0
"Color","Jon M. Chu",351,122,209,934,"Dwayne Johnson",17000,122512052,"Action|Adventure|Sci-Fi|Thriller","Channing Tatum","G.I. Joe: Retaliation ",146352,31958,"Elodie Yung",6,"general|gi joe|martial arts|ninja|president","http://www.imdb.com/title/tt1583421/?ref_=fn_tt_tt_1",288,"English","USA","PG-13",1.3e+08,2013,12000,5.8,2.35,42000
"Color","Brian Henson",75,89,53,84,"Jerry Nelson",227,27281507,"Comedy|Drama|Family|Fantasy|Musical","Steven Mackintosh","The Muppet Christmas Carol ",33850,534,"Steve Whitmire",0,"christmas|christmas eve|miser|muppet|scrooge","http://www.imdb.com/title/tt0104940/?ref_=fn_tt_tt_1",147,"English","USA","G",1.2e+07,1992,94,7.7,1.85,0
"Color","Matthew Hastings",35,95,3,383,"Marc Trottier",889,NA,"Comedy|Horror|Sci-Fi","Meghan Ory","Decoys ",4041,2984,"Corey Sevier",0,"breasts|campus|college|tentacle|virginity","http://www.imdb.com/title/tt0357585/?ref_=fn_tt_tt_1",66,"English","Canada","R",5e+06,2004,680,4.6,1.85,174
"Color","Guy Ritchie",382,129,0,154,"Eddie Marsan",21000,186830669,"Action|Adventure|Crime|Mystery|Thriller","Robert Downey Jr.","Sherlock Holmes: A Game of Shadows ",338635,22403,"Paul Anderson",2,"factory|gypsy|investigation|sherlock holmes|train","http://www.imdb.com/title/tt1515091/?ref_=fn_tt_tt_1",412,"English","USA","PG-13",1.25e+08,2011,979,7.5,2.35,39000
"Color","Angela Robinson",50,91,23,660,"Geoff Stults",4000,96793,"Action|Comedy|Romance","Jordana Brewster","D.E.B.S. ",12188,6380,"Scoot McNairy",3,"1959 cadillac|diamonds|female villain|force field|voyeurism","http://www.imdb.com/title/tt0367631/?ref_=fn_tt_tt_1",135,"English","USA","PG-13",3500000,2004,756,5.3,2.35,1000
"Color","Stephen Frears",46,97,350,33,"Roshan Seth",114,NA,"Comedy|Drama|Romance","Saeed Jaffrey","My Beautiful Laundrette ",10577,260,"Garry Cooper",1,"england|mistress|pakistani|politics|thatcher","http://www.imdb.com/title/tt0091578/?ref_=fn_tt_tt_1",64,"English","UK","R",650000,1985,61,6.9,1.66,0
"Color","Roman Polanski",376,80,2000,132,"Christoph Waltz",14000,NA,"Comedy|Drama","Kate Winslet","Carnage ",96480,25143,"Julie Adams",3,"based on play|meeting|salesman|single set production|whiskey","http://www.imdb.com/title/tt1692486/?ref_=fn_tt_tt_1",181,"English","France","R",2.5e+07,2011,11000,7.2,2.35,21000
"Color","Robert Sarkies",43,100,0,3,"Matthew Sunderland",109,728,"Crime|Drama","William Kircher","Out of the Blue ",2776,122,"Paul Glover",0,"true crime","http://www.imdb.com/title/tt0839938/?ref_=fn_tt_tt_1",22,"English","New Zealand","",NA,2006,10,7.3,1.85,285
"Color","Rohit Jagessar",NA,120,0,0,"Rufus Graham",12,227241,"Drama","Kumar Gaurav","Guiana 1838 ",56,15,"Aasheekaa Bathija",0,"bare chested male|discipline|imperialism|whipping|white slavery","http://www.imdb.com/title/tt0428609/?ref_=fn_tt_tt_1",2,"English","USA","Unrated",NA,2004,3,7.4,NA,32
"Color","Susan Stroman",168,134,38,2000,"Will Ferrell",11000,19377727,"Comedy|Musical","Jon Lovitz","The Producers ",35140,24351,"Matthew Broderick",3,"accountant|money|opening night|scheme|swedish","http://www.imdb.com/title/tt0395251/?ref_=fn_tt_tt_1",409,"English","USA","PG-13",4.5e+07,2005,8000,6.4,2.35,0
" Black and White","D.W. Griffith",69,123,204,9,"Mae Marsh",436,NA,"Drama|History|War","Lillian Gish","Intolerance: Love's Struggle Throughout the Ages ",10718,481,"Walter Long",1,"huguenot|intolerance|medicis|protestant|wedding","http://www.imdb.com/title/tt0006864/?ref_=fn_tt_tt_1",88,"","USA","Not Rated",385907,1916,22,8,1.33,691
"Color","Nicole Holofcener",18,86,132,584,"Anne Heche",778,1277257,"Comedy|Drama|Romance","Kevin Corrigan","Walking and Talking ",2629,2400,"Vincent Pastore",2,"briefs|cancer|cat|cult film|friend","http://www.imdb.com/title/tt0118113/?ref_=fn_tt_tt_1",32,"English","UK","R",1e+06,1996,695,6.8,1.85,227
"Color","Michael Martin",19,93,0,78,"Master P",625,10305534,"Comedy","Joe Estevez","I Got the Hook Up ",1721,987,"Anthony Johnson",2,"friend|obscenity|scam|vacant lot|van","http://www.imdb.com/title/tt0131436/?ref_=fn_tt_tt_1",38,"English","USA","R",3500000,1998,118,3.9,1.85,280
"Color","John A. Davis",66,82,8,179,"Rob Paulsen",770,80920948,"Action|Adventure|Animation|Comedy|Family|Sci-Fi","Martin Short","Jimmy Neutron: Boy Genius ",23943,2251,"Andrea Martin",0,"alien|boy genius|children|genius|rescue","http://www.imdb.com/title/tt0268397/?ref_=fn_tt_tt_1",118,"English","USA","G",3e+07,2001,677,6,1.85,425
"Color","Ian Fitzgibbon",54,88,11,415,"Brendan Coyle",1000,828,"Action|Comedy|Crime|Drama|Romance|Thriller","Jim Broadbent","Perrier's Bounty ",5133,2728,"Michael McElhatton",8,"burglary|estranged father|money|neighbor|thug","http://www.imdb.com/title/tt1003034/?ref_=fn_tt_tt_1",31,"English","Ireland","R",NA,2009,418,6.4,2.35,663
"Color","Shekhar Kapur",141,124,159,240,"John Gielgud",288,30012990,"Biography|Drama|History","Fanny Ardant","Elizabeth ",75973,1006,"Eric Cantona",1,"16th century|british royal family|catholic|queen|queen elizabeth i","http://www.imdb.com/title/tt0127536/?ref_=fn_tt_tt_1",409,"English","UK","R",2.5e+07,1998,249,7.5,1.85,0
"Color","Taylor Hackford",49,117,138,416,"Bai Ling",908,134904,"Comedy|Drama|Romance|Sport","Scout Taylor-Compton","Love Ranch ",2395,3204,"Gil Birmingham",9,"argentine|brothel|cancer|female full frontal nudity|fight","http://www.imdb.com/title/tt1125929/?ref_=fn_tt_tt_1",17,"English","USA","R",2.5e+07,2010,581,5.7,1.78,636
" Black and White","Kevin Smith",136,102,0,216,"Brian O'Halloran",898,3151130,"Comedy","Jason Mewes","Clerks ",181749,2103,"Jeff Anderson",4,"clerk|friend|hockey|video|video store","http://www.imdb.com/title/tt0109445/?ref_=fn_tt_tt_1",615,"English","USA","R",230000,1994,657,7.8,1.37,0
"Color","Sam Weisman",64,94,39,506,"Larry Miller",1000,32095318,"Comedy|Crime","Bernie Mac","What's the Worst That Could Happen? ",12466,3664,"Richard Schiff",0,"businessman|ring|thief|vulgarity|washington d.c.","http://www.imdb.com/title/tt0161083/?ref_=fn_tt_tt_1",84,"English","USA","PG-13",4.5e+07,2001,611,5.5,1.85,304
"Color","Steve Hickner",194,91,58,826,"Oprah Winfrey",2000,126597121,"Adventure|Animation|Comedy|Family","Matthew Broderick","Bee Movie ",105902,6576,"Rip Torn",0,"bee|dream sequence|egg|scatological humor|squashed bug","http://www.imdb.com/title/tt0389790/?ref_=fn_tt_tt_1",206,"English","USA","PG",1.5e+08,2007,852,6.2,1.85,0
"Color","Michael Winterbottom",225,109,187,204,"Ned Beatty",818,214966,"Crime|Drama|Thriller","Liam Aiken","The Killer Inside Me ",28483,1813,"Jay R. Ferguson",0,"deputy|murder|revenge|sheriff|texas","http://www.imdb.com/title/tt0954947/?ref_=fn_tt_tt_1",176,"English","USA","R",1.3e+07,2010,467,6.1,2.35,0
" Black and White","Stanley Kubrick",103,152,0,177,"Shelley Winters",618,NA,"Crime|Drama|Romance","James Mason","Lolita ",67825,1404,"Lois Maxwell",0,"lolita|nymphet|older man young girl relationship|professor|writer","http://www.imdb.com/title/tt0056193/?ref_=fn_tt_tt_1",207,"English","UK","Not Rated",2e+06,1962,367,7.7,1.66,0
"Color","Joe Dante",105,106,287,767,"Robert Picardo",16000,41482207,"Comedy|Fantasy|Horror","Christopher Lee","Gremlins 2: The New Batch ",68428,19610,"Phoebe Cates",0,"gremlin|horror host|hulk hogan|monster|skyscraper","http://www.imdb.com/title/tt0099700/?ref_=fn_tt_tt_1",148,"English","USA","PG-13",5e+07,1990,823,6.3,1.85,0
"Color","Aaron Seltzer",99,85,64,729,"Carmen Electra",3000,48546578,"Comedy|Romance","Alyson Hannigan","Date Movie ",50415,6539,"Fred Willard",0,"female protagonist|greek|overweight|spoof|wedding planner","http://www.imdb.com/title/tt0466342/?ref_=fn_tt_tt_1",613,"English","USA","PG-13",2e+07,2006,869,2.7,1.85,806
"Color","Tom Holland",142,87,85,118,"Alex Vincent",311,33244684,"Fantasy|Horror","Catherine Hicks","Child's Play ",62038,760,"Dinah Manoff",0,"birthday|doll|murder|serial killer|voodoo","http://www.imdb.com/title/tt0094862/?ref_=fn_tt_tt_1",281,"English","USA","R",9e+06,1988,189,6.5,1.85,0
"Color","Jerry Jameson",32,119,5,249,"Jason Robards",521,7000000,"Action|Adventure|Drama|Thriller","M. Emmet Walsh","Raise the Titanic ",2933,1883,"Anne Archer",0,"military|mineral|ocean|ship|titanic","http://www.imdb.com/title/tt0081400/?ref_=fn_tt_tt_1",70,"English","UK","PG",3.6e+07,1980,372,4.7,2.35,328
"Color","Abel Ferrara",48,99,220,599,"Vincent Gallo",812,1227324,"Crime|Drama","Isabella Rossellini","The Funeral ",6921,3337,"Gretchen Mol",3,"1930s|madness|murder|new york city|violence","http://www.imdb.com/title/tt0116378/?ref_=fn_tt_tt_1",48,"English","USA","R",12500000,1996,787,6.6,1.85,344
"Color","Wes Ball",249,132,47,240,"Lili Taylor",988,81687587,"Action|Sci-Fi|Thriller","Ki Hong Lee","The Scorch Trials ",138246,2517,"Rosa Salazar",0,"desert|disease|escape|resistance|virus","http://www.imdb.com/title/tt4046784/?ref_=fn_tt_tt_1",360,"English","USA","PG-13",6.1e+07,2015,960,6.4,2.35,24000
"Color","Brian Helgeland",167,144,241,996,"Rufus Sewell",13000,56083966,"Action|Adventure|Romance","Heath Ledger","A Knight's Tale ",137003,18761,"Bérénice Bejo",1,"chaucer|jousting|knight|medieval times|tournament","http://www.imdb.com/title/tt0183790/?ref_=fn_tt_tt_1",658,"English","USA","PG-13",6.5e+07,2001,3000,6.9,2.35,0
"Color","Don Coscarelli",81,97,152,135,"A. Michael Baldwin",674,7282851,"Action|Fantasy|Horror|Sci-Fi|Thriller","Angus Scrimm","Phantasm II ",9502,1395,"James Le Gros",1,"cemetery|female nudity|mortuary|sphere|tall man","http://www.imdb.com/title/tt0095863/?ref_=fn_tt_tt_1",100,"English","USA","R",3e+06,1988,174,6.5,1.85,812
"Color","Roger Christian",174,119,64,41,"Michael Byrne",743,21471685,"Action|Adventure|Sci-Fi","Richard Tyson","Battlefield Earth ",65464,971,"John Topor",0,"alien|bad acting|pulp fiction|resistance fighter|voyager golden record","http://www.imdb.com/title/tt0185183/?ref_=fn_tt_tt_1",1308,"English","USA","PG-13",4.4e+07,2000,117,2.4,2.35,0
"Color","Peter Jackson",509,186,0,773,"Adam Brown",5000,258355354,"Adventure|Fantasy","Aidan Turner","The Hobbit: The Desolation of Smaug ",483540,9152,"James Nesbitt",6,"dwarf|elf|lake town|mountain|sword and sorcery","http://www.imdb.com/title/tt1170358/?ref_=fn_tt_tt_1",951,"English","USA","PG-13",2.25e+08,2013,972,7.9,2.35,83000
"Color","Vincent Gallo",106,110,787,642,"Vincent Gallo",1000,2365931,"Comedy|Crime|Drama|Romance","Anjelica Huston","Buffalo '66 ",36657,4762,"Jan-Michael Vincent",2,"shower|stripper|tap dancing|underwear|undressing","http://www.imdb.com/title/tt0118789/?ref_=fn_tt_tt_1",318,"English","USA","R",1500000,1998,787,7.5,1.85,0
"Color","Sam Taylor-Johnson",362,129,456,716,"Luke Grimes",1000,166147885,"Drama|Romance","Jennifer Ehle","Fifty Shades of Grey ",220020,4585,"Callum Rennie",0,"female frontal nudity|female nudity|perversion|sex scene|spanking","http://www.imdb.com/title/tt2322441/?ref_=fn_tt_tt_1",1360,"English","USA","R",4e+07,2015,935,4.1,2.35,101000
"Color","Michael Patrick Jann",77,97,31,551,"Kirstie Alley",4000,10561238,"Comedy|Romance|Thriller","Kirsten Dunst","Drop Dead Gorgeous ",27265,6388,"Ellen Barkin",0,"beauty pageant|blonde|cheerleader uniform|small town|upskirt","http://www.imdb.com/title/tt0157503/?ref_=fn_tt_tt_1",321,"English","Germany","PG-13",1e+07,1999,980,6.5,1.85,0
"Color","Roger Donaldson",97,108,79,25,"Marg Helgenberger",900,60054449,"Action|Horror|Sci-Fi|Thriller","Natasha Henstridge","Species ",61018,1715,"Jordan Lund",0,"alien|interspecies sex|scientist|sexual attraction|train","http://www.imdb.com/title/tt0114508/?ref_=fn_tt_tt_1",140,"English","USA","R",3.5e+07,1995,759,5.8,2.35,0
"Color","Lone Scherfig",221,107,92,358,"Jim Sturgess",11000,13766014,"Drama|Romance","Anne Hathaway","One Day ",106111,17627,"Rafe Spall",0,"23 year time span|accidental death|best friend|loss of loved one|male female friendship","http://www.imdb.com/title/tt1563738/?ref_=fn_tt_tt_1",181,"English","USA","PG-13",1.5e+07,2011,5000,7,2.35,49000
"Color","Denzel Washington",121,117,18000,543,"Kevin Connolly",18000,21078145,"Biography|Drama","Denzel Washington","Antwone Fisher ",26493,20456,"Derek Luke",0,"black american|extortion|navy|psychiatrist|sailor","http://www.imdb.com/title/tt0168786/?ref_=fn_tt_tt_1",159,"English","USA","PG-13",12500000,2002,638,7.3,2.35,0
"Color","Douglas Trumbull",87,89,136,42,"Ron Rifkin",844,NA,"Drama|Sci-Fi","Bruce Dern","Silent Running ",20678,1080,"Jesse Vint",1,"forest|greenhouse|plant|robot|space","http://www.imdb.com/title/tt0067756/?ref_=fn_tt_tt_1",199,"English","USA","GP",1e+06,1972,184,6.7,1.85,0
"Color","Frank Capra",21,136,964,248,"Glenn Ford",931,NA,"Comedy|Drama","Ann-Margret","Pocketful of Miracles ",4313,2167,"Thomas Mitchell",2,"1930s|apple|dude|luck|new york city","http://www.imdb.com/title/tt0055312/?ref_=fn_tt_tt_1",40,"English","USA","Approved",2900000,1961,416,7.3,2.35,612
"Color","Chris Koch",81,101,13,499,"Lochlyn Munro",651,15408822,"Comedy|Romance","Thomas Lennon","A Guy Thing ",14147,2698,"James Brolin",3,"bachelor party|climbing a tree|taxi|toilet|wedding","http://www.imdb.com/title/tt0295289/?ref_=fn_tt_tt_1",92,"English","USA","PG-13",2e+07,2003,555,5.6,1.85,401
"Color","Gary Rogers",7,120,0,40,"Kirby Heyborne",178,1098224,"Adventure","Noah Danby","The Book of Mormon Movie, Volume 1: The Journey ",397,359,"Bruce Newbold",1,"jerusalem|journey|promised land|ship|wilderness","http://www.imdb.com/title/tt0349159/?ref_=fn_tt_tt_1",30,"English","USA","PG-13",2e+06,2003,69,3.3,1.85,32
"Color","Michael Dougherty",198,98,66,562,"Conchata Ferrell",3000,42592530,"Comedy|Fantasy|Horror","Adam Scott","Krampus ",29867,4567,"Allison Tolman",0,"christmas|german|holiday|krampus|santa claus","http://www.imdb.com/title/tt3850590/?ref_=fn_tt_tt_1",181,"English","USA","PG-13",1.5e+07,2015,658,6.2,2.35,27000
"Color","Barry Sonnenfeld",208,88,188,826,"Rosario Dawson",10000,190418803,"Action|Adventure|Comedy|Family|Fantasy|Mystery|Sci-Fi","Will Smith","Men in Black II ",270207,14823,"Rip Torn",2,"alien|lingerie|lingerie model|m.i.b.|pug","http://www.imdb.com/title/tt0120912/?ref_=fn_tt_tt_1",606,"English","USA","PG-13",1.4e+08,2002,3000,6.1,1.85,2000
"Color","Jonathan Glazer",149,89,143,100,"James Fox",1000,6940281,"Crime|Thriller","Ray Winstone","Sexy Beast ",43135,1291,"Amanda Redman",6,"boulder|gangster|one last job|spain|villa","http://www.imdb.com/title/tt0203119/?ref_=fn_tt_tt_1",346,"English","UK","R",NA,2000,146,7.3,2.35,0
"Color","Avi Nesher",5,104,6,467,"Elizabeth Berkley",922,NA,"Action|Comedy|Crime|Thriller","Fisher Stevens","Taxman ",372,2406,"Robert Townsend",6,"bar|box office flop|dance|one word title|voice over narration","http://www.imdb.com/title/tt0138862/?ref_=fn_tt_tt_1",20,"English","USA","R",1e+06,1998,893,5.5,1.37,18
"Color","Bob Fosse",15,154,189,388,"Ricardo Montalban",683,NA,"Comedy|Drama|Music|Musical|Romance","Sammy Davis Jr.","Sweet Charity ",3454,2172,"Ben Vereen",0,"charity|dancer|foreign language adaptation|hope|taxi dancer","http://www.imdb.com/title/tt0065054/?ref_=fn_tt_tt_1",64,"English","USA","G",2e+07,1969,641,7,2.35,548
"Color","Jim Sonzero",148,90,2,807,"Christina Milian",16000,20259297,"Drama|Horror|Sci-Fi|Thriller","Ian Somerhalder","Pulse ",24969,19952,"Rick Gonzalez",0,"cell phone|computer|computer hacker|e mail|technology","http://www.imdb.com/title/tt0454919/?ref_=fn_tt_tt_1",258,"English","USA","PG-13",2e+07,2006,1000,4.7,2.35,0
"Color","Stanley Kramer",61,197,176,760,"Sid Caesar",924,46300000,"Action|Adventure|Comedy|Crime","Jonathan Winters","It's a Mad, Mad, Mad, Mad World ",29323,4109,"Spencer Tracy",0,"california|desert|dying words|money|race","http://www.imdb.com/title/tt0057193/?ref_=fn_tt_tt_1",344,"English","USA","Approved",9400000,1963,898,7.6,2.76,0
"Color","Peter Hastings",43,88,0,939,"Alex Rocco",3000,16988996,"Comedy|Family|Music|Musical","Haley Joel Osment","The Country Bears ",3875,8189,"Stephen Root",1,"animal in title|bear|box office flop|disney|satire","http://www.imdb.com/title/tt0276033/?ref_=fn_tt_tt_1",75,"English","USA","G",3.5e+07,2002,968,4,1.85,422
"Color","John Carpenter",104,101,0,764,"Valeria Golino",12000,25407250,"Action|Adventure|Sci-Fi|Thriller","Steve Buscemi","Escape from L.A. ",54021,15935,"Michelle Forbes",0,"escape|island|los angeles california|machismo|president's daughter","http://www.imdb.com/title/tt0116225/?ref_=fn_tt_tt_1",227,"English","USA","R",5e+07,1996,898,5.7,2.35,0
"Color","Chris Noonan",124,88,108,135,"Bill Paterson",876,2975649,"Biography|Drama|Romance","Emily Watson","Miss Potter ",23864,1518,"Lucy Boynton",1,"book|children|friend|illustrator|letter","http://www.imdb.com/title/tt0482546/?ref_=fn_tt_tt_1",142,"English","UK","PG",3e+07,2006,142,7,2.35,0
"Color","Justin Tipping",6,80,2,102,"Natalie Stephany Aguilar",861,NA,"Adventure","Tina Gilton","Kicks ",59,1279,"Justin Hall",NA,"","http://www.imdb.com/title/tt4254584/?ref_=fn_tt_tt_1",6,"English","USA","R",NA,2016,163,7.8,NA,240
"Color","Paul Feig",73,90,176,825,"Rob Riggle",931,16647384,"Adventure|Comedy|Family|Romance","Tyler James Williams","Unaccompanied Minors ",8398,4431,"B.J. Novak",1,"airport|black comedy|blizzard|christmas|pennsylvania","http://www.imdb.com/title/tt0488658/?ref_=fn_tt_tt_1",56,"English","USA","PG",2.6e+07,2006,839,5.1,2.35,498
"Color","Richard LaGravenese",81,94,98,89,"Jeremy Jordan",10000,137945,"Comedy|Drama|Musical|Romance","Anna Kendrick","The Last Five Years ",6223,10869,"Charly Bivona",7,"based on play|number in title","http://www.imdb.com/title/tt2474024/?ref_=fn_tt_tt_1",40,"English","USA","PG-13",NA,2014,773,5.9,2.35,0
"Color","Tom Vaughan",148,101,12,149,"Andrew Daly",642,80276912,"Comedy|Romance","Treat Williams","What Happens in Vegas ",140740,1026,"Michelle Krusiec",2,"casino|father son relationship|jackpot|judge|wedding","http://www.imdb.com/title/tt1033643/?ref_=fn_tt_tt_1",151,"English","USA","PG-13",3.5e+07,2008,171,6.1,2.35,0
"Color","Neil Burger",31,88,168,21,"Christel Khalil",108,47329,"Drama","Raymond J. Barry","Interview with the Assassin ",1661,243,"Renee Faia",0,"conspiracy theory|kennedy assassination|mock documentary|paranoia","http://www.imdb.com/title/tt0308411/?ref_=fn_tt_tt_1",31,"English","USA","R",750000,2002,72,6.6,1.78,163
"Color","Simon Wincer",30,98,23,982,"Tia Carrere",1000,7434726,"Action|Crime|Drama|Thriller|Western","Vanessa Williams","Harley Davidson and the Marlboro Man ",14473,3671,"Don Johnson",2,"bar|biker|cowboy|drugs|marlboro","http://www.imdb.com/title/tt0102005/?ref_=fn_tt_tt_1",81,"English","USA","R",2.3e+07,1991,1000,6,1.85,0
"Color","George Miller",61,97,750,231,"Elizabeth Daily",1000,18318000,"Adventure|Comedy|Drama|Family|Fantasy","Adam Goldberg","Babe: Pig in the City ",24868,2521,"Glenne Headly",0,"animal|farm|farmer|hotel|pig","http://www.imdb.com/title/tt0120595/?ref_=fn_tt_tt_1",216,"English","Australia","G",8e+07,1998,971,5.8,1.85,964
"Color","Douglas McGrath",80,132,41,1000,"Anne Hathaway",16000,1309849,"Drama|Romance","Charlie Hunnam","Nicholas Nickleby ",9395,29177,"Jim Broadbent",1,"boy|boys' school|death|friend|orphan","http://www.imdb.com/title/tt0309912/?ref_=fn_tt_tt_1",103,"English","UK","PG",1e+07,2002,11000,7.2,2.35,0
"Color","Troy Miller",85,85,14,244,"Mimi Rogers",577,26096584,"Comedy","Elden Henson","Dumb and Dumberer: When Harry Met Lloyd ",30651,1653,"Cheri Oteri",0,"1980s|buddy|high school|prequel to cult favorite|teenager","http://www.imdb.com/title/tt0329028/?ref_=fn_tt_tt_1",267,"English","USA","PG-13",1.9e+07,2003,291,3.4,1.37,1000
"Color","Anthony Russo",136,110,94,240,"Billy Gardell",277,75604320,"Comedy|Romance","Todd Stashwick","You, Me and Dupree ",68417,847,"Amanda Detmer",1,"best friend|foot fetish|houseguest|newlywed|wedding","http://www.imdb.com/title/tt0463034/?ref_=fn_tt_tt_1",195,"English","USA","PG-13",5.4e+07,2006,245,5.6,1.85,0
"Color","Matthew Diamond",28,88,12,231,"Garrett Clayton",979,1064277,"Adventure|Family|Fantasy|Musical","Chazz Palminteri","The Oogieloves in the Big Balloon Adventure ",14015,1978,"Toni Braxton",0,"balloon|birthday|box office flop|critically bashed","http://www.imdb.com/title/tt1520498/?ref_=fn_tt_tt_1",83,"English","USA","G",2e+07,2012,532,6.7,NA,831
"Color","Andrucha Waddington",42,115,6,24,"Seu Jorge",119,NA,"Drama","Fernanda Montenegro","House of Sand ",2650,222,"Fernanda Torres",1,"1910s|desert|dunes|goat|slave","http://www.imdb.com/title/tt0373747/?ref_=fn_tt_tt_1",35,"Portuguese","Brazil","R",8e+06,2005,69,7.5,2.35,385
"Color","Joshua Logan",20,158,32,417,"Lee Marvin",16000,NA,"Comedy|Drama|Musical|Romance|Western","Clint Eastwood","Paint Your Wagon ",9352,17775,"Ray Walston",3,"california|farmer|gold|mining|prospector","http://www.imdb.com/title/tt0064782/?ref_=fn_tt_tt_1",106,"English","USA","PG-13",2e+07,1969,756,6.7,2.35,0
"Color","Liz Friedlander",101,118,3,439,"Yaya DaCosta",1000,34703228,"Drama|Music","Alfre Woodard","Take the Lead ",21767,3797,"Jasika Nicole",0,"ballroom|dance|dance teacher|student|teacher","http://www.imdb.com/title/tt0446046/?ref_=fn_tt_tt_1",127,"English","USA","PG-13",3e+07,2006,712,6.7,1.85,0
"Color","Brad Anderson",127,100,122,83,"Brendan Sexton III",210,373967,"Horror|Mystery","Paul Guilfoyle","Session 9 ",43839,469,"Larry Fessenden",0,"abandoned asylum|abandoned hospital|asbestos|lobotomy|multiple personality","http://www.imdb.com/title/tt0261983/?ref_=fn_tt_tt_1",481,"English","USA","R",1500000,2001,148,6.5,2.35,0
"Color","Danny Boyle",393,101,0,888,"Spencer Wilding",3000,2319187,"Crime|Drama|Mystery|Thriller","Rosario Dawson","Trance ",92640,5056,"Tuppence Middleton",0,"amnesia|criminal|heist|hypnotherapy|lost painting","http://www.imdb.com/title/tt1924429/?ref_=fn_tt_tt_1",212,"English","UK","R",2e+07,2013,1000,7,2.35,23000
"Color","Paul Schrader",19,103,261,145,"Jane Adams",722,1100000,"Crime|Drama","Dana Delany","Light Sleeper ",3665,1201,"David Clennon",0,"bare breasts|drugs|existentialism|new york city|redemption","http://www.imdb.com/title/tt0102307/?ref_=fn_tt_tt_1",39,"English","USA","R",5e+06,1992,280,6.8,1.85,247
"Color","Martin Koolhoven",111,103,12,19,"Tygo Gernandt",163,542860,"Drama|History|War","Yorick van Wageningen","Winter in Wartime ",9230,219,"Martijn Lakemeier",1,"horse|nazi|occupation|resistance movement|uncle nephew relationship","http://www.imdb.com/title/tt0795441/?ref_=fn_tt_tt_1",37,"Dutch","Netherlands","R",4e+06,2008,20,7.1,2.35,0
"Color","Robert Schwentke",181,120,124,943,"Theo James",6000,66002193,"Action|Adventure|Mystery|Sci-Fi|Thriller","Naomi Watts","Allegiant ",44296,12452,"Zoë Kravitz",3,"based on young adult novel|dystopia|genetic experimentation|strong female character|strong female lead","http://www.imdb.com/title/tt3410834/?ref_=fn_tt_tt_1",144,"English","USA","PG-13",1.1e+08,2016,5000,5.8,2.35,12000
"Color","David Fincher",315,151,21000,637,"Meat Loaf",11000,37023395,"Drama","Brad Pitt","Fight Club ",1347461,13209,"Eugenie Bondurant",2,"anti establishment|dark humor|fighting|multiple personality disorder|surprise ending","http://www.imdb.com/title/tt0137523/?ref_=fn_tt_tt_1",2968,"English","USA","R",6.3e+07,1999,783,8.8,2.35,48000
"Color","Hayao Miyazaki",256,101,6000,2,"Yûki Amami",6,15081783,"Adventure|Animation|Family|Fantasy","Rumi Hiiragi","Ponyo ",85589,13,"Yuria Nara",0,"children adventure|magical realism|sea goddess|small town|tsunami","http://www.imdb.com/title/tt0876563/?ref_=fn_tt_tt_1",144,"Japanese","Japan","G",3.4e+07,2008,3,7.7,1.85,0
"Color","Bill Paxton",86,120,0,58,"Matthew Knight",577,15331289,"Drama|History|Sport","Stephen Dillane","The Greatest Game Ever Played ",22289,1217,"Amanda Tilson",1,"champion|golf tournament|golfer|nostalgia|orchestral music score","http://www.imdb.com/title/tt0388980/?ref_=fn_tt_tt_1",106,"English","USA","PG",NA,2005,464,7.5,1.85,0
"Color","Justin Thomas Ostensen",18,99,0,5,"Kristin Booth",721,NA,"Thriller","Michael Berryman","Below Zero ",652,862,"Michael Eisner",2,"","http://www.imdb.com/title/tt1641388/?ref_=fn_tt_tt_1",11,"English","Canada","R",1200000,2011,134,4.5,NA,161
"Color","Kenny Ortega",128,112,197,632,"Matt Prokop",755,90556401,"Comedy|Drama|Family|Music|Musical|Romance","Lucas Grabeel","High School Musical 3: Senior Year ",43795,3507,"Corbin Bleu",1,"basketball|curtain call|graduation|high school|high school senior","http://www.imdb.com/title/tt0962726/?ref_=fn_tt_tt_1",171,"English","USA","G",1.1e+07,2008,734,4.5,1.85,0
"Color","Eric Bress",185,120,19,829,"Eric Stoltz",8000,23947,"Sci-Fi|Thriller","Logan Lerman","The Butterfly Effect ",357579,12755,"Cameron Bright",0,"blackout|child pornography|memory|surprise ending|time travel","http://www.imdb.com/title/tt0289879/?ref_=fn_tt_tt_1",1100,"English","USA","R",1.3e+07,2004,902,7.7,1.85,15000
"Color","Peter Hedges",169,105,54,988,"Odeya Rush",3000,51853450,"Comedy|Drama|Family|Fantasy","Jennifer Garner","The Odd Life of Timothy Green ",37398,9069,"Common",0,"dodgeball|portrait|soccer|soccer game|young love","http://www.imdb.com/title/tt1462769/?ref_=fn_tt_tt_1",110,"English","USA","PG",2.5e+07,2012,2000,6.6,1.85,11000
"Color","John Frankenheimer",70,99,287,44,"Temuera Morrison",10000,27663982,"Horror|Sci-Fi|Thriller","Marlon Brando","The Island of Dr. Moreau ",26051,10469,"Marco Hofschneider",2,"animal experimentation|chimera|island|jungle|mutant","http://www.imdb.com/title/tt0116654/?ref_=fn_tt_tt_1",164,"English","USA","PG-13",4e+07,1996,368,4.4,2.35,0
"Color","Jon Stewart",129,103,593,241,"Claire Foy",374,3093491,"Biography|Drama","Numan Acar","Rosewater ",8307,1283,"Haluk Bilginer",0,"based on true story|hijab|journalism|prison|reference to mahmoud ahmedinejad","http://www.imdb.com/title/tt2752688/?ref_=fn_tt_tt_1",37,"English","USA","R",5e+06,2014,362,6.6,1.85,5000
" Black and White","Daniel Myrick",360,81,19,39,"Joshua Leonard",170,140530114,"Horror","Heather Donahue","The Blair Witch Project ",186786,399,"Michael C. Williams",0,"found footage|looking at the camera|lost in the woods|maryland|screaming in horror","http://www.imdb.com/title/tt0185937/?ref_=fn_tt_tt_1",3400,"English","USA","R",60000,1999,170,6.4,1.33,0
"Color","Beto Gómez",16,105,5,122,"Gerardo Taracena",274,1391770,"Adventure|Comedy|Western","Jaime Camil","Saving Private Perez ",1592,793,"Joaquín Cosio",6,"conflicted hero|flashback|mission|rescue|rescue mission","http://www.imdb.com/title/tt0461336/?ref_=fn_tt_tt_1",14,"Spanish","Mexico","PG-13",NA,2011,154,6,2.35,0
"Color","Roger Michell",150,124,50,427,"Clarke Peters",8000,116006080,"Comedy|Drama|Romance","Julia Roberts","Notting Hill ",203269,9255,"Dylan Moran",1,"actress|bookstore|friend|kiss|love","http://www.imdb.com/title/tt0125439/?ref_=fn_tt_tt_1",602,"English","UK","PG-13",4.2e+07,1999,437,7,2.35,11000
"Color","Rodrigo García",161,125,127,798,"Jimmy Smits",6000,1110286,"Drama|Romance","Naomi Watts","Mother and Child ",9727,8876,"Carla Gallo",6,"adoption|baby|girl|lawyer|sex","http://www.imdb.com/title/tt1121977/?ref_=fn_tt_tt_1",65,"English","USA","R",4825000,2009,941,7.2,2.35,0
"Color","Woody Allen",40,82,11000,167,"Charlotte Rae",11000,NA,"Comedy","Woody Allen","Bananas ",27646,11700,"Louise Lasser",3,"fictitious country|latin america|president|rebellion|reference to fidel castro","http://www.imdb.com/title/tt0066808/?ref_=fn_tt_tt_1",105,"English","USA","GP",2e+06,1971,430,7.1,1.37,0
"Color","",96,44,NA,970,"Alyson Hannigan",4000,NA,"Action|Drama|Fantasy|Romance","Sarah Michelle Gellar","Buffy the Vampire Slayer             ",101902,7970,"Emma Caulfield",0,"action heroine|coming of age|destiny|double life|vampire","http://www.imdb.com/title/tt0118276/?ref_=fn_tt_tt_1",665,"English","USA","TV-14",2300000,NA,3000,8.2,1.33,6000
"Color","Spike Lee",48,136,0,3000,"Milla Jovovich",18000,21554585,"Drama|Sport","Denzel Washington","He Got Game ",36108,37315,"Rosario Dawson",0,"basketball|basketball player|female nudity|porn actor in mainstream movie|prison","http://www.imdb.com/title/tt0124718/?ref_=fn_tt_tt_1",109,"English","USA","R",2.5e+07,1998,14000,6.9,1.85,0
"Color","Steve Antin",197,119,59,676,"Peter Gallagher",2000,39440655,"Drama|Music|Musical|Romance","Eric Dane","Burlesque ",61680,4315,"David Walton",1,"burlesque|dancer|iowa|small town girl|stage","http://www.imdb.com/title/tt1126591/?ref_=fn_tt_tt_1",222,"English","USA","PG-13",5.5e+07,2010,828,6.4,2.35,19000
"Color","Harold Ramis",125,93,11000,484,"Frances O'Connor",3000,37879996,"Comedy|Fantasy|Romance","Brendan Fraser","Bedazzled ",81888,5390,"Brian Doyle-Murray",2,"contract|devil|dream|soul|wish","http://www.imdb.com/title/tt0230030/?ref_=fn_tt_tt_1",254,"English","USA","PG-13",4.8e+07,2000,575,6,2.35,0
"Color","Randall Wallace",82,99,130,79,"Connor Corum",399,91443253,"Biography|Drama","Jacob Vargas","Heaven Is for Real ",21034,663,"Rob Moran",NA,"based on true story|christ|christian|near death experience|pastor","http://www.imdb.com/title/tt1929263/?ref_=fn_tt_tt_1",153,"English","USA","PG",1.2e+07,2014,116,5.8,2.35,23000
"Color","Herbert Ross",60,107,71,304,"Chris Penn",967,80000000,"Drama|Music|Romance","Dianne Wiest","Footloose ",51459,1962,"Lori Singer",0,"church|cowboy boots|dancing|high school dance|teenager","http://www.imdb.com/title/tt0087277/?ref_=fn_tt_tt_1",113,"English","USA","PG",8200000,1984,455,6.5,1.85,0
"Color","Bruce McDonald",178,95,49,57,"Georgina Reilly",413,3478,"Fantasy|Horror","Stephen McHattie","Pontypool ",22212,721,"Boyd Banks",0,"blood splatter|talk radio|virus|vomiting blood|zombie apocalypse","http://www.imdb.com/title/tt1226681/?ref_=fn_tt_tt_1",142,"English","Canada","Not Rated",1500000,2008,98,6.7,2.35,0
"Color","Clint Eastwood",43,136,16000,216,"Warren Clarke",16000,46700000,"Action|Adventure|Thriller","Clint Eastwood","Firefox ",19832,16805,"Kenneth Colley",1,"fighter plane|jet fighter|refueling|russia|soviet union","http://www.imdb.com/title/tt0083943/?ref_=fn_tt_tt_1",98,"English","USA","PG",2.1e+07,1982,281,5.9,2.35,0
"Color","Steven Soderbergh",248,108,0,690,"Joel McHale",13000,33313582,"Comedy|Crime|Drama|Thriller","Matt Damon","The Informant! ",52888,16031,"Thomas F. Wilson",1,"compulsive liar|fbi|informant|investigation|spy","http://www.imdb.com/title/tt1130080/?ref_=fn_tt_tt_1",175,"English","USA","R",2.1e+07,2009,734,6.5,1.85,0
"Color","Seth MacFarlane",457,112,3000,1000,"Seth MacFarlane",15000,218628680,"Comedy|Fantasy","Mila Kunis","Ted ",471644,21773,"Tom Skerritt",1,"2010s|car accident|sex scene|teddy bear|testicle","http://www.imdb.com/title/tt1637725/?ref_=fn_tt_tt_1",623,"English","USA","R",5e+07,2012,3000,7,1.85,74000
"Color","Panos Cosmatos",97,110,22,48,"Marilyn Norry",434,56129,"Sci-Fi|Thriller","Chris Gauthier","Beyond the Black Rainbow ",6555,645,"Eva Bourne",1,"exploitation|four word title|hallucinogen|lynchian|telepathy","http://www.imdb.com/title/tt1534085/?ref_=fn_tt_tt_1",82,"English","Canada","R",1100000,2010,95,6.1,2.35,0
" Black and White","John Schlesinger",88,113,154,77,"Barnard Hughes",183,NA,"Drama","Brenda Vaccaro","Midnight Cowboy ",76616,465,"John McGiver",2,"gay|homosexual|homosexuality|hustler|male rear nudity","http://www.imdb.com/title/tt0064665/?ref_=fn_tt_tt_1",334,"English","USA","X",3600000,1969,89,7.9,1.85,0
"Color","Curtis Hanson",106,124,161,681,"Robert Duvall",21000,5755286,"Drama|Romance|Sport","Robert Downey Jr.","Lucky You ",18310,26334,"Kelvin Han Yee",1,"losing|poker|poker player|reference to frederic chopin|reference to johannes brahms","http://www.imdb.com/title/tt0338216/?ref_=fn_tt_tt_1",63,"English","USA","PG-13",5.5e+07,2007,3000,5.9,2.35,672
"Color","Nancy Meyers",241,121,278,808,"Anne Hathaway",22000,75274748,"Comedy|Drama","Robert De Niro","The Intern ",130661,36010,"Rene Russo",2,"reference to ben affleck|reference to brad pitt|reference to george clooney|reference to jack nicholson|website","http://www.imdb.com/title/tt2361509/?ref_=fn_tt_tt_1",304,"English","USA","PG-13",3.5e+07,2015,11000,7.2,1.85,54000
"Color","Jon Favreau",81,95,4000,334,"Faizon Love",4000,5308707,"Comedy|Crime|Drama|Thriller","Jon Favreau","Made ",15053,5245,"Jonathan Silverman",2,"friendship|loudmouth|money laundering|new york city|stripper","http://www.imdb.com/title/tt0227005/?ref_=fn_tt_tt_1",165,"English","USA","R",5e+06,2001,585,6.4,1.85,393
"Color","Forest Whitaker",65,114,0,545,"Harry Connick Jr.",970,60033780,"Drama|Romance","Bill Cobbs","Hope Floats ",18973,2860,"Gena Rowlands",1,"best friend|friend|mother daughter relationship|small town|texas","http://www.imdb.com/title/tt0119313/?ref_=fn_tt_tt_1",162,"English","USA","PG-13",3e+07,1998,631,5.9,1.85,0
"Color","Rob Cohen",145,121,357,653,"Joe Morton",820,31704416,"Action|Adventure|Sci-Fi|Thriller","Sam Shepard","Stealth ",45455,2705,"Richard Roxburgh",0,"artificial intelligence|box office flop|fighter jet|navy|pilot","http://www.imdb.com/title/tt0382992/?ref_=fn_tt_tt_1",388,"English","USA","PG-13",1.35e+08,2005,780,5,2.35,0
"Color","Stephen Milburn Anderson",27,118,0,410,"Mike Starr",26000,46451,"Comedy|Crime|Thriller","Chris Hemsworth","Ca$h ",7663,27756,"Paul Sanchez",2,"cash|financial problem|heist|land rover|mortgage","http://www.imdb.com/title/tt1106860/?ref_=fn_tt_tt_1",38,"English","USA","R",7e+06,2010,854,6,1.85,694
"Color","Jim Goddard",21,97,3,161,"Paul Freeman",400,2315683,"Adventure|Crime|Drama|Romance","Victor Wong","Shanghai Surprise ",4081,805,"Clyde Kusatsu",0,"china|missionary|opium|villain|year 1937","http://www.imdb.com/title/tt0091934/?ref_=fn_tt_tt_1",28,"English","UK","PG-13",1.7e+07,1986,193,3,1.85,154
"Color","Steven Soderbergh",238,122,0,11000,"Matt Damon",14000,117144465,"Crime|Thriller","Al Pacino","Ocean's Thirteen ",256928,43499,"Brad Pitt",3,"casino|heist|manmade earthquake|revenge|tunnel boring machine","http://www.imdb.com/title/tt0496806/?ref_=fn_tt_tt_1",288,"English","USA","PG-13",8.5e+07,2007,13000,6.9,2.35,0
"Color","Jason Friedberg",111,86,82,362,"Diedrich Bader",869,38232624,"Comedy","Carmen Electra","Meet the Spartans ",88518,3854,"Method Man",0,"king|persian|spartan|training|xerxes","http://www.imdb.com/title/tt1073498/?ref_=fn_tt_tt_1",409,"English","USA","PG-13",3e+07,2008,759,2.7,1.85,0
"Color","Jan de Bont",167,113,101,913,"Lili Taylor",14000,91188905,"Fantasy|Horror|Mystery|Thriller","Liam Neeson","The Haunting ",58184,17786,"Virginia Madsen",0,"greenhouse|haunted house|horror movie remake|mansion|old house","http://www.imdb.com/title/tt0171363/?ref_=fn_tt_tt_1",805,"English","USA","PG-13",8e+07,1999,960,4.9,2.35,0
"Color","",51,60,NA,256,"Indira Varma",2000,NA,"Crime|Drama|Mystery|Thriller","Ruth Wilson","Luther             ",70568,3823,"Warren Brown",1,"murder|police|psychopath","http://www.imdb.com/title/tt1474684/?ref_=fn_tt_tt_1",105,"English","UK","TV-MA",NA,NA,729,8.6,16,20000
"Color","Jaume Collet-Serra",236,114,174,655,"Common",14000,26442251,"Action|Crime|Drama|Thriller","Liam Neeson","Run All Night ",76010,16992,"Bruce McGill",2,"death|drug dealer|limousine|limousine driver|one night","http://www.imdb.com/title/tt2199571/?ref_=fn_tt_tt_1",205,"English","USA","R",5e+07,2015,988,6.6,2.35,15000
"Color","Pierre Morel",224,115,180,87,"Mark Rylance",1000,10640645,"Action|Crime|Drama|Mystery|Thriller","Ray Winstone","The Gunman ",28429,1686,"Jasmine Trinca",0,"assassination|blood vomiting|death|hit squad|mercenary","http://www.imdb.com/title/tt2515034/?ref_=fn_tt_tt_1",110,"English","USA","R",4e+07,2015,535,5.8,2.35,0
"Color","Ava DuVernay",364,128,151,852,"Tom Wilkinson",1000,52066000,"Biography|Drama|History","David Oyelowo","Selma ",61114,3869,"Oprah Winfrey",0,"civil rights|courage|protest|selma alabama|u.s. politics","http://www.imdb.com/title/tt1020072/?ref_=fn_tt_tt_1",212,"English","UK","PG-13",2e+07,2014,1000,7.5,2.35,22000
"Color","Mark Neveldine",93,91,83,794,"Alison Lohman",3000,1712111,"Horror|Thriller","Djimon Hounsou","The Vatican Tapes ",7199,7875,"Dougray Scott",0,"evil|injury|possession|priest|vatican","http://www.imdb.com/title/tt1524575/?ref_=fn_tt_tt_1",53,"English","USA","PG-13",8495000,2015,1000,4.5,1.85,0
"Color","Vincenzo Natali",82,95,165,280,"Jeremy Northam",686,NA,"Mystery|Romance|Sci-Fi|Thriller","David Hewlett","Cypher ",27052,1501,"Kari Matchett",2,"brainwashing|corporate espionage|spy|suburb|surprise ending","http://www.imdb.com/title/tt0284978/?ref_=fn_tt_tt_1",124,"English","USA","R",7500000,2002,327,6.8,1.85,0
"Color","Lasse Hallström",84,93,529,805,"Sarah Roemer",1000,NA,"Drama|Family","Cary-Hiroyuki Tagawa","Hachi: A Dog's Tale ",155249,4453,"Joan Allen",0,"dog|human animal relationship|japanese|loyalty|waiting","http://www.imdb.com/title/tt1028532/?ref_=fn_tt_tt_1",304,"English","USA","G",1.6e+07,2009,884,8.1,1.85,115000
"Color","Nimród Antal",351,107,190,520,"Alice Braga",2000,52000688,"Action|Adventure|Sci-Fi|Thriller","Topher Grace","Predators ",171418,4243,"Derek Mears",0,"kicked in the face|martial arts|punched in the face|strong female character|woman punching a man","http://www.imdb.com/title/tt1424381/?ref_=fn_tt_tt_1",619,"English","USA","R",4e+07,2010,1000,6.4,2.35,17000
"Color","Alfonso Cuarón",738,91,0,13,"Basher Savage",39,274084951,"Adventure|Drama|Sci-Fi|Thriller","Phaldut Sharma","Gravity ",582917,87,"Amy Warren",0,"box office hit|long take|sole survivor|space|space station","http://www.imdb.com/title/tt1454468/?ref_=fn_tt_tt_1",1885,"English","UK","PG-13",1e+08,2013,23,7.8,2.35,147000
"Color","Phil Joanou",85,125,21,581,"Jurnee Smollett-Bell",12000,38432823,"Crime|Drama|Sport","Dwayne Johnson","Gridiron Gang ",33067,15811,"Kevin Dunn",1,"alliterative title|football|football coach|football practice|football team","http://www.imdb.com/title/tt0421206/?ref_=fn_tt_tt_1",134,"English","USA","PG-13",3e+07,2006,2000,6.9,2.35,0
"Color","Victor Salva",44,120,108,400,"Tim DeKay",634,1055654,"Drama|Romance|Sport","Scott Mechlowicz","Peaceful Warrior ",20426,2673,"Agnes Bruckner",1,"college|college athlete|comeback|gymnast|olympics","http://www.imdb.com/title/tt0438315/?ref_=fn_tt_tt_1",175,"English","Germany","PG-13",1e+07,2006,436,7.3,2.35,0
"Color","Kate Connor",8,100,27,847,"Eric Stoltz",1000,73678,"Drama|History|War","Johnny Pacar","Fort McCoy ",266,4374,"Brendan Fehr",1,"","http://www.imdb.com/title/tt1282046/?ref_=fn_tt_tt_1",8,"English","USA","R",3e+06,2011,902,5.9,NA,348
"Color","Wayne Thornley",39,83,0,700,"Phil LaMarr",12000,NA,"Adventure|Animation|Comedy|Family","Leonard Nimoy","Zambezia ",5203,15680,"Noureen DeWulf",0,"bird|city name in title|falcon|one word title|place name in title","http://www.imdb.com/title/tt1488181/?ref_=fn_tt_tt_1",11,"English","South Africa","G",2e+07,2012,857,5.8,1.78,1000
"Color","Mark Illsley",77,98,3,327,"Illeana Douglas",349,1943649,"Comedy|Crime|Romance","Ally Walker","Happy, Texas ",8697,2095,"Jeremy Northam",3,"banker|beauty pageant|escaped convict|gay|pageant","http://www.imdb.com/title/tt0162360/?ref_=fn_tt_tt_1",122,"English","USA","PG-13",1700000,1999,347,6.3,1.85,374
"Color","Benedikt Erlingsson",66,81,4,5,"Charlotte Bøving",63,11835,"Comedy|Drama|Romance","Ingvar Eggert Sigurðsson","Of Horses and Men ",1920,81,"Sigríður María Egilsdóttir",0,"barbed wire|barbed wire fence|horse|nature|snowstorm","http://www.imdb.com/title/tt3074732/?ref_=fn_tt_tt_1",7,"Icelandic","Iceland","",1e+07,2013,10,6.9,2.35,1000
"Color","Quentin Tarantino",765,165,16000,265,"Christoph Waltz",29000,162804648,"Drama|Western","Leonardo DiCaprio","Django Unchained ",955174,40978,"Ato Essandoh",1,"dynamite|historically inaccurate|ku klux klan|n word|slavery","http://www.imdb.com/title/tt1853728/?ref_=fn_tt_tt_1",1193,"English","USA","R",1e+08,2012,11000,8.5,2.35,199000
"Color","Dennis Dugan",198,113,221,503,"Sayed Badreya",11000,100018837,"Action|Comedy","Adam Sandler","You Don't Mess with the Zohan ",156348,13446,"Kevin Nealon",0,"hair stylist|jew|landlord|muslim|palestinian","http://www.imdb.com/title/tt0960144/?ref_=fn_tt_tt_1",380,"English","USA","PG-13",9e+07,2008,600,5.5,1.85,0
"Color","Stephen Kay",102,102,19,351,"Miranda Richardson",13000,14967182,"Action|Crime|Drama|Thriller","Sylvester Stallone","Get Carter ",27305,14463,"Lauren Lee Smith",1,"affair|car crash|enforcer|funeral|murder","http://www.imdb.com/title/tt0208988/?ref_=fn_tt_tt_1",284,"English","USA","R",4e+07,2000,530,5.1,2.35,604
"Color","Stephen Hopkins",102,130,81,427,"William Hurt",10000,69102910,"Action|Adventure|Family|Sci-Fi|Thriller","Gary Oldman","Lost in Space ",58402,12186,"June Lockhart",0,"based on tv series|remake|robot|scientist|spaceship","http://www.imdb.com/title/tt0120738/?ref_=fn_tt_tt_1",370,"English","USA","PG-13",8e+07,1998,882,5.1,2.35,0
"Color","John Carpenter",318,101,0,598,"Donald Pleasence",2000,47000000,"Horror|Thriller","Jamie Lee Curtis","Halloween ",157863,4400,"P.J. Soles",0,"halloween|masked killer|michael myers|slasher|trick or treat","http://www.imdb.com/title/tt0077651/?ref_=fn_tt_tt_1",1191,"English","USA","R",3e+05,1978,742,7.9,2.35,12000
"Color","Alejandro Amenábar",180,141,448,334,"Ashraf Barhom",614,617840,"Adventure|Drama|History|Romance","Max Minghella","Agora ",52496,1829,"Rupert Evans",2,"christian|love|philosophy|prefect|slave","http://www.imdb.com/title/tt1186830/?ref_=fn_tt_tt_1",172,"English","Spain","R",7e+07,2009,451,7.2,2.35,29000
"Color","Al Franklin",NA,96,0,270,"Steffinnie Phrommany",471,NA,"Horror","Marshal Hilton","Teeth and Blood ",24,1399,"Clint Jung",0,"blood|teeth","http://www.imdb.com/title/tt1991199/?ref_=fn_tt_tt_1",2,"English","USA","",3e+05,2015,320,4.3,16,85
"Color","Sylvio Tabet",17,107,0,284,"Kari Wuhrer",721,869325,"Action|Adventure|Fantasy|Sci-Fi","Michael Berryman","Beastmaster 2: Through the Portal of Time ",2281,2000,"Marc Singer",2,"beast|beastmaster|psychotronic|sword and sorcery|warrior","http://www.imdb.com/title/tt0101412/?ref_=fn_tt_tt_1",16,"English","USA","PG-13",6e+06,1991,514,3.8,1.85,125
"Color","Josh Trank",369,100,128,78,"Reg E. Cathey",596,56114221,"Action|Adventure|Sci-Fi","Tim Blake Nelson","Fantastic Four ",110486,1261,"Tim Heidecker",3,"box office flop|critically bashed|portal|teleportation|troubled production","http://www.imdb.com/title/tt1502712/?ref_=fn_tt_tt_1",695,"English","USA","PG-13",1.2e+08,2015,360,4.3,2.35,41000
"Color","Chris Koch",42,89,13,329,"Mark Webber",571,60008303,"Adventure|Comedy|Family","Chris Elliott","Snow Day ",9285,2241,"Jean Smart",1,"meteorologist|snow|snowed in|snowplow|weather","http://www.imdb.com/title/tt0184907/?ref_=fn_tt_tt_1",91,"English","USA","PG",1.3e+07,2000,442,4.9,1.85,0
"Color","Kaige Chen",90,103,45,107,"Toby Leonard Moore",489,668171,"Action|Drama|Fantasy","Dong-gun Jang","The Promise ",8215,949,"Nicholas Tse",0,"armor|general|king|princess|slave","http://www.imdb.com/title/tt0417976/?ref_=fn_tt_tt_1",132,"Mandarin","China","PG-13",6e+07,2005,181,5.6,2.35,445
"Color","Henry Joost",251,94,24,434,"Sprague Grayden",581,104007828,"Horror","Johanna Braddy","Paranormal Activity 3 ",76828,2371,"Christopher Nicholas Smith",0,"animate object|imaginary friend|reference to macgyver|whispering|woman wearing only a man's shirt","http://www.imdb.com/title/tt1778304/?ref_=fn_tt_tt_1",314,"English","USA","R",5e+06,2011,438,5.8,1.85,24000
"Color","Rick de Oliveira",52,96,2,0,"Alan Taylor",960,3713002,"Documentary","Laura Ramsey","The Real Cancun ",3611,972,"Benjamin Fletcher",1,"cancun mexico|mexico|spring break|vacation|wisconsin","http://www.imdb.com/title/tt0360916/?ref_=fn_tt_tt_1",62,"English","USA","R",8e+06,2003,12,2.7,1.85,131
"Color","Mike Leigh",248,129,608,386,"Imelda Staunton",1000,3205244,"Comedy|Drama","Jim Broadbent","Another Year ",23629,2265,"Phil Davis",0,"autumn|four seasons|friend|looking at one's self in a mirror|unhappiness","http://www.imdb.com/title/tt1431181/?ref_=fn_tt_tt_1",141,"English","UK","PG-13",1e+07,2010,579,7.3,2.35,0
"Color","John Carney",283,104,109,7,"Karen Pittman",480,16168741,"Drama|Music","James Corden","Begin Again ",99430,517,"Mary Catherine Garrison",1,"manhattan new york city|new york city|record label|singer|song","http://www.imdb.com/title/tt1980929/?ref_=fn_tt_tt_1",182,"English","USA","R",8e+06,2013,12,7.4,1.85,43000
"Color","Richard Kelly",173,160,219,215,"Curtis Armstrong",1000,273420,"Comedy|Mystery|Sci-Fi|Thriller","Janeane Garofalo","Southland Tales ",32671,2340,"Chris Andrew Ciulla",6,"amnesia|boxer|conspiracy|police|porn star","http://www.imdb.com/title/tt0405336/?ref_=fn_tt_tt_1",238,"English","France","R",1.7e+07,2006,876,5.5,2.35,0
"Color","Joe Wright",316,123,456,286,"Alfie Allen",19000,50921738,"Drama|Mystery|Romance|War","Benedict Cumberbatch","Atonement ",192930,20499,"Brenda Blethyn",1,"death of sister|dying|loss of virginity|septicemia|sex","http://www.imdb.com/title/tt0783233/?ref_=fn_tt_tt_1",581,"English","UK","R",3e+07,2007,1000,7.8,1.85,12000
" Black and White","Kevin Rodney Sullivan",50,106,8,521,"Sean Patrick Thomas",748,64955956,"Comedy|Drama","Harry Lennix","Barbershop 2: Back in Business ",10104,3956,"Kenan Thompson",4,"barbecue|barbershop|blaxploitation|marriage|politics","http://www.imdb.com/title/tt0337579/?ref_=fn_tt_tt_1",69,"English","USA","PG-13",1.8e+07,2004,656,5.7,1.85,265
"Color","John Woo",152,153,610,617,"Roger Willie",12000,40911830,"Action|Drama|War","Nicolas Cage","Windtalkers ",55994,15046,"Noah Emmerich",0,"code|duty|steel helmet|u.s. marine|u.s. soldier","http://www.imdb.com/title/tt0245562/?ref_=fn_tt_tt_1",454,"English","USA","R",1.15e+08,2002,836,6,2.35,0
"Color","Sam Raimi",221,88,0,795,"Bridget Fonda",901,11501093,"Comedy|Fantasy|Horror","Patricia Tallman","Army of Darkness ",128850,3913,"Embeth Davidtz",0,"army of the dead|battle|necronomicon|reluctant hero|skeleton soldier","http://www.imdb.com/title/tt0106308/?ref_=fn_tt_tt_1",604,"English","USA","R",1.3e+07,1992,888,7.6,1.85,10000
"Color","Tom Walsh",2,98,2,53,"Maggie Wheeler",729,NA,"Animation","Joey D. Vieira","Dwegons and Leprechauns ",50,1092,"Jacqueline Lovell",4,"dwegons","http://www.imdb.com/title/tt1134666/?ref_=fn_tt_tt_1",3,"English","USA","PG",2e+07,2014,282,4.8,NA,70
"Color","Brian Trenchard-Smith",8,88,53,176,"Mariel Hemingway",563,721,"Action|Drama","David Keith","In Her Line of Fire ",783,1284,"Jesse Hutch",2,"camp|die hard scenario|female protagonist|island|vice president","http://www.imdb.com/title/tt0487156/?ref_=fn_tt_tt_1",12,"English","Germany","R",1e+06,2006,288,4.1,1.85,42
"Color","John Singleton",64,112,309,15,"Lloyd Avery II",27,57504069,"Crime|Drama","John Cothran","Boyz n the Hood ",94139,106,"Na'Blonka Durden",2,"drugs|escape|football|friend|violence","http://www.imdb.com/title/tt0101507/?ref_=fn_tt_tt_1",183,"English","USA","R",6e+06,1991,26,7.8,1.85,0
"Color","Mark Tarlov",35,96,3,353,"Dylan Baker",4000,4394936,"Comedy|Drama|Fantasy|Romance","Sarah Michelle Gellar","Simply Irresistible ",11439,5668,"Lawrence Gilliard Jr.",1,"chef|female chef|love|magic|restaurant","http://www.imdb.com/title/tt0145893/?ref_=fn_tt_tt_1",190,"English","Germany","PG-13",6e+06,1999,812,5.3,2.35,901
"Color","Georgia Hilton",1,122,406,152,"Tim Abell",358,NA,"Action|Mystery|Thriller","Mike Beckingham","Subconscious ",292,1038,"Tom Stedham",0,"military|submarine|suspense|time travel|world war two","http://www.imdb.com/title/tt2909932/?ref_=fn_tt_tt_1",16,"English","USA","R",NA,2015,317,2.2,NA,353
" Black and White","Shane Meadows",99,90,222,68,"Gary Stretch",680,6013,"Crime|Drama|Thriller","Paddy Considine","Dead Man's Shoes ",39929,1311,"George Newton",0,"anger|army veteran|independent film|revenge|sex scene","http://www.imdb.com/title/tt0419677/?ref_=fn_tt_tt_1",207,"English","UK","",695393,2004,404,7.7,1.85,0
"Color","David Cronenberg",356,96,0,509,"Naomi Watts",10000,17114882,"Crime|Mystery|Thriller","Viggo Mortensen","Eastern Promises ",189249,17211,"Raza Jaffrey",1,"male pubic hair|pubic hair|russian|sex scene|turkish bath","http://www.imdb.com/title/tt0765443/?ref_=fn_tt_tt_1",398,"English","USA","R",2.5e+07,2007,6000,7.7,1.85,0
"Color","Michael Cimino",140,183,517,652,"Meryl Streep",22000,NA,"Drama|War","Robert De Niro","The Deer Hunter ",232577,34025,"John Savage",2,"escape|friend|party|pittsburgh steelers|vietnam","http://www.imdb.com/title/tt0077416/?ref_=fn_tt_tt_1",1026,"English","UK","R",1.5e+07,1978,11000,8.2,2.35,11000
"Color","Eric Darnell",153,92,35,179,"Annet Mahendru",19000,83348920,"Adventure|Animation|Comedy|Family","Benedict Cumberbatch","Penguins of Madagascar ",60230,19963,"Andy Richter",0,"little girl|park|spy|statue of liberty|television van","http://www.imdb.com/title/tt1911658/?ref_=fn_tt_tt_1",118,"English","USA","PG",1.32e+08,2014,411,6.7,1.85,11000
"Color","Teddy Chan",65,100,3,55,"Charlie Yeung",79,129115,"Action|Drama","Siu-Wong Fan","Kung Fu Killer ",5900,285,"Wai-Keung Lau",2,"fight|kung fu|martial arts|police|wire fu","http://www.imdb.com/title/tt2952602/?ref_=fn_tt_tt_1",26,"Cantonese","China","",2.5e+07,2014,68,6.5,2.35,0
"Color","Paul Andrew Williams",80,92,46,141,"Doug Bradley",570,NA,"Comedy|Crime|Horror|Thriller","Dave Legeno","The Cottage ",10056,1258,"Georgia Groome",0,"countryside|deformed|farmer|gangster|kidnapping","http://www.imdb.com/title/tt0465430/?ref_=fn_tt_tt_1",82,"English","UK","Unrated",2500000,2008,337,6.2,2.35,639
"Color","Jim Gillespie",66,96,13,534,"Tom Berenger",13000,NA,"Crime|Horror|Mystery|Thriller","Sylvester Stallone","Eye See You ",19706,15803,"Charles S. Dutton",1,"drill in the eye|eye gouging|hanged woman|murder|peep hole","http://www.imdb.com/title/tt0160184/?ref_=fn_tt_tt_1",142,"English","USA","R",5.5e+07,2002,854,5.3,2.35,448
"Color","F. Gary Gray",68,140,473,294,"Michael Cudlitz",18000,44484065,"Action|Crime|Drama|Mystery|Thriller","Kevin Spacey","The Negotiator ",107227,20152,"Siobhan Fallon Hogan",2,"hostage|innocence|murder|negotiator|police","http://www.imdb.com/title/tt0120768/?ref_=fn_tt_tt_1",279,"English","Germany","R",5e+07,1998,822,7.3,2.35,3000
"Color","Brad Anderson",285,94,122,383,"Tara Platt",873,51872378,"Crime|Thriller","Michael Imperioli","The Call ",88241,2812,"Roma Maffia",0,"911 operator|calling 911|die hard scenario|head held underwater|white villain","http://www.imdb.com/title/tt1911644/?ref_=fn_tt_tt_1",266,"English","USA","R",1.3e+07,2013,461,6.7,1.85,23000
"Color","Paul Verhoeven",196,113,719,217,"Rachel Ticotin",605,119412921,"Action|Sci-Fi","Ronny Cox","Total Recall ",240241,1441,"Marshall Bell",0,"ambiguous ending|false memory|implanted memory|memory|space colony","http://www.imdb.com/title/tt0100802/?ref_=fn_tt_tt_1",391,"English","USA","R",6.5e+07,1990,308,7.5,1.85,0
"Color","Elizabeth Allen Rosenbaum",66,104,20,717,"Joanna 'JoJo' Levesque",836,18595716,"Comedy|Family|Fantasy|Romance","Tammin Sursok","Aquamarine ",30462,3963,"Dichen Lachman",3,"beach|love|mermaid|storm|swimming","http://www.imdb.com/title/tt0429591/?ref_=fn_tt_tt_1",150,"English","USA","PG",1.2e+07,2006,826,5.3,1.85,0
"Color","Dena Seidel",5,72,0,0,"Hugh Ducklow",0,4914,"Adventure|Documentary","Naderev Sano","Antarctic Edge: 70° South ",123,0,"Mike Brett",0,"","http://www.imdb.com/title/tt2780714/?ref_=fn_tt_tt_1",2,"English","USA","",150000,2015,0,7,NA,215
"Color","Liv Ullmann",88,129,440,0,"Jessica Chastain",631,NA,"Drama|Romance","Samantha Morton","Miss Julie ",2894,631,"Colin Farrell",2,"kissing someone's boot|midsummer|telling someone to shut up|two word title|valet","http://www.imdb.com/title/tt2667960/?ref_=fn_tt_tt_1",14,"English","Norway","PG-13",5500000,2014,0,5.6,NA,0
"Color","Perry Andelin Blake",56,80,11,499,"Kenan Thompson",911,40363530,"Comedy|Family","Jennifer Esposito","The Master of Disguise ",18254,3058,"James Brolin",2,"disguise|mask|master of disguise|restaurant|waiter","http://www.imdb.com/title/tt0295427/?ref_=fn_tt_tt_1",307,"English","USA","PG",1.6e+07,2002,521,3.3,1.85,1000
"Color","DJ Pooh",22,82,69,585,"Mike Epps",939,9821335,"Comedy","Mo'Nique","3 Strikes ",1415,3354,"Faizon Love",1,"adult diaper|diaper|digit in title|dream|sawed off shotgun","http://www.imdb.com/title/tt0199290/?ref_=fn_tt_tt_1",10,"English","USA","R",6e+06,2000,706,4,1.85,118
"Color","Jason Stone",48,108,14,826,"Ellen Burstyn",2000,NA,"Thriller","Topher Grace","The Calling ",6025,4385,"Christopher Heyerdahl",2,"bouquet|house fire|praying|serial killer|tied to a chair","http://www.imdb.com/title/tt1666335/?ref_=fn_tt_tt_1",28,"English","USA","R",NA,2014,1000,5.8,NA,0
"Color","Gina Prince-Bythewood",71,116,107,658,"Nate Parker",893,14612840,"Drama|Music","Minnie Driver","Beyond the Lights ",11191,3110,"Darryl Stephens",1,"domestic abuse|public humiliation|sex symbol|singer|suicide attempt","http://www.imdb.com/title/tt3125324/?ref_=fn_tt_tt_1",37,"English","USA","PG-13",7e+06,2014,664,6.9,NA,0
"Color","David R. Ellis",127,94,160,167,"Valerie Cruz",550,32003620,"Action|Crime|Thriller","Richard Burgi","Cellular ",79141,1102,"Will Beinbrink",1,"cell phone|distress signal|family in danger|police|stealing a car","http://www.imdb.com/title/tt0337921/?ref_=fn_tt_tt_1",355,"English","USA","PG-13",2.5e+07,2004,216,6.5,2.35,2000
"Color","William A. Graham",14,102,8,40,"Wayne Pygram",14000,2807854,"Adventure|Drama|Romance","Milla Jovovich","Return to the Blue Lagoon ",14129,14281,"Lisa Pelikan",1,"baby|desert island|island|sequel|teenage girl","http://www.imdb.com/title/tt0102782/?ref_=fn_tt_tt_1",39,"English","USA","PG-13",1.1e+07,1991,163,5.1,1.85,967
"Color","Charles Stone III",63,104,30,635,"Chris Noth",1000,21800302,"Comedy|Drama|Romance|Sport","Bernie Mac","Mr 3000 ",12164,4462,"Paul Sorvino",1,"baseball|baseball movie|cartoon on tv|dodge viper|retirement","http://www.imdb.com/title/tt0339412/?ref_=fn_tt_tt_1",63,"English","USA","PG-13",3e+07,2004,962,5.5,1.85,491
"Color","Rob Letterman",218,103,11,543,"Dylan Minnette",2000,80021740,"Adventure|Comedy|Family|Fantasy|Horror","Odeya Rush","Goosebumps ",47988,5497,"Ken Marino",4,"based on book|blob|ferris wheel|manuscript|monster","http://www.imdb.com/title/tt1051904/?ref_=fn_tt_tt_1",154,"English","USA","PG",5.8e+07,2015,1000,6.4,2.35,35000
"Color","Andy Tennant",97,108,72,559,"Mary Lynn Rajskub",982,127214072,"Comedy|Romance","Ethan Embry","Sweet Home Alabama ",83786,4251,"Courtney Gains",1,"alabama|divorce|divorce papers|husband wife relationship|new york city","http://www.imdb.com/title/tt0256415/?ref_=fn_tt_tt_1",392,"English","USA","PG-13",3.8e+07,2002,935,6.1,2.35,0
" Black and White","Stephen Hopkins",88,89,81,92,"Kelly Jo Minter",321,22168359,"Fantasy|Horror|Romance|Thriller","Lisa Wilcox","A Nightmare on Elm Street 5: The Dream Child ",29659,584,"Matthew Borlenghi",0,"child|comic book|dream|murderer|nightmare","http://www.imdb.com/title/tt0097981/?ref_=fn_tt_tt_1",227,"English","USA","X",8e+06,1989,101,5.1,1.85,1000
"Color","James Foley",119,97,164,308,"Brian Van Holt",436,12212417,"Crime|Thriller","Louis Lombardi","Confidence ",30643,1172,"Leland Orser",3,"con|grifter|lap dance|organized crime|shot in the forehead","http://www.imdb.com/title/tt0310910/?ref_=fn_tt_tt_1",144,"English","USA","R",1.5e+07,2003,324,6.7,2.35,622
"Color","John Lee Hancock",106,137,102,877,"Marc Blucas",2000,22406362,"Drama|History|War|Western","Dennis Quaid","The Alamo ",16832,5780,"Jordi Mollà",0,"army|dictator|general|texan|texas","http://www.imdb.com/title/tt0318974/?ref_=fn_tt_tt_1",267,"English","USA","PG-13",1.07e+08,2004,973,6,2.35,701
"Color","Allan Arkush",19,78,13,378,"Randy Quaid",753,NA,"Comedy|Sci-Fi","Bernadette Peters","Heartbeeps ",1040,2791,"Christopher Guest",0,"escape|fish out of water|love|robot|servant","http://www.imdb.com/title/tt0082507/?ref_=fn_tt_tt_1",31,"English","USA","PG",1e+07,1981,695,4.2,2.35,425
"Color","Milos Forman",134,180,869,521,"F. Murray Abraham",692,51600000,"Biography|Drama|History|Music","Jeffrey Jones","Amadeus ",270790,3076,"Tom Hulce",0,"1800s|classical composer|composer|first person narration|opera","http://www.imdb.com/title/tt0086879/?ref_=fn_tt_tt_1",549,"English","USA","R",1.8e+07,1984,670,8.3,2.35,16000
"Color","Richard Fleischer",69,127,130,51,"Robert J. Wilke",618,NA,"Adventure|Drama|Family|Fantasy|Sci-Fi","James Mason","20,000 Leagues Under the Sea ",22124,800,"Paul Lukas",0,"captain|expedition|sea|submarine|whale","http://www.imdb.com/title/tt0046672/?ref_=fn_tt_tt_1",108,"English","USA","Approved",5e+06,1954,53,7.2,1.37,0
"Color","Iain Softley",140,120,34,1000,"Jeff Bridges",18000,50173190,"Drama|Mystery|Sci-Fi","Kevin Spacey","K-PAX ",148490,33615,"Alfre Woodard",1,"extraterrestrial|hospital|patient|planet|science","http://www.imdb.com/title/tt0272152/?ref_=fn_tt_tt_1",537,"English","USA","PG-13",4.8e+07,2001,12000,7.4,2.35,0
"Color","Gregory Nava",37,127,16,399,"Constance Marie",565,35422828,"Biography|Drama|Music","Jon Seda","Selena ",19126,1735,"Jacob Vargas",1,"latin music|marriage|on tour|singer|tejano","http://www.imdb.com/title/tt0120094/?ref_=fn_tt_tt_1",155,"English","USA","PG",2e+07,1997,441,6.7,2.35,0
"Color","E.L. Katz",193,88,3,307,"Ethan Embry",3000,59379,"Comedy|Crime|Drama|Horror|Thriller","Brighton Sharbino","Cheap Thrills ",12796,4729,"Elissa Dowling",3,"cocaine|extramarital affair|sex|shooting|violence","http://www.imdb.com/title/tt2389182/?ref_=fn_tt_tt_1",52,"English","USA","Not Rated",2e+05,2013,982,6.8,2.35,0
"Color","Hitoshi Matsumoto",72,99,17,16,"Hitoshi Matsumoto",31,22770,"Comedy|Drama","Lindsay Kay Hayward","R100 ",1658,81,"Shinobu Terajima",0,"coma|one word title|spitting|sushi|swimming pool","http://www.imdb.com/title/tt2914838/?ref_=fn_tt_tt_1",12,"Japanese","Japan","Unrated",5500000,2013,17,6.1,1.85,543
"Color","Michael Tiddes",69,86,89,511,"Essence Atkins",986,17314483,"Comedy|Fantasy","Ashley Rickards","A Haunted House 2 ",14621,4073,"Gabriel Iglesias",2,"bare breasts|parody|sexual innuendo|slip and fall|squirting orgasm","http://www.imdb.com/title/tt2828996/?ref_=fn_tt_tt_1",48,"English","USA","R",4e+06,2014,713,4.7,1.85,0
"Color","Andrew Erwin",49,98,10,402,"Sarah Drew",589,10429707,"Comedy","Alex Kendrick","Moms' Night Out ",10483,2705,"Patricia Heaton",NA,"blogger|pastor|reference to the shawshank redemption|taser|tasered","http://www.imdb.com/title/tt3014666/?ref_=fn_tt_tt_1",125,"English","USA","PG",5e+06,2014,416,5.4,2.35,0
"Color","Noel Marshall",50,102,4,60,"Melanie Griffith",634,2000000,"Adventure|Horror|Thriller","Tippi Hedren","Roar ",1275,1262,"Zakes Mokae",0,"chase|dead man|jungle|killing a lion|killing a tiger","http://www.imdb.com/title/tt0083001/?ref_=fn_tt_tt_1",27,"English","USA","PG",1.7e+07,1981,537,6.4,2.35,0
"Color","Norman Ferguson",105,88,3,40,"Dickie Jones",1000,84300000,"Animation|Family|Fantasy|Musical","Mel Blanc","Pinocchio ",90360,1178,"Cliff Edwards",0,"boy|conscience|fairy|jiminy cricket|pinocchio","http://www.imdb.com/title/tt0032910/?ref_=fn_tt_tt_1",147,"English","USA","Approved",2600000,1940,48,7.5,1.37,0
"Color","Brian De Palma",33,91,0,298,"Gabrielle Carteris",636,21370057,"Crime|Drama|Thriller","Steven Bauer","Raising Cain ",9903,1852,"Gregg Henry",0,"hitchcockian|long tracking shot|psychologist|psychology|wig","http://www.imdb.com/title/tt0105217/?ref_=fn_tt_tt_1",80,"English","USA","R",1.2e+07,1992,330,6,1.85,541
"Color","Chuck Sheetz",44,82,6,345,"Andrew Lawrence",759,36696761,"Animation|Comedy|Family|Mystery|Sci-Fi","Diedrich Bader","Recess: School's Out ",6808,2197,"Dabney Coleman",0,"friend|principal|summer|summer camp|summer vacation","http://www.imdb.com/title/tt0265632/?ref_=fn_tt_tt_1",38,"English","USA","G",2.3e+07,2001,563,6.5,1.85,227
"Color","John Sayles",68,135,407,111,"Clifton James",11000,13269963,"Drama|Mystery","Matthew McConaughey","Lone Star ",23202,11400,"Miriam Colon",2,"father son relationship|interracial relationship|neo western|sheriff|texas","http://www.imdb.com/title/tt0116905/?ref_=fn_tt_tt_1",173,"English","USA","R",5e+06,1996,189,7.6,2.35,0
"Color","Mike Newell",295,157,179,10000,"Daniel Radcliffe",21000,289994397,"Adventure|Family|Fantasy|Mystery","Robert Pattinson","Harry Potter and the Goblet of Fire ",385670,53413,"Rupert Grint",1,"fire|goblet|magic|tournament|wizard","http://www.imdb.com/title/tt0330373/?ref_=fn_tt_tt_1",1896,"English","UK","PG-13",1.5e+08,2005,11000,7.6,2.35,0
"Color","Jaume Collet-Serra",228,108,174,324,"Paris Hilton",730,32048809,"Horror","Robert Ri'chard","House of Wax ",94456,2178,"Brian Van Holt",0,"brother sister relationship|group of friends|male nudity|twin|wax","http://www.imdb.com/title/tt0397065/?ref_=fn_tt_tt_1",576,"English","Australia","R",3e+07,2005,716,5.3,1.85,0
"Color","David Cronenberg",345,99,0,691,"Viggo Mortensen",13000,5702083,"Biography|Drama|Thriller","Michael Fassbender","A Dangerous Method ",80617,23755,"Sarah Gadon",3,"carl jung|patient|psychoanalysis|russian|sigmund freud","http://www.imdb.com/title/tt1571222/?ref_=fn_tt_tt_1",190,"English","UK","R",1.5e+07,2011,10000,6.5,1.85,36000
"Color","Vic Armstrong",169,110,179,734,"Lea Thompson",12000,13998282,"Action|Drama|Fantasy|Mystery|Thriller","Nicolas Cage","Left Behind ",24854,15044,"Quinton Aaron",1,"bible quote|chaos|faith|riot|shrine","http://www.imdb.com/title/tt2467046/?ref_=fn_tt_tt_1",374,"English","USA","PG-13",1.6e+07,2014,1000,3.1,2.35,31000
"Color","Justin Paul Miller",1,90,0,33,"Jennifer Landa",84,NA,"Comedy|Mystery|Thriller","Mary Kate Wiles","The Sound and the Shadow ",30,254,"Felix Avitia",0,"","http://www.imdb.com/title/tt2190180/?ref_=fn_tt_tt_1",1,"English","USA","R",NA,2014,41,8.3,NA,70
"Color","Robert Zemeckis",335,123,0,6,"Soleyman Pierini",23000,10137502,"Adventure|Biography|Drama|Thriller","Joseph Gordon-Levitt","The Walk ",77394,23031,"Jade Kindar-Martin",0,"1970s|based on true story|new york city|skyscraper|tightrope walker","http://www.imdb.com/title/tt3488710/?ref_=fn_tt_tt_1",195,"English","USA","PG",3.5e+07,2015,22,7.4,2.35,24000
"Color","Robert Zemeckis",125,108,0,690,"Jeffrey Weissman",1000,118500000,"Adventure|Comedy|Sci-Fi","Lea Thompson","Back to the Future Part II ",340085,3660,"Thomas F. Wilson",0,"alternate timeline|same actor playing two characters simultaneously on screen|second part|year 2015|younger version of character","http://www.imdb.com/title/tt0096874/?ref_=fn_tt_tt_1",327,"English","USA","PG",4e+07,1989,869,7.8,1.85,12000
"Color","Robert Luketic",144,123,126,1000,"Jim Sturgess",18000,81159365,"Crime|Drama|Thriller","Kevin Spacey","21 ",191470,25661,"Josh Gad",2,"based on true story|blackjack|card counting|gambling|massachusetts institute of technology","http://www.imdb.com/title/tt0478087/?ref_=fn_tt_tt_1",278,"English","USA","PG-13",3.5e+07,2008,5000,6.8,2.35,0
"Color","John Carpenter",114,104,0,877,"Cary-Hiroyuki Tagawa",2000,20241395,"Action|Horror|Thriller","Sheryl Lee","Vampires ",42664,5123,"Maximilian Schell",0,"cross|relic|team|vampire|vampire hunter","http://www.imdb.com/title/tt0120877/?ref_=fn_tt_tt_1",403,"English","USA","R",2e+07,1998,1000,6.1,2.35,0
"Color","Jared Hess",220,92,100,482,"Diedrich Bader",970,44540956,"Comedy","Jon Heder","Napoleon Dynamite ",161448,3950,"Jon Gries",0,"class president|family relationships|friend|high school|jock","http://www.imdb.com/title/tt0374900/?ref_=fn_tt_tt_1",1473,"English","USA","PG",4e+05,2004,759,6.9,1.85,0
"Color","Prachya Pinkaew",112,111,64,380,"Nathan Jones",778,11905519,"Action|Crime|Drama|Thriller","Jon Foo","The Protector ",30210,2205,"Johnny Nguyen",0,"die hard scenario|elephant|long take|police|sydney australia","http://www.imdb.com/title/tt0427954/?ref_=fn_tt_tt_1",214,"Thai","Thailand","R",2e+08,2005,635,7.1,1.85,0
"Color","Guy Ritchie",116,120,0,452,"Jason Flemyng",26000,3650677,"Comedy|Crime","Jason Statham","Lock, Stock and Two Smoking Barrels ",414976,28294,"Dexter Fletcher",1,"antique|cockney accent|hatchet|money|shotgun","http://www.imdb.com/title/tt0120735/?ref_=fn_tt_tt_1",523,"English","UK","R",960000,1998,1000,8.2,1.85,21000
"Color","Darren Lynn Bousman",210,121,163,482,"Shawnee Smith",723,80150343,"Horror|Mystery","Costas Mandylor","Saw III ",142115,3189,"Leigh Whannell",0,"brutality|female full frontal nudity|female nudity|torture|trap","http://www.imdb.com/title/tt0489270/?ref_=fn_tt_tt_1",614,"English","USA","R",1e+07,2006,651,6.2,1.85,0
"Color","Peter Jackson",446,201,0,84,"Thomas Kretschmann",6000,218051260,"Action|Adventure|Drama|Romance","Naomi Watts","King Kong ",316018,7123,"Evan Parke",0,"animal name in title|ape abducts a woman|gorilla|island|king kong","http://www.imdb.com/title/tt0360717/?ref_=fn_tt_tt_1",2618,"English","New Zealand","PG-13",2.07e+08,2005,919,7.2,2.35,0
"Color","Igor Kovalyov",45,83,5,368,"Cree Summer",971,100491683,"Adventure|Animation|Comedy|Drama|Family|Musical","Elizabeth Daily","The Rugrats Movie ",14005,3438,"Christine Cavanaugh",0,"baby|home|hospital|lost|newborn baby","http://www.imdb.com/title/tt0134067/?ref_=fn_tt_tt_1",67,"English","USA","G",2.4e+07,1998,503,5.9,1.85,418
" Black and White","Lloyd Bacon",65,89,24,45,"Dick Powell",610,2300000,"Comedy|Musical|Romance","Ginger Rogers","42nd Street ",7921,995,"George Brent",2,"chorus girl|chorus line|director|gala premiere|song","http://www.imdb.com/title/tt0024034/?ref_=fn_tt_tt_1",97,"English","USA","Unrated",439000,1933,105,7.7,1.37,439
"Color","Tom McGrath",233,95,96,8000,"Brad Pitt",24000,148337537,"Action|Animation|Comedy|Family|Sci-Fi","J.K. Simmons","Megamind ",172754,46120,"Will Ferrell",3,"battle|city|planet|prison|superhero","http://www.imdb.com/title/tt1001526/?ref_=fn_tt_tt_1",187,"English","USA","PG",1.3e+08,2010,11000,7.3,2.35,13000
"Color","Charles Herman-Wurmfeld",73,88,0,102,"Rian Bishop",465,442638,"Comedy|Romance|Sport","John Enos III","The Hammer ",5489,897,"Adam Carolla",1,"birthday|boxing|coach|gym|olympics","http://www.imdb.com/title/tt0814130/?ref_=fn_tt_tt_1",23,"English","USA","R",850000,2007,140,7.3,NA,337
"Color","Michael Hoffman",83,109,97,355,"Embeth Davidtz",13000,14060950,"Drama","Gabriel Millman","The Emperor's Club ",14354,14347,"Rob Morrow",1,"classroom|fund raising|headmaster|reunion|roman","http://www.imdb.com/title/tt0283530/?ref_=fn_tt_tt_1",139,"English","USA","PG-13",12500000,2002,795,6.9,1.85,0
"Color","John Carpenter",212,89,0,606,"Hal Holbrook",2000,21378000,"Fantasy|Horror","Jamie Lee Curtis","The Fog ",46493,4878,"Janet Leigh",0,"california|fog|leper|lighthouse|ship","http://www.imdb.com/title/tt0080749/?ref_=fn_tt_tt_1",335,"English","USA","R",1e+06,1980,826,6.8,2.35,7000
"Color","Kurt Voss",12,88,0,3,"Coyote Shivers",268,58936,"Comedy|Music","Lemmy","Down and Out with the Dolls ",91,318,"Zoë Poledouris",0,"female bassist|female drummer|female guitarist|female singer|portland oregon","http://www.imdb.com/title/tt0283323/?ref_=fn_tt_tt_1",4,"English","USA","R",1200000,2001,44,6.1,1.78,27
"Color","Wade Gasque",13,75,0,46,"Vincent Duvall",267,NA,"Drama","Ty Parker","Tiger Orange ",683,488,"Loanne Bishop",2,"coming out|father son relationship|gay|gay brother|toilet sex","http://www.imdb.com/title/tt2866824/?ref_=fn_tt_tt_1",8,"English","USA","Unrated",1e+05,2014,87,6.8,1.78,182
"Color","Ethan Coen",488,122,1000,883,"Stephen Root",2000,74273505,"Crime|Drama|Thriller","Kelly Macdonald","No Country for Old Men ",612060,4738,"Barry Corbin",0,"coin toss|desert|sheriff|texas|tracking device","http://www.imdb.com/title/tt0477348/?ref_=fn_tt_tt_1",1518,"English","USA","R",2.5e+07,2007,939,8.1,2.35,21000
"","Lasse Hallström",162,108,529,690,"Henry Thomas",17000,80014842,"Drama|Romance|War","Channing Tatum","Dear John ",104356,19945,"Scott Porter",NA,"army|coin collector|love|surfboard|u.s. army","http://www.imdb.com/title/tt0989757/?ref_=fn_tt_tt_1",186,"English","USA","PG-13",2.5e+07,2010,861,6.3,2.35,14000
"Color","Nigel Cole",112,107,13,165,"Tyrone Giordano",618,21835784,"Comedy|Drama|Romance","Aimee Garcia","A Lot Like Love ",58297,1095,"James Read",3,"flight|hasselblad camera|los angeles california|love|medium format camera","http://www.imdb.com/title/tt0391304/?ref_=fn_tt_tt_1",161,"English","USA","PG-13",3e+07,2005,172,6.6,1.85,0
"Color","Robert Zemeckis",240,96,0,10000,"Colin Firth",18000,137850096,"Animation|Drama|Family|Fantasy","Robin Wright","A Christmas Carol ",72809,48878,"Gary Oldman",0,"charles dickens|christmas|christmas eve|ghost|scrooge","http://www.imdb.com/title/tt1067106/?ref_=fn_tt_tt_1",249,"English","USA","PG",2e+08,2009,14000,6.8,2.35,0
"Color","Mike van Diem",54,122,4,3,"Fedja van Huêt",25,713413,"Crime|Drama|Mystery","Jan Decleir","Character ",9171,48,"Hans Kesting",1,"bailiff|lawyer|office|police|school","http://www.imdb.com/title/tt0119448/?ref_=fn_tt_tt_1",68,"Dutch","Netherlands","R",4500000,1997,20,7.8,1.85,689
"Color","John Ford",55,103,673,89,"Ben Johnson",281,NA,"Western","Harry Carey Jr.","She Wore a Yellow Ribbon ",11920,955,"Victor McLaglen",1,"captain|cavalry|fort|retirement|yellow ribbon","http://www.imdb.com/title/tt0041866/?ref_=fn_tt_tt_1",90,"English","USA","Unrated",1600000,1949,230,7.4,1.37,721
"Color","Clint Eastwood",392,137,16000,363,"Naomi Watts",29000,37304950,"Biography|Crime|Drama","Leonardo DiCaprio","J. Edgar ",102728,36258,"Kaitlyn Dever",0,"agent|fbi|federal bureau of investigation|gay relationship|secret","http://www.imdb.com/title/tt1616195/?ref_=fn_tt_tt_1",279,"English","USA","R",3.5e+07,2011,6000,6.6,2.35,16000
"Color","Ryan Coogler",437,133,0,531,"Phylicia Rashad",13000,109712885,"Drama|Sport","Sylvester Stallone","Creed ",146708,15106,"Graham McTavish",1,"boxing|boxing match|fight|montage|philadelphia","http://www.imdb.com/title/tt3076658/?ref_=fn_tt_tt_1",362,"English","USA","PG-13",3.5e+07,2015,597,7.7,2.35,70000
"Color","George Armitage",111,107,5,141,"Michael Cudlitz",893,28014536,"Action|Comedy|Crime|Romance|Thriller","Minnie Driver","Grosse Pointe Blank ",73347,2044,"Mitchell Ryan",1,"assassin|high school|high school reunion|reunion|suburb","http://www.imdb.com/title/tt0119229/?ref_=fn_tt_tt_1",296,"English","USA","R",1.5e+07,1997,822,7.4,1.85,0
"Color","Mira Nair",33,109,300,200,"Sarita Choudhury",729,4109095,"Crime|Drama|History|Romance","Indira Varma","Kama Sutra: A Tale of Love ",8239,1292,"Rekha",0,"courtesan|friend|kama sutra|seduction|wedding","http://www.imdb.com/title/tt0116743/?ref_=fn_tt_tt_1",92,"English","USA","R",3e+06,1996,257,6,1.85,0
"Color","Gavin O'Connor",64,102,149,276,"Janet McTeer",409,1281176,"Comedy|Drama","Kimberly J. Brown","Tumbleweeds ",2932,1986,"Lois Smith",1,"boss|fight|reference to william shakespeare|white trash|written and directed by cast member","http://www.imdb.com/title/tt0161023/?ref_=fn_tt_tt_1",73,"English","USA","PG-13",312000,1999,277,6.7,1.85,121
"Color","Woo-Suk Kang",15,135,0,13,"Sung-kee Ahn",28,NA,"Action|Drama","Yu-mi Jeong","Silmido ",3290,97,"Kyung-gu Sol",0,"based on book|based on true story|rape|title spoken by character","http://www.imdb.com/title/tt0387596/?ref_=fn_tt_tt_1",17,"Korean","South Korea","",8e+06,2003,15,7.2,2.35,387
"Color","Stiles White",183,89,10,704,"Shelley Hennig",852,50820940,"Fantasy|Horror","Lin Shaye","Ouija ",31915,5056,"Daren Kagasoff",0,"death of girlfriend|funeral|ghost|ouija|spirit","http://www.imdb.com/title/tt1204977/?ref_=fn_tt_tt_1",159,"English","USA","PG-13",5e+06,2014,707,4.4,2.35,18000
"Color","Jennifer Finnigan",1,97,246,491,"Kenan Thompson",756,NA,"Comedy","Geoff Stults","The Opposite Sex ",557,3717,"Josh Hopkins",5,"bare breasts","http://www.imdb.com/title/tt2796678/?ref_=fn_tt_tt_1",3,"English","USA","",3300000,2014,521,4.5,16,0
"Color","Randall Miller",109,110,19,39,"Freddy Rodríguez",25000,4040588,"Comedy|Drama","Alan Rickman","Bottle Shock ",12233,25676,"Greg Collins",0,"airport|california|flat tire|overalls|wine","http://www.imdb.com/title/tt0914797/?ref_=fn_tt_tt_1",89,"English","USA","PG-13",5e+06,2008,579,6.8,2.35,0
"Color","Daniel Schechter",15,87,8,272,"Kevin Corrigan",969,NA,"Comedy","Lena Dunham","Supporting Characters ",760,2398,"Alex Karpovsky",0,"film editor|kiss|marriage proposal|movie screening|urination","http://www.imdb.com/title/tt1874789/?ref_=fn_tt_tt_1",4,"English","USA","Not Rated",NA,2012,778,6.3,NA,209
"Color","David Anspaugh",21,101,25,407,"Costas Mandylor",18000,375474,"Drama|History|Sport","Gerard Butler","The Game of Their Lives ",2613,20354,"Jimmy Jean-Louis",0,"1950s|brazil|soccer|soccer movie|world cup","http://www.imdb.com/title/tt0354595/?ref_=fn_tt_tt_1",46,"English","USA","PG",2e+07,2005,723,6.2,2.35,445
"Color","Ira Sachs",121,91,60,18,"Erin Boyes",60,1506998,"Crime|Drama|Romance","David Richmond-Peck","Married Life ",8014,141,"Timothy Webber",4,"bachelor|best friend|divorce|poison|widow","http://www.imdb.com/title/tt0804505/?ref_=fn_tt_tt_1",50,"English","USA","PG-13",1.2e+07,2007,46,6.3,1.85,314
"Color","Patrick Stettner",125,81,5,710,"Joe Morton",49000,7825820,"Crime|Mystery|Thriller","Robin Williams","The Night Listener ",13086,50831,"Rory Culkin",0,"boy|radio show|social worker|telephone|wisconsin","http://www.imdb.com/title/tt0448075/?ref_=fn_tt_tt_1",156,"English","USA","R",4e+06,2006,780,5.9,1.85,576
"Color","Olivier Megaton",358,98,118,558,"Luke Grimes",14000,139852971,"Action|Crime|Thriller","Liam Neeson","Taken 2 ",238671,16410,"D.B. Sweeney",0,"albanian|revenge|revenge motive|teenage daughter|vacation","http://www.imdb.com/title/tt1397280/?ref_=fn_tt_tt_1",461,"English","France","PG-13",4.5e+07,2012,935,6.3,2.35,63000
" Black and White","F. Gary Gray",20,97,473,624,"John Witherspoon",826,27900000,"Comedy|Drama","Nia Long","Friday ",74626,3455,"Tony Cox",1,"bully|drug dealer|first part|neighbor|neighborhood","http://www.imdb.com/title/tt0113118/?ref_=fn_tt_tt_1",157,"English","USA","R",3500000,1995,723,7.3,1.85,8000
"Color","Gil Junger",46,95,19,447,"Marsha Thomason",1000,33422806,"Adventure|Comedy|Fantasy","Tom Wilkinson","Black Knight ",30771,2643,"Vincent Regan",1,"14th century|king|knight|sword duel|time travel","http://www.imdb.com/title/tt0265087/?ref_=fn_tt_tt_1",164,"English","USA","PG-13",5e+07,2001,691,4.8,2.35,0
"Color","Byron Howard",225,96,59,699,"Diedrich Bader",17000,114053579,"Adventure|Animation|Comedy|Drama|Family","Chloë Grace Moretz","Bolt ",146766,20007,"James Lipton",0,"cat|dog|hamster|new york city|superpower","http://www.imdb.com/title/tt0397892/?ref_=fn_tt_tt_1",178,"English","USA","PG",1.5e+08,2008,759,6.9,1.85,0
"Color","Gregory Hoblit",112,125,40,407,"Cole Hauser",13000,19076815,"Drama|War","Bruce Willis","Hart's War ",43651,15916,"Rory Cochrane",0,"colonel|honor|lieutenant|pilot|racism","http://www.imdb.com/title/tt0251114/?ref_=fn_tt_tt_1",196,"English","USA","R",6e+07,2002,787,6.3,2.35,997
"Color","Thomas Vinterberg",100,102,346,488,"Chris Owen",947,23106,"Comedy|Crime|Drama|Romance","Michael Angarano","Dear Wendy ",9003,2572,"William Hootkins",0,"gang|gun|loner|love|outcast","http://www.imdb.com/title/tt0342272/?ref_=fn_tt_tt_1",58,"English","Italy","Unrated",5e+07,2004,526,6.6,1.66,532
"Color","Boris Rodriguez",56,83,5,98,"Thure Lindhardt",413,1521,"Comedy|Horror","Stephen McHattie","Eddie: The Sleepwalking Cannibal ",1231,843,"Georgina Reilly",0,"art teacher|cannibal|inspiration|painter|sleepwalking","http://www.imdb.com/title/tt1480658/?ref_=fn_tt_tt_1",10,"English","Canada","Not Rated",1500000,2012,197,5.7,NA,932
"Color","John Curran",143,125,43,7,"Sally Hawkins",2000,8047690,"Drama|Romance","Toby Jones","The Painted Veil ",77656,2608,"Alan David",0,"china|cholera|epidemic|love|marriage","http://www.imdb.com/title/tt0446755/?ref_=fn_tt_tt_1",220,"Mandarin","China","PG-13",19400000,2006,594,7.5,2.35,0
"Color","Marc Forster",226,101,395,2000,"Kate Winslet",40000,51676606,"Biography|Drama|Family","Johnny Depp","Finding Neverland ",174591,58823,"Kelly Macdonald",1,"boy|inspiration|reference to peter pan|stage play|widow","http://www.imdb.com/title/tt0308644/?ref_=fn_tt_tt_1",632,"English","USA","PG",2.5e+07,2004,14000,7.8,2.35,0
"Color","Richard Curtis",274,123,628,171,"Tom Hollander",565,15294553,"Drama|Fantasy|Romance","Tom Hughes","About Time ",202341,1595,"Lindsay Duncan",1,"boyfriend girlfriend relationship|lingerie slip|time travel|time travel romance|wedding","http://www.imdb.com/title/tt2194499/?ref_=fn_tt_tt_1",391,"English","UK","R",1.2e+07,2013,555,7.8,2.35,105000
"Color","John G. Avildsen",141,145,80,794,"Burgess Meredith",13000,117235247,"Drama|Sport","Sylvester Stallone","Rocky ",375240,16094,"Carl Weathers",0,"boxer|hometown hero|philadelphia pennsylvania|protective male|training","http://www.imdb.com/title/tt0075148/?ref_=fn_tt_tt_1",542,"English","USA","PG",960000,1976,1000,8.1,1.33,0
"Color","Marc Webb",331,95,464,11000,"Chloë Grace Moretz",23000,32391374,"Comedy|Drama|Romance","Joseph Gordon-Levitt","500 Days of Summer ",376600,54075,"Zooey Deschanel",43,"friend|greeting card|office|summer|true love","http://www.imdb.com/title/tt1022603/?ref_=fn_tt_tt_1",494,"English","USA","PG-13",7500000,2009,17000,7.7,2.35,40000
"Color","Michel Gondry",273,108,1000,1000,"Kirsten Dunst",14000,34126138,"Drama|Fantasy|Romance|Sci-Fi","Kate Winslet","Eternal Sunshine of the Spotless Mind ",666937,19364,"Tom Wilkinson",1,"borderline personality disorder|loneliness|memory|playing against type|retrograde narrative","http://www.imdb.com/title/tt0338013/?ref_=fn_tt_tt_1",1514,"English","USA","R",2e+07,2004,4000,8.3,1.85,52000
"Color","Kim Farrant",84,112,93,51,"Reef Ireland",147,NA,"Drama|Mystery|Thriller","Nicholas Hamilton","Strangerland ",5637,285,"Sean Keenan",0,"australian|desert|mother daughter relationship|mother son relationship|promiscuity","http://www.imdb.com/title/tt2325977/?ref_=fn_tt_tt_1",57,"English","Australia","R",1e+07,2015,52,5.2,2.39,0
"Color","Les Mayfield",72,83,10,69,"Susie Essman",688,8326035,"Action|Comedy|Crime","Miguel Ferrer","The Man ",21933,1019,"Gigi Rice",2,"buddy comedy|criminal|gun smuggling|mistaken identity|salesman","http://www.imdb.com/title/tt0399327/?ref_=fn_tt_tt_1",76,"English","Germany","PG-13",3.3e+07,2005,99,5.5,1.85,676
"Color","Kris Isacsson",64,91,0,407,"Lauren German",3000,20035310,"Comedy|Drama|Romance","Rosario Dawson","Down to You ",12324,4409,"Shawn Hatosy",1,"artist|cake|college|new york city|student","http://www.imdb.com/title/tt0186975/?ref_=fn_tt_tt_1",173,"English","USA","PG-13",9e+06,2000,683,4.9,1.85,580
"Color","Gary Winick",91,78,56,184,"Aaron Stanford",376,2882062,"Comedy|Drama|Romance","Bebe Neuwirth","Tadpole ",5178,1144,"Ron Rifkin",2,"best friend|boy|french|friend|love","http://www.imdb.com/title/tt0271219/?ref_=fn_tt_tt_1",101,"English","USA","PG-13",150000,2000,346,6.3,1.85,132
"Color","Tom Elkins",79,101,14,559,"Cicely Tyson",1000,NA,"Drama|Horror|Mystery|Thriller","Abigail Spencer","The Haunting in Connecticut 2: Ghosts of Georgia ",13167,3164,"Brad James",0,"daughter|georgia|mother|slave|trailer","http://www.imdb.com/title/tt1457765/?ref_=fn_tt_tt_1",57,"English","USA","R",9e+06,2013,907,5.3,2.35,0
"Color","Anna Boden",163,101,16,472,"Jeremy Davies",943,6350058,"Comedy|Drama|Romance","Zoë Kravitz","It's Kind of a Funny Story ",106098,2786,"Jim Gaffigan",3,"based on novel|depression|psychiatric ward|suicide attempt|therapy","http://www.imdb.com/title/tt0804497/?ref_=fn_tt_tt_1",150,"English","USA","PG-13",8e+06,2010,769,7.2,1.85,20000
"Color","Michael Wadleigh",53,215,14,136,"Jimi Hendrix",262,13300000,"Documentary|History|Music","Joe Cocker","Woodstock ",12631,778,"Joan Baez",0,"drugs|hippie|music festival|the who|woodstock","http://www.imdb.com/title/tt0066580/?ref_=fn_tt_tt_1",63,"English","USA","R",6e+05,1970,227,8.1,2.2,0
"Color","",12,7,NA,3,"John Sparkes",45,NA,"Animation|Comedy|Family","Justin Fletcher","Shaun the Sheep             ",7968,55,"Kate Harbour",0,"farmer|mischief|no dialog|sheep|sheepdog","http://www.imdb.com/title/tt0983983/?ref_=fn_tt_tt_1",12,"English","UK","TV-G",NA,NA,7,8.3,NA,834
"Color","Beeban Kidron",143,108,17,186,"Jim Broadbent",14000,40203020,"Comedy|Drama|Romance","Colin Firth","Bridget Jones: The Edge of Reason ",74315,15634,"Celia Imrie",1,"american actress playing british character|intern|prison|six word title|thailand","http://www.imdb.com/title/tt0317198/?ref_=fn_tt_tt_1",259,"English","UK","R",4e+07,2004,1000,5.9,2.35,0
"Color","Albert Hughes",208,122,117,140,"Jason Flemyng",40000,31598308,"Horror|Mystery|Thriller","Johnny Depp","From Hell ",124765,41636,"Ian Richardson",1,"freemason|jack the ripper|opium|prostitute|victorian era","http://www.imdb.com/title/tt0120681/?ref_=fn_tt_tt_1",541,"English","USA","R",3.5e+07,2001,1000,6.8,2.35,0
"Color","McG",96,131,368,383,"Kimberly Williams-Paisley",11000,43532294,"Drama|Sport","Matthew McConaughey","We Are Marshall ",46951,12088,"Brian Geraghty",0,"coach|football|football team|marshall university|university","http://www.imdb.com/title/tt0758794/?ref_=fn_tt_tt_1",175,"English","USA","PG",6.5e+07,2006,529,7.1,2.35,0
"Color","William Shatner",98,107,0,643,"Nichelle Nichols",12000,55210049,"Action|Adventure|Sci-Fi|Thriller","Leonard Nimoy","Star Trek V: The Final Frontier ",43743,14710,"Walter Koenig",1,"captain|half brother|klingon|planet|vulcan","http://www.imdb.com/title/tt0098382/?ref_=fn_tt_tt_1",293,"English","USA","PG",27800000,1989,664,5.4,2.35,0
"Color","Mikael Håfström",267,114,101,2000,"Colin O'Donoghue",12000,33037754,"Drama|Horror|Mystery|Thriller","Anthony Hopkins","The Rite ",75864,19904,"Toby Jones",1,"demon|exorcism|exorcist|faith|seminary","http://www.imdb.com/title/tt1161864/?ref_=fn_tt_tt_1",197,"English","USA","PG-13",3.7e+07,2011,3000,6,2.35,23000
"Color","Rob Marshall",448,136,252,1000,"Sam Claflin",40000,241063875,"Action|Adventure|Fantasy","Johnny Depp","Pirates of the Caribbean: On Stranger Tides ",370704,54083,"Stephen Graham",4,"blackbeard|captain|pirate|revenge|soldier","http://www.imdb.com/title/tt1298650/?ref_=fn_tt_tt_1",484,"English","USA","PG-13",2.5e+08,2011,11000,6.7,2.35,58000
"Color","Kevin Allen",33,86,8,428,"Frances Fisher",759,185577,"Comedy","Craig Ferguson","The Big Tease ",2133,2805,"Mary McCormack",1,"competition|fake documentary|hairdresser|nudity|reference to liberace","http://www.imdb.com/title/tt0156639/?ref_=fn_tt_tt_1",31,"English","UK","R",4e+06,1999,638,6.3,1.85,182
"Color","Gary McKendry",189,116,5,748,"Robert De Niro",26000,25093607,"Action|Crime|Thriller","Jason Statham","Killer Elite ",105556,49608,"Ben Mendelsohn",2,"australia|death|mentor|revenge|secret society","http://www.imdb.com/title/tt1448755/?ref_=fn_tt_tt_1",157,"English","UK","R",3.5e+07,2011,22000,6.5,2.35,17000
"Color","Matthew Vaughn",500,132,905,1000,"Michael Fassbender",34000,146405371,"Action|Adventure|Sci-Fi","Jennifer Lawrence","X-Men: First Class ",518537,50983,"Oliver Platt",3,"cia|cia agent|mutant|nuclear war|professor","http://www.imdb.com/title/tt1270798/?ref_=fn_tt_tt_1",698,"English","USA","PG-13",1.6e+08,2011,13000,7.8,2.35,54000
"Color","Tarsem Singh",382,106,763,809,"Nathan Lane",8000,64933670,"Adventure|Comedy|Drama|Family|Fantasy","Julia Roberts","Mirror Mirror ",70838,11454,"Danny Woodburn",1,"kingdom|prince|princess|queen|snow","http://www.imdb.com/title/tt1667353/?ref_=fn_tt_tt_1",208,"English","USA","PG",8.5e+07,2012,886,5.6,1.85,18000
"Color","Nae Caranfil",18,112,34,71,"Joe Armstrong",129,NA,"Comedy|Drama","Monica Barladeanu","Closer to the Moon ",2841,588,"Martin Hancock",2,"","http://www.imdb.com/title/tt2017486/?ref_=fn_tt_tt_1",13,"English","Romania","Not Rated",5e+06,2014,98,7.1,2.35,0
"Color","Jeremy Sims",17,122,8,59,"Gyton Grantley",174,NA,"Drama|History|War","Harrison Gilbertson","Beneath Hill 60 ",5741,498,"Steve Le Marquand",12,"blue clay|diversion|ends with biographical notes|ends with historical notes|tunnel","http://www.imdb.com/title/tt1418646/?ref_=fn_tt_tt_1",39,"English","Australia","R",9e+06,2010,109,7.1,2.35,0
"Color","Gillian Armstrong",28,132,44,241,"Richard Roxburgh",1000,1508689,"Drama|Romance","Tom Wilkinson","Oscar and Lucinda ",5648,2004,"Clive Russell",2,"australia|church|glass|inheritance|wager","http://www.imdb.com/title/tt0119843/?ref_=fn_tt_tt_1",50,"English","USA","R",1.6e+07,1997,653,6.7,2.35,329
"Color","James Mangold",283,117,446,877,"Marc Blucas",10000,76418654,"Action|Comedy|Romance","Tom Cruise","Knight and Day ",148280,12731,"Jordi Mollà",0,"chase|fbi|garage|spy|surveillance","http://www.imdb.com/title/tt1013743/?ref_=fn_tt_tt_1",348,"English","USA","PG-13",1.17e+08,2010,973,6.3,2.35,11000
"Color","Gore Verbinski",125,123,563,8000,"Brad Pitt",24000,66808615,"Adventure|Comedy|Crime|Romance","J.K. Simmons","The Mexican ",87351,43917,"Julia Roberts",0,"curse|hostage|mexico|pistol|vomiting","http://www.imdb.com/title/tt0236493/?ref_=fn_tt_tt_1",344,"English","USA","R",3.4e+07,2001,11000,6.1,2.35,2000
"Color","Jay Roach",190,114,116,982,"Stephanie Szostak",7000,72980108,"Comedy","Steve Carell","Dinner for Schmucks ",80338,10419,"Bruce Greenwood",2,"dinner|diorama|idiot|irs|mouse","http://www.imdb.com/title/tt0427152/?ref_=fn_tt_tt_1",264,"English","USA","PG-13",NA,2010,1000,5.9,1.85,0
"Color","Brad Peyton",358,114,62,884,"Ioan Gruffudd",12000,155181732,"Action|Adventure|Drama|Thriller","Dwayne Johnson","San Andreas ",147497,16718,"Archie Panjabi",0,"disaster movie|earthquake|journey|natural disaster|san andreas fault","http://www.imdb.com/title/tt2126355/?ref_=fn_tt_tt_1",499,"English","USA","PG-13",1.1e+08,2015,2000,6.1,2.35,52000
"Color","David S. Ward",57,107,42,808,"Tom Berenger",1000,49797148,"Comedy|Sport","Corbin Bernsen","Major League ",49007,3435,"Rene Russo",3,"cleveland indians|league|manager|owner|team","http://www.imdb.com/title/tt0097815/?ref_=fn_tt_tt_1",97,"English","USA","R",1.1e+07,1989,854,7.2,1.85,0
"Color","",3,30,NA,12,"Melissa Altro",51,NA,"Animation|Comedy|Family","Bruce Dinsmore","Arthur             ",8495,108,"Daniel Brochu",0,"based on children's book|best friend|character name in title|friend|one word title","http://www.imdb.com/title/tt0169414/?ref_=fn_tt_tt_1",43,"English","Canada","TV-Y",NA,NA,21,7.4,1.33,301
"Color","Michael McCullers",145,99,5,966,"Amy Poehler",2000,60269340,"Comedy|Romance","Tina Fey","Baby Mama ",34079,6930,"Romany Malco",2,"baby|book|cartoon on tv|female protagonist|male anorexia","http://www.imdb.com/title/tt0871426/?ref_=fn_tt_tt_1",97,"English","USA","PG-13",3e+07,2008,1000,6,1.85,0
"Color","David R. Ellis",285,105,160,491,"Kenan Thompson",852,34014398,"Action|Adventure|Crime|Drama|Thriller","Lin Shaye","Snakes on a Plane ",115649,2604,"Rachel Blanchard",0,"baby rattle|famous line|murder|passenger|snake","http://www.imdb.com/title/tt0417148/?ref_=fn_tt_tt_1",1033,"English","Germany","R",3.3e+07,2006,521,5.6,2.35,4000
"Color","Richard Kwietniowski",82,104,23,232,"Minnie Driver",22000,1011054,"Crime|Drama|Thriller","Philip Seymour Hoffman","Owning Mahowny ",10585,23513,"Maury Chaykin",1,"bank|bank fraud|bank manager|gambling|toronto","http://www.imdb.com/title/tt0285861/?ref_=fn_tt_tt_1",83,"English","Canada","R",1e+07,2003,893,7.2,2.35,0
"Color","John A. Davis",105,88,8,8000,"Meryl Streep",12000,28133159,"Adventure|Animation|Comedy|Family|Fantasy","Nicolas Cage","The Ant Bully ",30055,33822,"Julia Roberts",1,"ant|miniaturization|punishment|shrinking|sudden change in size","http://www.imdb.com/title/tt0429589/?ref_=fn_tt_tt_1",70,"English","USA","PG",5e+07,2006,11000,5.9,1.85,593
"Color","Neil Jordan",120,123,277,4000,"Tom Cruise",11000,105264608,"Drama|Fantasy|Horror","Brad Pitt","Interview with the Vampire: The Vampire Chronicles ",239752,25697,"Kirsten Dunst",0,"betrayal|dangerous friend|gothic|monster as victim|vampire","http://www.imdb.com/title/tt0110148/?ref_=fn_tt_tt_1",406,"English","USA","R",6e+07,1994,10000,7.6,1.85,11000
"Color","Andrew Adamson",258,150,80,201,"Pierfrancesco Favino",22000,141614023,"Action|Adventure|Family|Fantasy","Peter Dinklage","The Chronicles of Narnia: Prince Caspian ",149922,22697,"Damián Alcázar",4,"brother brother relationship|brother sister relationship|good versus evil|king|narnia","http://www.imdb.com/title/tt0499448/?ref_=fn_tt_tt_1",438,"English","USA","PG",2.25e+08,2008,216,6.6,2.35,0
"Color","Mark L. Lester",101,98,73,129,"Perry King",595,NA,"Action|Crime|Drama|Thriller","Roddy McDowall","Class of 1984 ",6549,1105,"Timothy Van Patten",4,"back to school|city|high school|sadism|teacher","http://www.imdb.com/title/tt0083739/?ref_=fn_tt_tt_1",75,"English","Canada","R",4300000,1982,251,6.6,1.85,934
"Color","Yarrow Cheney",165,87,11,745,"Eric Stonestreet",1000,323505540,"Animation|Comedy|Family","Steve Coogan","The Secret Life of Pets ",24407,4782,"Albert Brooks",0,"animal control|lost animal|mongrel|pet|terrier","http://www.imdb.com/title/tt2709768/?ref_=fn_tt_tt_1",155,"English","Japan","PG",7.5e+07,2016,904,6.8,1.85,36000
"Color","Gurinder Chadha",31,100,98,95,"Mark Addy",1000,NA,"Comedy|Drama|Horror|Romance","Sendhil Ramamurthy","It's a Wonderful Afterlife ",1250,2227,"Shabana Azmi",1,"afterlife|indian|murder|overweight woman|police","http://www.imdb.com/title/tt1319716/?ref_=fn_tt_tt_1",16,"English","UK","PG-13",1e+07,2010,891,5.4,2.35,695
"Color","Jean-Marc Vallée",349,115,212,612,"Kevin Rankin",2000,37877959,"Adventure|Biography|Drama","Michiel Huisman","Wild ",86664,4896,"Gaby Hoffmann",1,"female protagonist|grief|hiking|loss of mother|mother daughter relationship","http://www.imdb.com/title/tt2305051/?ref_=fn_tt_tt_1",252,"English","USA","R",1.5e+07,2014,820,7.1,2.35,38000
"Color","Jean-Luc Godard",96,110,0,0,"Anna Karina",710,NA,"Crime|Drama|Romance","Jean-Paul Belmondo","Pierrot le Fou ",19386,967,"Graziella Galvani",1,"beach|money|on the run|party|smuggling","http://www.imdb.com/title/tt0059592/?ref_=fn_tt_tt_1",74,"French","France","Not Rated",3e+05,1965,257,7.7,2.35,2000
"Color","Luke Greenfield",128,112,42,196,"Steve Howey",969,39026186,"Comedy|Drama|Romance","Ashley Williams","Something Borrowed ",48019,2371,"Kirsten Day",4,"best friend|crush|law school|lawyer|loud sex","http://www.imdb.com/title/tt0491152/?ref_=fn_tt_tt_1",153,"English","USA","PG-13",3.5e+07,2011,826,5.9,1.85,13000
"Color","Peter Kosminsky",103,109,7,450,"Cole Hauser",835,16346122,"Drama","Patrick Fugit","White Oleander ",25549,2572,"Marc Donato",0,"california|foster home|love|oleander|prison","http://www.imdb.com/title/tt0283139/?ref_=fn_tt_tt_1",171,"English","USA","PG-13",1.6e+07,2002,787,7.2,1.85,0
"Color","Scott Cooper",288,116,108,120,"Sam Shepard",23000,11326836,"Crime|Drama|Thriller","Christian Bale","Out of the Furnace ",83171,24134,"Dendrie Taylor",0,"ambiguous ending|brother brother relationship|drug dealer|fight club|revenge","http://www.imdb.com/title/tt1206543/?ref_=fn_tt_tt_1",231,"English","USA","R",2.2e+07,2013,820,6.8,2.35,17000
"Color","Yimou Zhang",85,109,611,4,"Daoming Chen",878,377420,"Drama","Li Gong","Coming Home ",2789,900,"Ni Yan",1,"amnesia|cultural revolution|husband wife relationship|memory|political prisoner","http://www.imdb.com/title/tt3125472/?ref_=fn_tt_tt_1",20,"Mandarin","China","PG-13",NA,2014,10,7.3,2.35,0
"Color","Scott Mann",44,93,8,558,"Joshua Mikel",22000,NA,"Action|Crime|Thriller","Robert De Niro","Heist ",16193,24154,"D.B. Sweeney",1,"bus|die hard scenario","http://www.imdb.com/title/tt3276924/?ref_=fn_tt_tt_1",57,"English","USA","R",1.9e+07,2015,1000,6.1,2.35,0
"Color","Roger Avary",143,110,675,968,"Faye Dunaway",16000,6525762,"Comedy|Drama|Romance","Ian Somerhalder","The Rules of Attraction ",44339,19928,"Clifton Collins Jr.",2,"bisexual|college|drug dealer|drugs|student","http://www.imdb.com/title/tt0292644/?ref_=fn_tt_tt_1",425,"English","USA","R",4e+06,2002,977,6.7,1.85,0
"Color","Gabriele Muccino",36,125,125,11,"Silvio Muccino",60,223878,"Comedy|Drama|Romance","Laura Morante","Remember Me, My Love ",3548,132,"Giulia Michelini",1,"box office hit|dancer|sex scene|television|underage sex","http://www.imdb.com/title/tt0323807/?ref_=fn_tt_tt_1",21,"Italian","Italy","R",5e+06,2003,29,6.5,2.35,282
"Color","Brian De Palma",240,121,0,854,"Mia Kirshner",19000,22518325,"Crime|Drama|Mystery|Thriller","Scarlett Johansson","The Black Dahlia ",63363,22833,"Mike Starr",0,"black dahlia|boxer|corpse|death|partner","http://www.imdb.com/title/tt0387877/?ref_=fn_tt_tt_1",644,"English","Germany","R",5e+07,2006,972,5.6,2.35,0
" Black and White","John Huston",70,120,1000,268,"Kevin McCarthy",862,NA,"Drama|Romance|Western","Montgomery Clift","The Misfits ",12981,1652,"Thelma Ritter",2,"cowboy|divorce|horse|sexy|wild horse","http://www.imdb.com/title/tt0055184/?ref_=fn_tt_tt_1",121,"English","USA","Approved",4e+06,1961,403,7.4,1.66,0
"Color","Bart Freundlich",54,91,38,362,"Corbin Bleu",17000,16702864,"Comedy|Crime","Kristen Stewart","Catch That Kid ",8023,18711,"Kevin G. Schmidt",0,"caper|computer genius|dog|heist|security chief","http://www.imdb.com/title/tt0337917/?ref_=fn_tt_tt_1",49,"English","USA","PG",1.8e+07,2004,632,5.2,1.85,591
"Color","Hideaki Anno",1,120,28,12,"Shin'ya Tsukamoto",544,NA,"Action|Adventure|Drama|Horror|Sci-Fi","Mark Chinnery","Godzilla Resurgence ",374,699,"Atsuko Maeda",0,"blood|godzilla|monster|sequel","http://www.imdb.com/title/tt4262980/?ref_=fn_tt_tt_1",13,"Japanese","Japan","",NA,2016,106,8.2,2.35,0
"Color","Joe Carnahan",408,117,248,726,"Frank Grillo",14000,51533608,"Action|Adventure|Drama|Thriller","Liam Neeson","The Grey ",203111,16606,"James Badge Dale",1,"alaska|leadership|snow|survival|wilderness","http://www.imdb.com/title/tt1601913/?ref_=fn_tt_tt_1",755,"English","USA","R",2.5e+07,2011,798,6.8,2.35,32000
"Color","Roger Spottiswoode",67,125,55,2,"Guang Li",991,1027749,"Drama|War","Radha Mitchell","The Children of Huang Shi ",8087,1003,"Matthew Walker",4,"british|communist|journalist|nurse|orphan","http://www.imdb.com/title/tt0889588/?ref_=fn_tt_tt_1",33,"English","Australia","R",4e+07,2008,10,7.1,2.35,1000
" Black and White","Charles Chaplin",120,87,0,8,"Stanley Blystone",309,163245,"Comedy|Drama|Family","Paulette Goddard","Modern Times ",143086,352,"Fred Malatesta",1,"actor director writer|invention|machine|music score composed by director|tramp","http://www.imdb.com/title/tt0027977/?ref_=fn_tt_tt_1",211,"English","USA","G",1500000,1936,8,8.6,1.37,0
"Color","Ari Sandel",132,101,17,429,"Romany Malco",35000,34017854,"Comedy","Bella Thorne","The DUFF ",51326,36892,"Skyler Samuels",4,"cartoon on tv|generation y|high school|overalls|strong female character","http://www.imdb.com/title/tt1666801/?ref_=fn_tt_tt_1",116,"English","USA","PG-13",8500000,2015,966,6.5,2.35,8000
"Color","Richard Linklater",211,80,0,3,"Albert Delpy",50,5792822,"Drama|Romance","Vernon Dobtcheff","Before Sunset ",168398,65,"Marie Pillet",0,"book|bookstore|love|simultaneity|train","http://www.imdb.com/title/tt0381681/?ref_=fn_tt_tt_1",492,"English","USA","R",2700000,2004,8,8,1.85,13000
"Color","David Zucker",151,84,119,750,"Pamela Anderson",807,110000082,"Comedy","Regina Hall","Scary Movie 3 ",111526,3629,"Jenny McCarthy",7,"crop circle|farm|orchestral music score|reference to michael jackson|videotape","http://www.imdb.com/title/tt0306047/?ref_=fn_tt_tt_1",347,"English","USA","PG-13",4.8e+07,2003,780,5.5,1.85,0
"Color","Jodie Foster",268,98,0,638,"Jack O'Connell",8000,41008532,"Crime|Drama|Thriller","Julia Roberts","Money Monster ",19611,10894,"Chris Bauer",1,"death|hostage|money|shot in the chest|shot in the heart","http://www.imdb.com/title/tt2241351/?ref_=fn_tt_tt_1",103,"English","USA","R",2.7e+07,2016,698,6.7,2.35,0
"Color","Matt Piedmont",133,84,4,546,"Adrian Martinez",8000,5895238,"Comedy|Western","Will Ferrell","Casa de mi Padre ",17169,10123,"Luis E. Carazo",1,"absurd humor|drug lord|mexico|ranch|spaghetti western","http://www.imdb.com/title/tt1702425/?ref_=fn_tt_tt_1",70,"Spanish","USA","R",6e+06,2012,806,5.5,2.35,9000
"Color","Jon Favreau",152,97,4000,8000,"Zooey Deschanel",22000,173381405,"Comedy|Family|Fantasy|Romance","Peter Dinklage","Elf ",147597,43354,"Will Ferrell",1,"baby|christmas spirit|elf|new york city|north pole","http://www.imdb.com/title/tt0319343/?ref_=fn_tt_tt_1",395,"English","USA","PG",3.3e+07,2003,11000,6.9,1.85,21000
"Color","Jonathan Frakes",69,94,906,528,"Paula Garcés",2000,36985501,"Action|Adventure|Comedy|Sci-Fi|Thriller","Michael Biehn","Clockstoppers ",11212,3917,"Jason George",0,"frozen time|stopped time|time freeze|watch|wristwatch","http://www.imdb.com/title/tt0157472/?ref_=fn_tt_tt_1",94,"English","USA","PG",2.6e+07,2002,587,5.2,1.85,874
"Color","Ted Demme",147,124,47,877,"Ethan Suplee",40000,52937130,"Biography|Crime|Drama","Johnny Depp","Blow ",198066,43453,"Jordi Mollà",1,"1960s|1970s|california|cocaine|wealth","http://www.imdb.com/title/tt0221027/?ref_=fn_tt_tt_1",426,"English","USA","R",3e+07,2001,1000,7.6,2.35,13000
"Color","George A. Romero",184,87,0,83,"John Amplas",1000,NA,"Horror","Greg Nicotero","Day of the Dead ",49672,1592,"Joseph Pilato",1,"bunker|experiment|military|research|scientist","http://www.imdb.com/title/tt0088993/?ref_=fn_tt_tt_1",419,"English","USA","Unrated",3500000,1985,177,7.2,1.85,3000
"Color","Sam Raimi",397,99,0,828,"Alison Lohman",2000,42057340,"Horror|Thriller","Bojana Novakovic","Drag Me to Hell ",158354,5642,"Reggie Lee",0,"evil|fight|hell|psychic|psychologist","http://www.imdb.com/title/tt1127180/?ref_=fn_tt_tt_1",691,"English","USA","PG-13",3e+07,2009,1000,6.6,2.35,11000
"Color","",11,58,NA,250,"James Norton",887,NA,"Crime|Drama","Shirley Henderson","Happy Valley             ",12848,2572,"Sarah Lancashire",1,"caravan|police|police sergeant|tied to a chair|yorkshire","http://www.imdb.com/title/tt3428912/?ref_=fn_tt_tt_1",59,"English","UK","TV-MA",NA,NA,340,8.5,16,10000
"Color","Rajkumar Hirani",15,144,124,327,"Sanjay Dutt",464,NA,"Comedy|Drama|Romance","Vidya Balan","Lage Raho Munna Bhai ",27569,1761,"Jimmy Shergill",0,"love|professor of history|radio|satyagraha|unscrupulous builder","http://www.imdb.com/title/tt0456144/?ref_=fn_tt_tt_1",106,"Hindi","India","PG-13",1.2e+08,2006,426,8.2,2.35,349
"Color","Chris Rock",44,95,0,642,"Dylan Baker",1000,37788228,"Comedy","Bernie Mac","Head of State ",15046,4537,"Tracy Morgan",1,"alderman|party|president|presidential candidate|washington d.c.","http://www.imdb.com/title/tt0325537/?ref_=fn_tt_tt_1",80,"English","USA","PG-13",35200000,2003,812,5.4,1.85,638
"Color","Dave Meyers",16,84,11,249,"Clifton Powell",489,6026908,"Comedy|Drama","Eddie Griffin","Foolish ",536,2196,"Marla Gibbs",0,"accidental killing|drug humor|profanity|sexual humor|stand up comedy","http://www.imdb.com/title/tt0166195/?ref_=fn_tt_tt_1",13,"English","USA","R",2e+06,1999,469,4.3,NA,43
"Color","Andrew Davis",135,108,99,172,"Rick Worthy",672,40048332,"Action|Drama|Thriller","Raymond Cruz","Collateral Damage ",61417,1460,"Jsu Garcia",1,"bare chested boy|car explosion|colombia|explosion|terrorism","http://www.imdb.com/title/tt0233469/?ref_=fn_tt_tt_1",339,"English","USA","R",8.5e+07,2002,174,5.5,1.85,941
"Color","Katherine Brooks",14,76,57,228,"Kevin McCarthy",442,NA,"Drama|Romance","Ilene Graff","Loving Annabelle ",9190,1635,"Laura Breckenridge",0,"older woman younger woman relationship|sex with student|teacher|teacher student relationship|title directed by female","http://www.imdb.com/title/tt0323120/?ref_=fn_tt_tt_1",75,"English","USA","Not Rated",1e+06,2006,403,6.7,1.85,501
"Color","Hugh Wilson",41,77,37,795,"Alex Rocco",3000,9694105,"Comedy|Family|Romance","Brendan Fraser","Dudley Do-Right ",8176,5568,"Eric Idle",0,"gold|gold rush|mirror|police officer|singer","http://www.imdb.com/title/tt0160236/?ref_=fn_tt_tt_1",77,"English","USA","PG",2.2e+07,1999,968,3.8,2.35,272
"Color","Peter Weir",96,128,608,1000,"Josh Charles",49000,95860116,"Comedy|Drama","Robin Williams","Dead Poets Society ",277451,51609,"Kurtwood Smith",0,"education|english teacher|poet|professor|student","http://www.imdb.com/title/tt0097165/?ref_=fn_tt_tt_1",491,"English","USA","PG",16400000,1989,1000,8,1.85,23000
"Color","Ron Howard",302,122,2000,1000,"Clint Howard",2000,18593156,"Drama","Toby Jones","Frost/Nixon ",88682,6161,"Oliver Platt",1,"american president|political drama|scandal|u.s. president|washington post the newspaper","http://www.imdb.com/title/tt0870111/?ref_=fn_tt_tt_1",241,"English","USA","R",3.5e+07,2008,1000,7.7,2.35,0
"Color","Martin Scorsese",163,121,17000,245,"Marc Anthony",12000,16640210,"Drama|Thriller","Nicolas Cage","Bringing Out the Dead ",53028,13040,"Sonja Sohn",0,"ambulance|ghost|hell|paramedic|rescue","http://www.imdb.com/title/tt0163988/?ref_=fn_tt_tt_1",382,"English","USA","R",5.5e+07,1999,368,6.8,2.35,0
"Color","Dan Rush",155,97,7,939,"Scott Takeda",8000,2711210,"Comedy|Drama","Will Ferrell","Everything Must Go ",40305,10517,"Stephen Root",1,"alcoholic|beer|bicycle|new neighbor|yard sale","http://www.imdb.com/title/tt1531663/?ref_=fn_tt_tt_1",86,"English","USA","R",5e+06,2010,981,6.4,2.35,0
"Color","Richard Marquand",197,134,37,504,"Ian McDiarmid",11000,309125409,"Action|Adventure|Fantasy|Sci-Fi","Harrison Ford","Star Wars: Episode VI - Return of the Jedi ",681857,13649,"Kenny Baker",0,"death star|emperor|empire|princess|rebel","http://www.imdb.com/title/tt0086190/?ref_=fn_tt_tt_1",647,"English","USA","PG",32500000,1983,1000,8.4,2.35,14000
"Color","Kirk De Micco",257,98,16,12000,"Emma Stone",16000,187165546,"Adventure|Animation|Comedy|Family|Fantasy","Ryan Reynolds","The Croods ",150618,43286,"Nicolas Cage",3,"cave|caveman|journey|strict father|survival","http://www.imdb.com/title/tt0481499/?ref_=fn_tt_tt_1",195,"English","USA","PG",1.35e+08,2013,15000,7.3,2.35,28000
"Color","Richard LaGravenese",84,123,98,579,"Scott Glenn",2000,36581633,"Biography|Crime|Drama","Hunter Parrish","Freedom Writers ",52533,3994,"Imelda Staunton",1,"gang violence|high school|journal|marriage|teacher","http://www.imdb.com/title/tt0463998/?ref_=fn_tt_tt_1",235,"English","Germany","PG-13",2.1e+07,2007,826,7.5,1.85,10000
"Color","Tim Burton",235,125,13000,883,"Alison Lohman",12000,66257002,"Adventure|Drama|Fantasy","Steve Buscemi","Big Fish ",350698,16138,"Albert Finney",0,"dog saved from a fire|flashback|growing up|multiple narrators|traveling salesman","http://www.imdb.com/title/tt0319061/?ref_=fn_tt_tt_1",816,"English","USA","PG-13",7e+07,2003,1000,8,1.37,26000
"Color","Judd Apatow",230,153,0,130,"RZA",11000,51814190,"Comedy|Drama","Adam Sandler","Funny People ",100837,11852,"Maude Apatow",1,"breasts|comedian|craigslist|infidelity|stand up comedian","http://www.imdb.com/title/tt1201167/?ref_=fn_tt_tt_1",301,"English","USA","R",7.5e+07,2009,561,6.4,1.85,0
"Color","Jean-Pierre Jeunet",186,133,0,46,"André Dussollier",226,6167817,"Drama|Mystery|Romance|War","Denis Lavant","A Very Long Engagement ",62607,405,"Albert Dupontel",1,"court martial|death|girl|no man's land|soldier","http://www.imdb.com/title/tt0344510/?ref_=fn_tt_tt_1",239,"French","France","R",4.7e+07,2004,52,7.7,2.35,0
"Color","Robert Hall",39,95,53,253,"Kevin Gage",677,NA,"Horror","Angelina Armani","Fear Clinic ",6256,1825,"Fiona Dourif",0,"bare breasts|based on web series|claustrophobia|doctor|phobia","http://www.imdb.com/title/tt2165765/?ref_=fn_tt_tt_1",19,"English","USA","R",1e+06,2015,366,5.2,2.35,936
"Color","Ben Lewin",337,95,20,365,"Adam Arkin",422,5997134,"Biography|Comedy|Drama|Romance","W. Earl Brown","The Sessions ",36381,1899,"Rhea Perlman",3,"falling in love|iron lung|priest|sex surrogate|therapist","http://www.imdb.com/title/tt1866249/?ref_=fn_tt_tt_1",126,"English","USA","R",1e+06,2012,374,7.2,1.85,11000
"Color","Tony Scott",82,123,12000,665,"Viggo Mortensen",18000,91400000,"Action|Drama|Thriller|War","Denzel Washington","Crimson Tide ",81026,30132,"Ricky Schroder",0,"alabama|mutiny|order|radio|submarine","http://www.imdb.com/title/tt0112740/?ref_=fn_tt_tt_1",194,"English","USA","R",5.3e+07,1995,10000,7.3,2.35,0
"Color","Gavin Hood",131,122,151,11000,"Jake Gyllenhaal",24000,9664316,"Drama|Thriller","J.K. Simmons","Rendition ",47203,50950,"Meryl Streep",2,"american|bare chested male bondage|cia|detention|interrogation","http://www.imdb.com/title/tt0804522/?ref_=fn_tt_tt_1",197,"English","USA","R",27500000,2007,15000,6.8,2.35,0
"Color","John Whitesell",88,113,14,534,"Tony Curran",918,37911876,"Action|Comedy|Crime","Brandon T. Jackson","Big Mommas: Like Father, Like Son ",19671,3500,"Portia Doubleday",2,"fbi agent|murder|performing arts school|scene during end credits|undercover","http://www.imdb.com/title/tt1464174/?ref_=fn_tt_tt_1",47,"English","USA","PG-13",3.2e+07,2011,845,4.4,2.35,0
"Color","Peter Jackson",446,201,0,84,"Thomas Kretschmann",6000,218051260,"Action|Adventure|Drama|Romance","Naomi Watts","King Kong ",316020,7122,"Evan Parke",0,"animal name in title|ape abducts a woman|gorilla|island|king kong","http://www.imdb.com/title/tt0360717/?ref_=fn_tt_tt_1",2618,"English","New Zealand","PG-13",2.07e+08,2005,918,7.2,2.35,0
"Color","James Bidgood",8,65,0,NA,"Bobby Kendall",0,8231,"Drama|Fantasy","Don Brooks","Pink Narcissus ",803,0,"",1,"male frontal nudity|male pubic hair|male rear nudity|pubic hair|street hustler","http://www.imdb.com/title/tt0067580/?ref_=fn_tt_tt_1",16,"English","USA","Not Rated",27000,1971,0,6.7,1.37,85
"Color","Jay Roach",74,119,116,385,"Mary McCormack",738,8888143,"Comedy|Drama|Sport","Scott Grimes","Mystery, Alaska ",22250,2171,"Ron Eldard",0,"alaska|male nudity|nudity|sex|small town","http://www.imdb.com/title/tt0134618/?ref_=fn_tt_tt_1",123,"English","Canada","R",2.8e+07,1999,428,6.7,2.35,913
"Color","Larry Charles",51,112,119,844,"Cheech Marin",12000,533344,"Comedy|Drama|Music","Jeff Bridges","Masked and Anonymous ",3972,15396,"Bruce Dern",0,"concert|jail|journalist|revolution|singer","http://www.imdb.com/title/tt0319829/?ref_=fn_tt_tt_1",95,"English","USA","PG-13",NA,2003,844,5.5,1.85,655
"Color","Tony Krantz",53,113,15,491,"Tom Cavanagh",647,NA,"Horror|Thriller","George Newbern","Sublime ",6267,2439,"Cas Anvar",0,"birthday|birthday party|colonoscopy|hospital|surgery","http://www.imdb.com/title/tt0822858/?ref_=fn_tt_tt_1",103,"English","USA","R",1800000,2007,642,5.3,2.35,368
"Color","John 'Bud' Cardos",95,97,8,22,"Hoke Howell",423,17000000,"Horror|Sci-Fi","Woody Strode","Kingdom of the Spiders ",3274,516,"Tiffany Bolling",0,"death|farm|hotel|spider|tarantula","http://www.imdb.com/title/tt0076271/?ref_=fn_tt_tt_1",84,"English","USA","PG",5e+05,1977,23,5.9,1.85,0
"Color","David Lean",89,200,767,382,"Klaus Kinski",597,111722000,"Drama|Romance|War","Julie Christie","Doctor Zhivago ",55816,1966,"Geraldine Chaplin",2,"bolshevik|poet|poetry|russia|russian revolution","http://www.imdb.com/title/tt0059113/?ref_=fn_tt_tt_1",255,"English","USA","PG-13",1.1e+07,1965,396,8,2.35,7000
" Black and White","Roman Polanski",193,150,2000,95,"Frank Finlay",396,32519322,"Biography|Drama|War","Emilia Fox","The Pianist ",497946,1075,"Ed Stoppard",0,"ghetto|holocaust|jewish|piano|warsaw ghetto","http://www.imdb.com/title/tt0253474/?ref_=fn_tt_tt_1",761,"English","France","R",3.5e+07,2002,338,8.5,1.85,21000
"Color","Jez Butterworth",111,93,16,258,"Mathieu Kassovitz",567,4919896,"Comedy|Crime|Thriller","Mark Gatiss","Birthday Girl ",21530,1775,"Ben Chaplin",1,"bank|bank clerk|birthday|mail order bride|russian","http://www.imdb.com/title/tt0188453/?ref_=fn_tt_tt_1",159,"English","UK","R",1.3e+07,2001,326,6.1,2.35,618
"Color","",22,42,NA,496,"Gabourey Sidibe",912,NA,"Drama|Music","Ta'Rhonda Jones","Empire             ",27418,4337,"Malik Yoba",2,"music business|new york city|record executive|record label|singer","http://www.imdb.com/title/tt3228904/?ref_=fn_tt_tt_1",92,"English","USA","TV-14",NA,NA,906,7.8,16,14000
"Color","Paul Weiland",128,101,10,681,"Beau Garrett",1000,46012734,"Comedy|Romance","Busy Philipps","Made of Honor ",54421,4298,"Kevin Sussman",2,"friend|love|maid|maid of honor|marriage","http://www.imdb.com/title/tt0866439/?ref_=fn_tt_tt_1",101,"English","USA","PG-13",4e+07,2008,689,5.8,2.35,3000
"Color","",22,60,NA,501,"Wayne Knight",23000,NA,"Comedy|Family|Sci-Fi","Joseph Gordon-Levitt","3rd Rock from the Sun             ",38383,25160,"Kristen Johnston",4,"alien|digit in title|human form|number 3 in title|talking on a rooftop","http://www.imdb.com/title/tt0115082/?ref_=fn_tt_tt_1",86,"English","USA","TV-PG",NA,NA,967,7.8,1.33,0
"Color","Wolfgang Petersen",96,293,249,18,"Martin Semmelrogge",362,11433134,"Adventure|Drama|Thriller|War","Jürgen Prochnow","Das Boot ",168203,469,"Herbert Grönemeyer",0,"duty|submarine|submarine movie|tension|u boat","http://www.imdb.com/title/tt0082096/?ref_=fn_tt_tt_1",426,"German","West Germany","R",1.4e+07,1981,21,8.4,1.85,11000
"Color","Lee Tamahori",133,104,93,878,"Billy Burke",11000,74058698,"Crime|Drama|Thriller","Morgan Freeman","Along Came a Spider ",59232,17109,"Monica Potter",0,"kidnapping|partner|ransom|school|secret service","http://www.imdb.com/title/tt0164334/?ref_=fn_tt_tt_1",317,"English","USA","R",6e+07,2001,2000,6.3,2.35,0
"Color","Fina Torres",72,92,26,417,"John de Lancie",1000,5018450,"Comedy|Fantasy|Romance","Harold Perrineau","Woman on Top ",8546,2687,"Mark Feuerstein",0,"cross dresser|food|friend|motion sickness|restaurant","http://www.imdb.com/title/tt0206420/?ref_=fn_tt_tt_1",86,"English","USA","R",8e+06,2000,905,5.3,2.35,859
"Color","Ernie Barbarash",36,104,249,96,"Aki Aleong",294,NA,"Action|Thriller","Darren Shahlavi","Pound of Flesh ",4099,835,"Brahim Achabbakhe",0,"fighting|hand to hand combat|jujitsu|kickboxing|organ","http://www.imdb.com/title/tt3488328/?ref_=fn_tt_tt_1",29,"English","Canada","R",7500000,2015,284,5.1,1.85,0
"Color","James Foley",120,100,164,99,"Al Pacino",18000,10725228,"Crime|Drama|Mystery","Kevin Spacey","Glengarry Glen Ross ",75675,32288,"Jude Ciccolella",1,"office|pressure|real estate|robbery|sales","http://www.imdb.com/title/tt0104348/?ref_=fn_tt_tt_1",365,"English","USA","R",12500000,1992,14000,7.8,2.35,0
"Color","Alex Ranarivelo",9,101,20,256,"Christina Moore",1000,NA,"Drama","Lea Thompson","The Dog Lover ",162,2419,"Cullen Douglas",NA,"","http://www.imdb.com/title/tt4063178/?ref_=fn_tt_tt_1",8,"English","USA","PG",2e+06,2016,301,4.8,2.35,724
"Color","Chris Miller",227,93,50,692,"Eric Idle",3000,320706665,"Adventure|Animation|Comedy|Family|Fantasy","Justin Timberlake","Shrek the Third ",211971,4705,"Rupert Everett",2,"disney spoof|fairy tale|prince|princess|tough guy","http://www.imdb.com/title/tt0413267/?ref_=fn_tt_tt_1",326,"English","USA","PG",1.6e+08,2007,795,6.1,1.85,0
"Color","Paul Schrader",130,93,261,697,"Ruby Dee",783,NA,"Fantasy|Horror|Thriller","Ed Begley Jr.","Cat People ",14193,3700,"John Heard",1,"cat|cat people|leopard|love|slip the undergarment","http://www.imdb.com/title/tt0083722/?ref_=fn_tt_tt_1",106,"English","USA","R",1.8e+07,1982,782,6.1,1.85,0
"Color","Gina Prince-Bythewood",109,110,107,549,"Alicia Keys",664,37766350,"Drama","Nate Parker","The Secret Life of Bees ",19440,3376,"Jennifer Hudson",5,"beekeeping|insect in title|racism|sister|south carolina","http://www.imdb.com/title/tt0416212/?ref_=fn_tt_tt_1",56,"English","USA","PG-13",1.1e+07,2008,551,7.3,2.35,0
"Color","Richard Shepard",151,93,47,13,"Mark Wingett",554,518134,"Comedy|Crime|Drama","Richard E. Grant","Dom Hemingway ",21243,1105,"Richard Graham",2,"male frontal nudity|male nudity|male rear nudity|nudity|sex scene","http://www.imdb.com/title/tt2402105/?ref_=fn_tt_tt_1",66,"English","UK","R",NA,2013,524,6.2,2.35,0
"Color","Je-kyu Kang",86,148,16,489,"Bin Won",717,1110186,"Action|Drama|War","Min-sik Choi","Tae Guk Gi: The Brotherhood of War ",31943,1730,"Dong-gun Jang",2,"1950s|archeologist|korea|korean war|soldier","http://www.imdb.com/title/tt0386064/?ref_=fn_tt_tt_1",224,"Korean","South Korea","R",12800000,2004,517,8.1,2.35,0
"Color","Warren P. Sonoda",9,105,28,131,"Mykel Shannon Jenkins",426,123777,"Action|Biography|Crime|Drama|Family|Fantasy","Diahann Carroll","The Masked Saint ",342,1043,"Lara Jean Chorostecki",0,"","http://www.imdb.com/title/tt3103166/?ref_=fn_tt_tt_1",15,"English","Canada","PG-13",3500000,2016,294,4.7,1.85,0
"Color","Rupert Wyatt",529,105,81,779,"David Oyelowo",11000,176740650,"Action|Drama|Sci-Fi|Thriller","James Franco","Rise of the Planet of the Apes ",403836,13118,"Tyler Labine",0,"alzheimer's disease|ape|chimpanzee|fire|when animals attack","http://www.imdb.com/title/tt1318514/?ref_=fn_tt_tt_1",646,"English","USA","PG-13",9.3e+07,2011,1000,7.6,2.35,47000
"Color","Mark Rosman",65,100,15,804,"Chris Noth",1000,16247775,"Comedy|Family|Romance","Ben Feldman","The Perfect Man ",23527,4789,"Vanessa Lengies",3,"e mail|moving|perfect man|secret admirer|suitor","http://www.imdb.com/title/tt0380623/?ref_=fn_tt_tt_1",104,"English","USA","PG",2.5e+07,2005,962,5.5,1.85,767
"Color","Niki Caro",155,126,51,874,"Charlize Theron",10000,18324242,"Drama","Jeremy Renner","North Country ",32815,20563,"Sissy Spacek",4,"based on true story|innocence|lawsuit|mine|sexual harassment","http://www.imdb.com/title/tt0395972/?ref_=fn_tt_tt_1",214,"English","USA","R",3.5e+07,2005,9000,7.3,2.35,0
"Color","Susanna White",97,109,24,167,"Bill Bailey",287,28995450,"Comedy|Family|Fantasy","Daniel Mays","Nanny McPhee Returns ",19230,855,"Eros Vlahos",5,"farm|magic|mother daughter relationship|overalls|title directed by female","http://www.imdb.com/title/tt1415283/?ref_=fn_tt_tt_1",59,"English","UK","PG",3.5e+07,2010,175,6.1,2.35,0
"Color","Paul McGuigan",159,110,118,287,"Spencer Wilding",11000,5773519,"Drama|Horror|Sci-Fi|Thriller","Daniel Radcliffe","Victor Frankenstein ",28621,12876,"Daniel Mays",2,"assistant|experiment|frankenstein|medical student|scientist","http://www.imdb.com/title/tt1976009/?ref_=fn_tt_tt_1",91,"English","USA","PG-13",4e+07,2015,1000,6,2.35,11000
"Color","Mike Mayhall",NA,88,14,668,"Cody Howard",784,NA,"Family","David Raizor","Running Forever ",8,3021,"Martin Kove",2,"","http://www.imdb.com/title/tt4453560/?ref_=fn_tt_tt_1",NA,"English","USA","",5e+06,2015,763,8.6,NA,49
"Color","Ron Underwood",35,114,31,372,"Mika Boorem",9000,50628009,"Action|Adventure|Family|Fantasy|Thriller","Charlize Theron","Mighty Joe Young ",22955,10731,"David Paymer",0,"animal|california|gorilla|hunter|poacher","http://www.imdb.com/title/tt0120751/?ref_=fn_tt_tt_1",88,"English","USA","PG",9e+07,1998,496,5.6,1.85,0
"Color","Wes Craven",195,120,0,221,"Jada Pinkett Smith",865,101334374,"Horror|Mystery","Omar Epps","Scream 2 ",124941,2321,"Kevin Williamson",5,"college|ghostface|killer|killing spree|murder","http://www.imdb.com/title/tt0120082/?ref_=fn_tt_tt_1",488,"English","USA","R",2.4e+07,1997,851,6.1,2.35,0
"Color","Gil Kenan",118,90,27,260,"Toby Jones",13000,7871693,"Adventure|Family|Fantasy|Sci-Fi","Bill Murray","City of Ember ",52908,15494,"Harry Treadaway",0,"box|food|mayor|pipeworks|scientist","http://www.imdb.com/title/tt0970411/?ref_=fn_tt_tt_1",102,"English","USA","PG",5.5e+07,2008,2000,6.5,2.35,0
"Color","John Herzfeld",151,120,17,808,"Charlize Theron",22000,24375436,"Action|Crime|Drama|Thriller","Robert De Niro","15 Minutes ",42547,33585,"Kelsey Grammer",1,"criminal|detective|fire|homicide|media","http://www.imdb.com/title/tt0179626/?ref_=fn_tt_tt_1",265,"English","USA","R",4.2e+07,2001,9000,6.1,2.35,748
"Color","Taylor Hackford",12,330,138,672,"Jesse Borrego",848,4496583,"Crime|Drama","Delroy Lindo","Blood In, Blood Out ",23181,3227,"Raymond Cruz",2,"1970s|1980s|barrio|gang war|mexican","http://www.imdb.com/title/tt0106469/?ref_=fn_tt_tt_1",129,"English","USA","R",3.5e+07,1993,674,8,1.66,6000
"Color","Sai Varadan",3,89,0,163,"Hassan Johnson",196,NA,"Drama","J.D. Williams","An American in Hollywood ",100,942,"Samantha Esteban",0,"place name in title","http://www.imdb.com/title/tt2125430/?ref_=fn_tt_tt_1",3,"English","USA","R",125000,2014,180,7.2,NA,72
"Color","Harry Elfont",76,100,4,678,"Lauren Ambrose",982,25339117,"Comedy|Romance","Ethan Embry","Can't Hardly Wait ",37885,4259,"Charlie Korsmo",4,"graduation|high school|letter|nerd|party","http://www.imdb.com/title/tt0127723/?ref_=fn_tt_tt_1",247,"English","USA","PG-13",1e+07,1998,945,6.5,1.85,0
"Color","Frank Oz",141,124,0,580,"Marlon Brando",22000,71069884,"Crime|Drama|Thriller","Robert De Niro","The Score ",101899,32871,"Gary Farmer",0,"partner|running|scepter|surveillance|thief","http://www.imdb.com/title/tt0227445/?ref_=fn_tt_tt_1",445,"English","USA","R",6.8e+07,2001,10000,6.8,2.35,0
"Color","Michael Cuesta",64,97,52,36,"Bruce Altman",80,1141829,"Crime|Drama","Adam LeFevre","L.I.E. ",8509,209,"Walter Masterson",1,"ephebophile|pederasty|pedophilia|playing hooky|shaving","http://www.imdb.com/title/tt0242587/?ref_=fn_tt_tt_1",109,"English","USA","NC-17",7e+05,2001,67,7.2,1.85,420
"Color","Collin Joseph Neal",7,75,14,130,"Thomas Brophy",252,NA,"Horror|Thriller","Julianne Gabert","Run, Hide, Die ",106,638,"Ronee Collins",0,"","http://www.imdb.com/title/tt2442662/?ref_=fn_tt_tt_1",5,"English","USA","",50000,2012,132,3.7,2.35,225
"Color","Richard Benjamin",15,105,121,384,"Alyson Hannigan",11000,13854000,"Comedy|Romance|Sci-Fi","Jon Lovitz","My Stepmother Is an Alien ",21079,14677,"Tony Jay",0,"alien|earth|female alien|mission|secret","http://www.imdb.com/title/tt0095687/?ref_=fn_tt_tt_1",55,"English","USA","PG-13",2e+07,1988,3000,5.2,1.85,818
"Color","David Gelb",152,83,26,801,"Mark Duplass",10000,25799043,"Horror|Sci-Fi|Thriller","Olivia Wilde","The Lazarus Effect ",28513,11771,"Donald Glover",0,"electrocuted|experiment|hell|serum|university","http://www.imdb.com/title/tt2918436/?ref_=fn_tt_tt_1",126,"English","USA","PG-13",3300000,2015,830,5.2,2.35,0
"Color","James Algar",129,74,11,62,"Penn Jillette",340,60507228,"Animation|Family|Fantasy|Music","Quincy Jones","Fantasia 2000 ",27543,814,"Russi Taylor",0,"abstract|ark|disney|fairy tale|piano","http://www.imdb.com/title/tt0120910/?ref_=fn_tt_tt_1",186,"English","USA","G",8e+07,1999,243,7.3,1.78,607
"Color","William Eubank",161,97,18,236,"Olivia Cooke",852,NA,"Sci-Fi|Thriller","Lin Shaye","The Signal ",48236,1922,"Beau Knapp",0,"computer hacker|girlfriend in a coma|nosebleed|prosthetic leg|road trip","http://www.imdb.com/title/tt2910814/?ref_=fn_tt_tt_1",180,"English","USA","PG-13",4e+06,2014,680,6.1,2.35,10000
"Color","Barbet Schroeder",40,101,58,497,"Michael Rapaport",12000,14942422,"Action|Crime|Thriller","Nicolas Cage","Kiss of Death ",14226,14008,"Philip Baker Hall",3,"beard|female nudity|police brutality|stripper|woman in lingerie","http://www.imdb.com/title/tt0113552/?ref_=fn_tt_tt_1",60,"English","USA","R",4e+07,1995,975,5.9,1.85,555
"Color","Ron Shelton",73,124,41,197,"Robert Wagner",512,8427204,"Comedy|Drama|Sport","Willie Garson","Play It to the Bone ",10100,1523,"Lolita Davidovich",0,"boxing movie|friendship|highway travel|male rear nudity|road movie","http://www.imdb.com/title/tt0196857/?ref_=fn_tt_tt_1",59,"English","USA","R",2.4e+07,1999,481,5.4,2.35,153
"Color","Roger Spottiswoode",170,123,55,956,"Michael Rapaport",3000,34543701,"Action|Mystery|Sci-Fi|Thriller","Robert Duvall","The 6th Day ",100001,5839,"Tony Goldwyn",1,"clone|cloning|future|laser gun|murder","http://www.imdb.com/title/tt0216216/?ref_=fn_tt_tt_1",289,"English","USA","PG-13",8.2e+07,2000,975,5.9,2.35,0
"Color","Michael O. Sajbel",46,114,6,633,"Drew Fuller",970,3420871,"Drama|Family|Romance","Bill Cobbs","The Ultimate Gift ",14100,3824,"Mircea Monroe",2,"billionaire|grandfather|playboy|trust fund baby|wealth","http://www.imdb.com/title/tt0482629/?ref_=fn_tt_tt_1",81,"English","USA","PG",NA,2006,906,7.4,1.85,0
"Color","Antoine Fuqua",305,124,845,424,"50 Cent",15000,52418902,"Drama|Sport","Jake Gyllenhaal","Southpaw ",147128,16881,"Oona Laurence",0,"boxer|boxing training|death of wife|male in shower|rage","http://www.imdb.com/title/tt1798684/?ref_=fn_tt_tt_1",277,"English","USA","R",3e+07,2015,1000,7.5,2.35,44000
"Color","Brad Copeland",9,87,8,424,"Ben Schwartz",34000,NA,"Comedy","Sunil Narkar","Coffee Town ",4204,35796,"Glenn Howerton",3,"barista|coffee|coffee shop|fight|insult","http://www.imdb.com/title/tt2234025/?ref_=fn_tt_tt_1",19,"English","USA","",2e+06,2013,463,6.6,2.35,0
"Color","Guillermo del Toro",224,117,0,845,"Thomas Kretschmann",12000,81645152,"Action|Horror|Sci-Fi|Thriller","Norman Reedus","Blade II ",158267,15371,"Tony Curran",1,"blade the character|cult film|mutation|vampire|warrior","http://www.imdb.com/title/tt0187738/?ref_=fn_tt_tt_1",559,"English","USA","R",5.4e+07,2002,919,6.7,1.85,0
"Color","John Simpson",24,99,0,268,"Lee Evans",766,NA,"Crime|Drama|Thriller","Colin Salmon","Freeze Frame ",2588,1650,"Ian McNeice",1,"alibi|box office flop|newspaper clipping|non statutory female on male rape|profiler","http://www.imdb.com/title/tt0363095/?ref_=fn_tt_tt_1",41,"English","UK","R",2e+06,2004,312,6.4,2.35,205
"Color","Johanna Schwartz",22,105,0,0,"Garba Touré",0,NA,"Documentary","Aliou Touré","They Will Have to Kill Us First ",74,0,"Khaira Arby",3,"","http://www.imdb.com/title/tt4333662/?ref_=fn_tt_tt_1",2,"French","UK","",4e+05,2015,0,7.7,NA,34
"Color","Fernando Meirelles",226,129,353,151,"Danny Huston",883,33565375,"Drama|Mystery|Romance|Thriller","Archie Panjabi","The Constant Gardener ",111351,1565,"Donald Sumpter",0,"death|diplomat|doctor|kenya|murder","http://www.imdb.com/title/tt0387131/?ref_=fn_tt_tt_1",568,"English","UK","R",1.5e+07,2005,430,7.5,1.85,0
"Color","Alex Smith",17,112,12,699,"Clea DuVall",33000,13134,"Drama|Sport","Ryan Gosling","The Slaughter Rule ",2004,35294,"Eddie Spears",2,"cheerleader|father son relationship|football coach|loss of father|mother son relationship","http://www.imdb.com/title/tt0266971/?ref_=fn_tt_tt_1",32,"English","USA","R",5e+05,2002,1000,6.1,2.35,183
"Color","D. Stevens",6,94,6,0,"Pierre Dulat",92,NA,"Drama|Thriller","Magi Avila","The Pet ",425,109,"Summer Napoles",0,"dominance submissiveness|female nudity|human branding|human pet|power exchange","http://www.imdb.com/title/tt0825728/?ref_=fn_tt_tt_1",24,"English","USA","",1e+06,2006,17,3.9,NA,91
" Black and White","Christopher Nolan",274,113,22000,379,"Thomas Lennon",716,25530884,"Mystery|Thriller","Callum Rennie","Memento ",845580,1997,"Jorja Fox",0,"flashback|memory|murder|short term memory|telephone","http://www.imdb.com/title/tt0209144/?ref_=fn_tt_tt_1",2067,"English","USA","R",9e+06,2000,651,8.5,2.35,40000
"Color","Daniel Barber",224,97,12,641,"Jack O'Connell",788,1818681,"Action|Crime|Drama|Thriller","Joseph Gilgun","Harry Brown ",74435,2486,"Sean Harris",1,"bayonet|death|police|self defense|widower","http://www.imdb.com/title/tt1289406/?ref_=fn_tt_tt_1",224,"English","UK","R",7300000,2009,698,7.2,2.35,0
"Color","John McTiernan",151,98,323,390,"Chris Klein",1000,18990542,"Action|Sci-Fi|Sport","LL Cool J","Rollerball ",22264,2763,"Andrew Bryniarski",3,"ball|blood|skating|song|year 2005","http://www.imdb.com/title/tt0246894/?ref_=fn_tt_tt_1",289,"English","USA","R",7e+07,2002,841,3,2.35,584
"Color","Morgan J. Freeman",31,90,204,697,"John Heard",1000,99147,"Drama","Ethan Suplee","Desert Blue ",1884,3207,"Sara Gilbert",3,"cola|desert|ice cream cone|teenage girl|vomiting","http://www.imdb.com/title/tt0126261/?ref_=fn_tt_tt_1",28,"English","USA","R",2e+06,1998,697,6.2,1.85,69
"Color","Dan O'Bannon",203,108,228,358,"Clu Gulager",431,NA,"Comedy|Horror|Sci-Fi","Linnea Quigley","The Return of the Living Dead ",39857,2020,"Beverly Randolph",0,"crematorium|female frontal nudity|naked dead woman|paramedic|poison gas","http://www.imdb.com/title/tt0089907/?ref_=fn_tt_tt_1",300,"English","USA","R",4e+06,1985,426,7.3,1.85,0
"Color","Simon West",139,123,165,744,"Monica Potter",12000,101087161,"Action|Crime|Thriller","Steve Buscemi","Con Air ",225282,15362,"Dave Chappelle",6,"army rangers|convict|criminal|escape|prison","http://www.imdb.com/title/tt0118880/?ref_=fn_tt_tt_1",339,"English","USA","R",7.5e+07,1997,878,6.8,2.35,0
"Color","Wes Craven",256,101,0,574,"Lin Shaye",40000,26505000,"Horror","Johnny Depp","A Nightmare on Elm Street ",149293,42918,"Amanda Wyss",1,"freddy krueger|lucid dream|serial killer|slasher|sleep deprivation","http://www.imdb.com/title/tt0087800/?ref_=fn_tt_tt_1",668,"English","USA","X",1800000,1984,852,7.5,1.85,10000
"Color","Debra Granik",365,100,81,179,"Shelley Waggener",34000,6531491,"Drama","Jennifer Lawrence","Winter's Bone ",111658,34446,"Lauren Sweetser",2,"bail|crystal meth|family relationships|female protagonist|search for father","http://www.imdb.com/title/tt1399683/?ref_=fn_tt_tt_1",297,"English","USA","R",2e+06,2010,248,7.2,1.85,20000
"Color","Inna Evlannikova",16,85,0,7,"Evgeniy Mironov",21,NA,"Adventure|Animation|Comedy|Family","Sergey Garmash","Space Dogs ",891,48,"Aleksandr Bashirov",0,"dog|flea|meteor|space|space dog","http://www.imdb.com/title/tt1272051/?ref_=fn_tt_tt_1",8,"Russian","Russia","G",2.5e+07,2010,15,5.2,NA,200
"Color","Patrick Read Johnson",16,100,32,175,"Royal Dano",610,15369573,"Adventure|Comedy|Sci-Fi","Ariana Richards","Spaced Invaders ",2580,1441,"Tonya Lee Williams",1,"alien|halloween|killer robot|outer space|wrestler costume","http://www.imdb.com/title/tt0100666/?ref_=fn_tt_tt_1",54,"English","USA","PG",3e+06,1990,232,5.3,1.85,710
"Color","Alejandro Amenábar",140,106,448,648,"Aaron Ashmore",9000,54734,"Crime|Drama|Mystery|Thriller","Emma Watson","Regression ",20821,10982,"Julian Richings",1,"inspired by true events|memory|minnesota|police|year 1990","http://www.imdb.com/title/tt3319920/?ref_=fn_tt_tt_1",62,"English","Spain","R",NA,2015,750,5.7,2.35,0
" Black and White","Henry Selick",310,100,253,57,"Dawn French",309,75280058,"Animation|Family|Fantasy","Jennifer Saunders","Coraline ",143121,647,"John Hodgman",1,"dream|new home|parallel worlds|scissors|secret door","http://www.imdb.com/title/tt0327597/?ref_=fn_tt_tt_1",279,"English","USA","PG",6e+07,2009,229,7.7,1.85,10000
"Color","Vidhu Vinod Chopra",22,101,34,277,"Chris Marquette",892,NA,"Action|Crime|Drama|Mystery|Thriller","María Valverde","Broken Horses ",1554,2055,"Chad Bishop",0,"","http://www.imdb.com/title/tt2503954/?ref_=fn_tt_tt_1",20,"English","USA","R",1.5e+07,2015,355,5.7,2.35,0
"Color","Yash Chopra",29,192,147,397,"Preity Zinta",8000,2921738,"Drama|Musical|Romance","Shah Rukh Khan","Veer-Zaara ",34449,9984,"Anupam Kher",0,"fair|pakistan|prison|rescue|stranded","http://www.imdb.com/title/tt0420332/?ref_=fn_tt_tt_1",119,"Hindi","India","",7e+06,2004,860,7.9,2.35,2000
"Color","Stephen Frears",354,98,350,322,"Mare Winningham",1000,37707719,"Biography|Drama","Steve Coogan","Philomena ",76094,2376,"Peter Hermann",2,"catholic|convent|gay love|gay relationship|irish adoption board","http://www.imdb.com/title/tt2431286/?ref_=fn_tt_tt_1",233,"English","UK","PG-13",1.2e+07,2013,482,7.6,1.85,37000
"Color","Yimou Zhang",136,146,611,28,"Ni Ni",23000,9213,"Drama|History|Romance|War","Christian Bale","The Flowers of War ",38690,23240,"Shigeo Kobayashi",2,"abusive stepfather|attempted rape|food shortage|sexual abuse|starving child","http://www.imdb.com/title/tt1410063/?ref_=fn_tt_tt_1",130,"Mandarin","China","R",9.4e+07,2011,196,7.6,2.35,13000
"Color","Pitof",212,87,26,566,"Christopher Heyerdahl",827,40198710,"Action|Crime|Fantasy|Romance|Thriller","Frances Conroy","Catwoman ",87451,3144,"Alex Borstein",0,"based on cult comic book|bechdel test passed|cat|detective|radical transformation","http://www.imdb.com/title/tt0327554/?ref_=fn_tt_tt_1",660,"English","USA","PG-13",1e+08,2004,825,3.3,2.35,0
"Color","Reginald Hudlin",64,99,71,584,"Jerry Stiller",2000,16930185,"Comedy|Romance","Matthew Perry","Serving Sara ",14315,4169,"Vincent Pastore",2,"divorce|divorce papers|new york|process server|texas","http://www.imdb.com/title/tt0261289/?ref_=fn_tt_tt_1",101,"English","Germany","PG-13",2.9e+07,2002,719,5.3,1.85,201
"Color","Kimberly Peirce",123,118,108,103,"Brendan Sexton III",173,11533945,"Biography|Crime|Drama|Romance","Alicia Goranson","Boys Don't Cry ",77551,563,"Jeannetta Arnette",0,"drinking|female dressed as male|love|nebraska|transgender","http://www.imdb.com/title/tt0171804/?ref_=fn_tt_tt_1",434,"English","USA","R",2e+06,1999,148,7.6,1.85,0
"Color","Pan Nalin",15,102,95,NA,"",NA,16892,"Documentary","","Ayurveda: Art of Being ",341,0,"",0,"eastern philosophy|healing|india|life","http://www.imdb.com/title/tt0221809/?ref_=fn_tt_tt_1",12,"English","India","",3e+05,2001,NA,7.6,1.85,379
"Color","Vincenzo Natali",38,90,165,150,"Angelo Tsarouchas",686,NA,"Comedy|Fantasy","David Hewlett","Nothing ",5137,1298,"Marie-Josée Croze",0,"imagination|one word title|part animation|surrealism|virtual reality","http://www.imdb.com/title/tt0298482/?ref_=fn_tt_tt_1",50,"English","Canada","R",NA,2003,246,6.3,2.35,688
"Color","Clint Eastwood",249,134,16000,235,"Steve Schirripa",880,47034272,"Biography|Drama|Music|Musical","Johnny Cannizzaro","Jersey Boys ",25465,2281,"Scott Vance",1,"band|music group|musical quartet|singer|song","http://www.imdb.com/title/tt1742044/?ref_=fn_tt_tt_1",190,"English","USA","R",4e+07,2014,413,6.9,2.35,16000
"Color","Warren Beatty",72,105,631,327,"Warren Beatty",678,103738726,"Action|Comedy|Crime|Music|Romance|Thriller","Charlie Korsmo","Dick Tracy ",47819,2096,"Seymour Cassel",1,"crime boss|detective|dick tracy|gangster|orphan","http://www.imdb.com/title/tt0099422/?ref_=fn_tt_tt_1",164,"English","USA","PG",1e+08,1990,631,6.1,1.85,2000
"Color","Billy Ray",129,99,53,491,"Rosario Dawson",4000,2207975,"Drama|History","Hayden Christensen","Shattered Glass ",28855,8297,"Cas Anvar",0,"fabricated facts|journalist|stephen glass|the new republic|writer","http://www.imdb.com/title/tt0323944/?ref_=fn_tt_tt_1",190,"English","USA","PG-13",6e+06,2003,3000,7.2,2.35,0
"Color","Stephen Carpenter",64,84,12,102,"Angela Featherstone",159,3100650,"Drama|Horror|Mystery|Thriller","Melissa Sagemiller","Soul Survivors ",7277,417,"Candace Kroslak",4,"car accident|college|ghost|girl in panties|white panties","http://www.imdb.com/title/tt0218619/?ref_=fn_tt_tt_1",181,"English","USA","PG-13",1.4e+07,2001,102,3.9,1.85,231
"Color","Paul W.S. Anderson",172,130,545,552,"Joely Richardson",722,26616590,"Horror|Sci-Fi|Thriller","Sean Pertwee","Event Horizon ",120416,2525,"Kathleen Quinlan",0,"solar system|space|spaceship|starship|year 2047","http://www.imdb.com/title/tt0119081/?ref_=fn_tt_tt_1",857,"English","UK","R",6e+07,1997,585,6.7,2.35,10000
"Color","Ronny Yu",273,97,31,662,"Jason Ritter",918,82163317,"Action|Horror|Thriller","Katharine Isabelle","Freddy vs. Jason ",89101,4692,"Zack Ward",0,"elm street|freddy krueger|jason voorhees|serial killer|slasher","http://www.imdb.com/title/tt0329101/?ref_=fn_tt_tt_1",885,"English","USA","R",3e+07,2003,782,5.8,2.35,3000
"Color","Tom McCarthy",154,89,310,587,"Joe Lo Truglio",22000,5739376,"Comedy|Drama","Peter Dinklage","The Station Agent ",58260,24419,"Paula Garcés",0,"abandoned|depot|dwarf|newfoundland new jersey|train","http://www.imdb.com/title/tt0340377/?ref_=fn_tt_tt_1",286,"English","USA","R",5e+05,2003,833,7.7,1.85,0
"Color","Jon Favreau",136,101,4000,539,"Josh Hutcherson",17000,28045540,"Action|Adventure|Comedy|Family|Fantasy|Sci-Fi","Kristen Stewart","Zathura: A Space Adventure ",67707,32232,"Jonah Bobo",0,"2000s|coke|meeting future self|reference to spongebob squarepants|sony","http://www.imdb.com/title/tt0406375/?ref_=fn_tt_tt_1",202,"English","USA","PG",6.5e+07,2005,14000,6.1,1.85,0
"Color","Oliver Parker",56,100,32,621,"Rupert Everett",785,NA,"Comedy","Lily Cole","St. Trinian's ",18220,3135,"Tamsin Egerton",5,"2000s|female protagonist|reward|school|st trinian's","http://www.imdb.com/title/tt0964587/?ref_=fn_tt_tt_1",102,"English","UK","PG-13",13500000,2007,692,5.8,1.85,0
"Color","Paul Bolger",93,75,0,677,"George Carlin",4000,15519841,"Adventure|Animation|Comedy|Family|Fantasy","Sarah Michelle Gellar","Happily N'Ever After ",8693,6863,"Rob Paulsen",3,"apostrophe in title|cinderella|first of series|punctuation in title|three word title","http://www.imdb.com/title/tt0308353/?ref_=fn_tt_tt_1",71,"English","USA","PG",4.7e+07,2006,769,4.5,1.85,261
"Color","Richard Linklater",548,165,0,127,"Lorelei Linklater",230,25359200,"Drama","Ellar Coltrane","Boyhood ",266020,673,"Libby Villari",0,"12 year time span|coming of age|domestic abuse|growing up|separated parents","http://www.imdb.com/title/tt1065073/?ref_=fn_tt_tt_1",836,"English","USA","R",4e+06,2014,193,8,1.85,92000
"Color","Kevin Smith",164,102,0,769,"Mike Starr",939,25266129,"Comedy|Drama|Romance","Stephen Root","Jersey Girl ",54346,3592,"George Carlin",5,"baby|childbirth|death|karma|publicist","http://www.imdb.com/title/tt0300051/?ref_=fn_tt_tt_1",358,"English","USA","PG-13",3.5e+07,2004,854,6.2,2.35,0
"Color","Cristian Mungiu",233,113,163,27,"Vlad Ivanov",131,1185783,"Drama","Anamaria Marinca","4 Months, 3 Weeks and 2 Days ",44763,264,"Alexandru Potocean",0,"female rear nudity|friend|hotel|rainy night|towel","http://www.imdb.com/title/tt1032846/?ref_=fn_tt_tt_1",172,"Romanian","Romania","Not Rated",590000,2007,60,7.9,1.85,14000
"Color","Lee Toland Krieger",193,92,43,172,"Janel Parrish",904,3094687,"Comedy|Drama|Romance","Ari Graynor","Celeste & Jesse Forever ",24391,1751,"Rob Huebel",2,"best friends|friendship|masturbation|reference to matthias steiner|single","http://www.imdb.com/title/tt1405365/?ref_=fn_tt_tt_1",61,"English","USA","R",NA,2012,517,6.7,2.35,0
"Color","Simon Wincer",71,92,23,162,"Paul Hogan",460,25590119,"Adventure|Comedy|Crime","Jere Burns","Crocodile Dundee in Los Angeles ",19699,1315,"Linda Kozlowski",0,"boat|crocodile|garbage can|knife|paramount pictures","http://www.imdb.com/title/tt0231402/?ref_=fn_tt_tt_1",119,"English","Australia","PG",21150000,2001,442,4.8,1.85,387
"Color","Richard Lester",95,125,44,420,"Robert Vaughn",593,60000000,"Action|Comedy|Sci-Fi","Margot Kidder","Superman III ",49934,2329,"Jackie Cooper",1,"computer|high school|kryptonite|smallville|villain","http://www.imdb.com/title/tt0086393/?ref_=fn_tt_tt_1",224,"English","UK","PG",3.9e+07,1983,542,4.9,2.35,0
"Color","Russell Crowe",183,111,0,234,"Ryan Corr",523,4190530,"Drama|War","Cem Yilmaz","The Water Diviner ",53341,1795,"Steve Bastoni",0,"australian|battle|battle of gallipoli|gallipoli|world war one","http://www.imdb.com/title/tt3007512/?ref_=fn_tt_tt_1",185,"English","Australia","R",22500000,2014,468,7.1,2.35,18000
"Color","Neil LaBute",165,110,119,332,"Justin Chambers",1000,39263506,"Crime|Drama|Thriller","Jay Hernandez","Lakeview Terrace ",40469,2382,"Robert Pine",1,"interracial couple|lapd|male nudity|neighbor|nudity","http://www.imdb.com/title/tt0947802/?ref_=fn_tt_tt_1",135,"English","USA","PG-13",2.2e+07,2008,931,6.1,2.35,0
"Color","Kevin Smith",203,107,0,574,"Tracy Morgan",13000,44867349,"Action|Comedy|Crime","Bruce Willis","Cop Out ",75347,14483,"Kevin Pollak",2,"baseball card|detective|partner|thief|wedding","http://www.imdb.com/title/tt1385867/?ref_=fn_tt_tt_1",176,"English","USA","R",3.7e+07,2010,642,5.6,2.35,0
"Color","Frank Darabont",128,152,0,745,"Hal Holbrook",940,27796042,"Drama|Romance","Martin Landau","The Majestic ",45031,4310,"Jeffrey DeMunn",1,"amnesia|california|communist|small town|writer","http://www.imdb.com/title/tt0268995/?ref_=fn_tt_tt_1",376,"English","USA","PG",7.2e+07,2001,826,6.9,1.85,0
"Color","Peter Cattaneo",122,91,11,121,"Mark Addy",1000,45857453,"Comedy|Drama|Music","Tom Wilkinson","The Full Monty ",82232,2323,"Lesley Sharp",3,"dole|male stripper|northern england|steel worker|unemployment","http://www.imdb.com/title/tt0119164/?ref_=fn_tt_tt_1",174,"English","UK","R",3500000,1997,891,7.2,1.85,0
"Color","Roger Spottiswoode",160,119,55,387,"Colin Salmon",811,125332007,"Action|Adventure|Thriller","Vincent Schiavelli","Tomorrow Never Dies ",149680,2958,"Joe Don Baker",3,"ex boyfriend ex girlfriend relationship|media tycoon|megalomaniac|official james bond series|world war three","http://www.imdb.com/title/tt0120347/?ref_=fn_tt_tt_1",328,"English","UK","PG-13",1.1e+08,1997,766,6.5,2.35,0
"Color","Andrew Dominik",273,160,181,820,"Jeremy Renner",11000,3904982,"Biography|Crime|Drama|History|Western","Brad Pitt","The Assassination of Jesse James by the Coward Robert Ford ",136104,22516,"Sam Shepard",0,"long title|outlaw|robbery|train|train robbery","http://www.imdb.com/title/tt0443680/?ref_=fn_tt_tt_1",415,"English","USA","R",3e+07,2007,10000,7.5,2.35,0
"Color","Pat O'Connor",94,119,7,903,"Charlize Theron",18000,25178165,"Drama|Romance","Keanu Reeves","Sweet November ",70292,29484,"Frank Langella",1,"advertising|cancer|dog|san francisco california|terminal illness","http://www.imdb.com/title/tt0230838/?ref_=fn_tt_tt_1",274,"English","USA","PG-13",4e+07,2001,9000,6.7,1.85,8000
"Color","Norman Jewison",66,181,278,51,"Paul Michael Glaser",402,50000000,"Drama|Family|Musical|Romance","Topol","Fiddler on the Roof ",29839,934,"Rosalind Harris",0,"immigration|jewish|pogrom|tradition|tradition versus modernity","http://www.imdb.com/title/tt0067093/?ref_=fn_tt_tt_1",150,"English","USA","G",9e+06,1971,343,8,2.35,0
"Color","Fabián Bielinsky",94,114,44,7,"Gastón Pauls",827,1221261,"Crime|Drama|Thriller","Ricardo Darín","Nine Queens ",38215,856,"Leticia Brédice",0,"con artist|hotel|partner|scam|stamp","http://www.imdb.com/title/tt0247586/?ref_=fn_tt_tt_1",125,"Spanish","Argentina","R",1500000,2000,22,7.9,1.85,0
"Color","Baltasar Kormákur",361,121,175,221,"Martin Henderson",963,43247140,"Adventure|Biography|Drama|History|Sport|Thriller","Michael Kelly","Everest ",134625,2131,"Tom Goodman-Hill",0,"blizzard|mount everest|mountain|mountain climbing|snow","http://www.imdb.com/title/tt2719848/?ref_=fn_tt_tt_1",265,"English","UK","PG-13",5.5e+07,2015,580,7.1,2.35,40000
"Color","Siddiq Barmak",105,83,6,0,"Zubaida Sahar",30,1127331,"Drama","Marina Golbahari","Osama ",7559,30,"Mohamad Haref Harati",1,"boy|girl|hair|school|taliban","http://www.imdb.com/title/tt0368913/?ref_=fn_tt_tt_1",77,"Dari","Afghanistan","PG-13",46000,2003,0,7.4,1.85,0
" Black and White","Joel Schumacher",153,143,541,530,"Minnie Driver",18000,51225796,"Drama|Musical|Romance|Thriller","Gerard Butler","The Phantom of the Opera ",96654,20660,"Miranda Richardson",0,"based on stage musical based on novel|disfigurement|mask|opera|singer","http://www.imdb.com/title/tt0293508/?ref_=fn_tt_tt_1",2047,"English","UK","PG-13",7e+07,2004,893,7.4,2.35,0
"Color","Jay Duplass",223,91,157,224,"Tim Guinee",490,7455447,"Comedy|Drama|Romance","Matt Walsh","Cyrus ",29967,1136,"Katie Aselton",2,"21 year old|forename as title|musician|party|rearview mirror","http://www.imdb.com/title/tt1336617/?ref_=fn_tt_tt_1",126,"English","USA","R",7e+06,2010,259,6.3,1.85,0
"Color","Walter Salles",71,113,179,11,"Matheus Nachtergaele",119,5595428,"Drama","Fernanda Montenegro","Central Station ",28951,167,"Othon Bastos",0,"brazil|letter|rio de janeiro brazil|sertao|teacher","http://www.imdb.com/title/tt0140888/?ref_=fn_tt_tt_1",257,"Portuguese","Brazil","R",2900000,1998,14,8,2.35,0
"Color","",19,27,NA,201,"Riley Keough",934,NA,"Drama","Mary Lynn Rajskub","The Girlfriend Experience             ",3282,1961,"Paul Sparks",0,"escort|female nudity|friendship|money|sex scene","http://www.imdb.com/title/tt3846642/?ref_=fn_tt_tt_1",17,"English","USA","TV-MA",NA,NA,691,7.3,NA,632
"Color","Joe Wright",177,135,456,241,"Brenda Blethyn",422,38372662,"Drama|Romance","Talulah Riley","Pride & Prejudice ",193455,1083,"Simon Woods",2,"bachelor|england|gentleman|georgian|love","http://www.imdb.com/title/tt0414387/?ref_=fn_tt_tt_1",1058,"English","France","PG",2.8e+07,2005,286,7.8,2.35,17000
"Color","Sean Anders",196,116,51,465,"Christoph Waltz",18000,54414716,"Comedy|Crime","Kevin Spacey","Horrible Bosses 2 ",114294,30571,"Lindsay Sloane",7,"kidnapping|reference to franz beckenbauer|scene during end credits|second part|singing in a car","http://www.imdb.com/title/tt2170439/?ref_=fn_tt_tt_1",187,"English","USA","R",4.2e+07,2014,11000,6.3,2.35,12000
"Color","James Toback",54,84,56,13,"Natasha Gregson Wagner",21000,1950218,"Comedy|Drama","Robert Downey Jr.","Two Girls and a Guy ",5933,21124,"Angel David",3,"actor|anilingus|double cross|funeral home|two timing","http://www.imdb.com/title/tt0124179/?ref_=fn_tt_tt_1",102,"English","USA","R",1e+06,1997,104,5.6,1.85,387
